bd29edf2-e0fb-44cd-8332-3e5bb27e30f8,1542211133009
580cbc5f-5fce-48fc-bdbc-d0f6106f45f7,1542211165709
eb99ec81-b45b-4bcc-b427-297c41e22f04,1542211269395
40264227-7367-4605-9807-0de370cee531,1542211292754
4dd120c8-0916-4605-9595-0cadf4e14cad,1542211444562
2833064c-02c3-4ea8-a213-7122454c1f5e,1542211482131
272c9637-a88d-4bc6-ae67-c127783de6ca,1542211495395
b53984c9-6a15-49bf-8dec-c06ce435760c,1542211508839
520c70a2-7ef3-46b2-b3fa-5439918084df,1542211566361
a9b0ecb2-8290-4027-97a4-a4fdbfdbe640,1542211591516
62d74de7-2253-4b62-aa33-a0bf405f2b55,1542211649724
5d83d7ac-a36a-4114-9110-0822bd501b6a,1542211654663
8e5b01e1-f3be-4ef5-abf7-8df99246bba1,1542211662469
25675704-38fb-4976-ac95-7e0aa9fecd68,1542211695206
2b0fcd94-797e-4d0f-8c20-17f873b8eb95,1542211695601
b16d0097-ca64-4ae0-af75-25f7fdff72b0,1542212053883
3da100e9-ede0-4726-8f76-b1ed2d58c9b2,1542212054279
0b6dbb58-4eea-45e5-b312-977a05094780,1542212111195
aafc42e1-def4-4bb6-83c0-b208cf188375,1542212227274
4efe2b4b-369d-4551-89c8-e613794aaa7a,1542212498614
7db26920-7eef-40c9-8739-92f0ae1aaf63,1542212568497
517ad03c-23b2-4023-a2aa-24e5e3f8682f,1542212568573
cde35fcc-38e2-4220-b2d2-0f44a694f10c,1542212568665
8081e25d-6699-4102-9d45-15e36b5fdcc7,1542212568722
1f42a8c0-1d33-4d13-8d83-f81853492621,1542212568788
c9355a59-0df2-4833-8f93-df501a6d6214,1542212568850
84729d5e-8f5d-4d48-86e8-72e6e1a633b3,1542212568908
9a9a9ce0-7f6f-4711-bedc-ed59078db290,1542212568968
5e302f45-a3b1-42de-a085-8903cb29af23,1542212569028
30365964-e393-4a14-a495-c6e1c7ba98fc,1542212569095
7ae57e78-2ad8-4a07-a95c-ccea34bc9026,1542212632547
d4e2ff9e-c75a-40fb-bea1-d2092f95a79b,1542212632622
26fde3c4-d8ec-4d94-8bb7-638432c76d80,1542212632698
088c6586-31c6-4a3f-8d72-4d427b926f02,1542212632771
7b5379e8-277c-4f59-82aa-0a556541033f,1542212632854
f38ab7c2-12da-48d5-a75a-dd586093d7f2,1542212632925
a0fa5235-bd7f-47b0-bd55-220c48acc41a,1542212633007
45e94ee0-4e93-4989-bc87-a1a2bcddf5c3,1542212633085
05a9c204-aed4-4d22-a622-5d62ac2ab5ce,1542212633161
0fff651b-ef71-4df9-924b-36770975badb,1542212633236
546c7120-7076-4f74-870b-9265cd60d3da,1542212633315
8602f0a3-d1fc-47fb-80f5-8e25c5972021,1542212633390
c30736e6-a139-4bd5-ab04-f89dde4ddb3d,1542212633461
224526f9-94ea-4406-ad12-b2709dd0e0f4,1542212633532
a8768162-42c2-4689-a6ab-3cfb47366370,1542212633607
1479c675-79a9-445f-84a2-7bf7ac0cd3c1,1542212633683
aac92431-0318-4785-beec-78c15d76fb38,1542212633772
61b8db43-a96b-4b39-9698-fb2fd4f60b6c,1542212633840
b13d17f6-600a-450d-89fd-f73c90f99c88,1542212633916
46b1451a-1e28-4b44-938b-ad1549c53b96,1542212633982
2671dc33-fc34-478d-9184-0613fabec8f3,1542212634051
0b494f18-778d-4ed6-a64e-4ba6479953e6,1542212634118
64d4b039-a301-405e-afe4-feda918e3085,1542212634186
7b176a01-4036-484e-ae01-d3e9db840f9e,1542212634253
060fd05e-4659-4ef3-9ab5-3eca1943dd86,1542212634323
9b2739d2-eead-41a6-9496-4d5915d8a335,1542212634389
97d53bf7-d827-49c5-ade9-09c410b49591,1542212634457
0a6c26ef-9e76-4392-b4f6-91a0c6cd68d1,1542212634524
4441ab37-b289-4045-8cc6-470490a2c06c,1542212634587
4d50af05-e1ae-4073-9c58-f4d45066f586,1542212634659
152f7194-7658-47ba-a172-be030f6d7906,1542212634722
b407091b-2252-4395-92bc-45a3a303b9fe,1542212634791
8682ade7-a932-499b-bbb3-d615a827a0a2,1542212634857
47e38f46-3802-47c3-9355-f9b7eb206ef0,1542212634925
909abdf3-d6e1-453b-a0ae-c5b084319722,1542212634997
21377fa5-1926-4592-9650-f59e21124b13,1542212635071
962752f7-b414-4f53-b368-0ad39ebe8702,1542212635142
805d2c1f-31b1-4c30-8001-900e4e296680,1542212635206
eef70f9e-db23-416b-a4c1-29f2c09ebaad,1542212635277
eb44f7aa-7d69-4e78-9b3d-9a9100bfb43d,1542212635346
1c8f8e10-6079-4fa2-8f89-416466fff34b,1542212635419
de87aba2-ad8c-4fec-b7b0-f8ced9d61070,1542212635485
1173dd3f-dab0-4be9-bd98-9ed1578a31e7,1542212635555
7cd71f43-c9b9-469e-b656-c3b12c7db3bd,1542212635626
7b2d46ba-5d96-46ee-99b6-1ef02fbf3c96,1542212635697
947e06e3-e291-4cac-a3c0-3051a81b31d9,1542212635764
bfb0784a-6ba0-4ebf-99bd-04da6ec203bf,1542212635835
d8a11f2c-646a-43a6-8095-92fddb5417ed,1542212635898
91dc6e04-f3e3-42fe-9988-c0b8b25078be,1542212635966
1ce4aef0-81e4-4f7d-8125-229733079495,1542212636037
29525542-2099-44f4-af47-004d307994bf,1542212636105
64946531-49af-4a73-a66a-b9a4f2afa88c,1542212636174
507ccb9a-6f19-4d0b-a6bb-91ca4a483113,1542212636240
52b8bf22-be4d-4128-b1b8-5dd1092de521,1542212636308
2238658a-a14a-497f-b4c0-81764bb19552,1542212636377
d2f209c5-b099-43e5-abfa-44ade9a250ea,1542212636447
482c7c0f-b21b-4243-8bd2-174976da8281,1542212636514
e460e619-aa3f-47a7-bd41-5f415f227b40,1542212636585
f91c3432-2db3-4b86-a48a-e608e03feeb4,1542212636657
88e04271-b0b3-4432-862f-bf819f8052c2,1542212636724
aed2a69f-6894-4086-9f21-6a9ccceb87da,1542212636792
3609489f-f3d2-4cec-a030-121e8e63c7e6,1542212636855
001dbdd0-316c-4614-acb1-5a70e2f5b0a2,1542212636927
61b13338-dd4d-402a-b4d4-ba33864d7018,1542212636998
0651c2f0-e59b-4be1-91c9-93b75847698e,1542212637068
d41ce63b-ed6a-4433-b65d-7cfecaf4023a,1542212637140
d2bcb28d-c8a5-45a3-9ffc-bdf7a8d3bb46,1542212637209
07a68128-a59b-4d94-abd3-f9f8322e4b80,1542212637273
630b09ae-1abe-4d91-b310-99ed89b0689b,1542212637339
8b6b127e-2f0a-44b5-8bc0-606a48df7691,1542212637406
f1da9304-9245-4059-800c-07d6e1923a76,1542212637474
2210fbe9-d1ab-4131-95db-a87c24111c92,1542212637539
755a0769-add2-4b79-abc5-32f45609dea4,1542212637609
e5cc337b-0fd2-43d3-bea0-28c48d199bb6,1542212637678
f3609018-856b-4b08-8feb-cddfa1b17c31,1542212637748
35c1e17e-b149-4330-a08a-4ec34eacd6c4,1542212637813
e465e0ad-da45-483d-8fed-21e56a207043,1542212637878
24c07a82-5d2a-4383-879e-3828c16e5ac8,1542212637945
bf6e1c00-704d-4423-907a-39f7e66f7ea3,1542212638009
52b352fc-7f8b-416e-a75f-ffda3ab35552,1542212638078
ee55c474-0509-4f69-b3e6-4e727a04a9a9,1542212638146
19acd73e-7591-4cad-9b7f-a09d26ae46f1,1542212638215
7181f6ee-efbd-4940-8c96-daf6f96f2374,1542212638280
5afcec7c-e6c6-47e2-824d-d0c00006f8fe,1542212638349
83b11726-a9df-40f5-8fe5-269e9247bf59,1542212638415
8636d8f8-a967-40b5-9ad5-76b34f430a0c,1542212638487
33ed3398-d35f-4d20-8454-a7793eee852f,1542212638552
58088721-35ef-4038-9eab-2362082614be,1542212638620
52aae462-3793-4bb1-88a8-a8b47b8b2d61,1542212638691
b82f43ec-41a5-4a59-86c5-d663c2724067,1542212638759
0bb36adf-b824-49cf-a4cb-4fb3ce94771e,1542212638829
372837b8-2a7f-4ea4-8907-382f02295d2d,1542212638902
50a1f63e-9b61-437c-80d6-8772c2e33093,1542212638978
84d53282-9610-4f7e-8f0d-d09becd8b7e0,1542212639065
4d14138d-38c3-446d-997f-d9d2f2b9d924,1542212639139
08b536dd-0b68-4622-a8f4-ff9968ccdaa8,1542212639218
6af1c3ff-2785-4cd7-b2be-d86ec4a04b31,1542212639296
0b4d8ca8-f02c-47b9-a77c-f93b61e01a48,1542212639377
bf9bb8c2-2a30-4408-8b5e-bb668519a53a,1542212639477
0bc8268b-9be4-4637-ab5a-7f7c660dad65,1542212639556
2539248b-6bad-4fbf-82ba-80bf3d5756cd,1542212679393
fea4303e-3b9e-4ac5-bb42-24b835147ea9,1542212679470
cdedf8fa-7d3e-4fae-b0c1-08ebfef0620e,1542212679539
3aad0c34-578f-451a-879c-dcd046822fb9,1542212679609
fae713e9-1b50-49ea-a12a-32222a5ca5d2,1542212679680
4d13e4db-e96d-4037-ae53-5a5896cb98f5,1542212679751
906d51db-edeb-4dbc-bfa7-4bbc73ab21bd,1542212679823
30d5e4c7-5095-4155-8e00-1846174e1982,1542212679897
ebc1d202-1c7e-4167-b64d-457c72121179,1542212679970
2ec91227-fe9d-4bd6-bf6f-4ef439ccabc8,1542212680040
fbe22709-f406-4d32-9522-8e96a9de96df,1542212680112
ca02412f-9d62-442f-ac60-4ad9bc5eef63,1542212680191
e51f0ec0-56c7-4c9e-bdd8-1c1d98639ff5,1542212680259
be9ad28d-9acc-4e28-9b55-326cf411575b,1542212680336
9ea86a00-3258-4d04-9733-d4e30126e5d4,1542212680405
394ca7dc-b220-4ccc-94c6-db177daa392b,1542212680472
3ccfb287-e697-4227-8843-56638f140900,1542212680542
bacb0667-d259-41a5-a0cd-cc577c5c5145,1542212680610
1820b29d-a0a0-4b8d-b61e-4942a478d962,1542212680678
7e847786-8c96-4dcf-ad71-3df8b9c59403,1542212680742
4fb59ca1-c1ee-41e6-b96c-49dd7cf2a003,1542212680814
0e4b181a-932a-4102-a6d4-90a825f1ad0a,1542212680883
eca7f5a7-bf1b-4229-8a13-f06352d28b1c,1542212680950
be8c723c-2701-4a16-ab91-1c771f184caa,1542212681019
606567e7-7258-44f0-983a-2653de00b64a,1542212681084
5131f3b9-d967-437e-9010-ac1cda6c5d38,1542212681153
35e6078d-1268-4f9a-b69f-a0d6f3c5dcf7,1542212681219
2987b4f7-0ceb-44f9-a6d2-a1d50b34deb3,1542212681288
3591f099-bee2-4464-9789-9e94b11015a6,1542212681359
bc642c29-d75d-4b85-a0dc-ea57d3784b70,1542212681426
a4bd6614-310b-4db2-a315-c47bf06faf25,1542212681489
360093c6-31fa-48c9-8c84-f79147108c7d,1542212681555
f2fc0bf1-e8a1-46df-950e-b29e0c2e5f4d,1542212681621
b0db7a2c-5a51-4ac2-b710-8800b0cf1bfa,1542212681684
51c1a2ec-3d2e-4f49-9585-f65aced2a867,1542212681746
7700e828-93c3-42f0-af3a-9154edddc74d,1542212681814
47f013b6-ff94-40d0-a7ac-8040841b7dbc,1542212681879
b11650b1-2068-4f49-966b-23e43684aadf,1542212681948
2beaa7bf-4293-4b40-b9ca-6c86a257a6eb,1542212682018
63a1346a-f851-4916-b9a9-e6629b2e1afb,1542212682089
a3a499a9-4527-4901-8cf8-b8ceb64598de,1542212682154
f7b8fff3-ae57-49b5-9508-06fbcac02176,1542212682218
8fff7ceb-aa5d-44ae-87af-fdaf668af889,1542212682283
9986eeb2-469f-4145-b188-29cda6504fe7,1542212682349
9757cfb6-648b-4f7e-acc6-6e09f0746f1c,1542212682414
d3259bd0-b18d-4b92-86a3-1c2efb98a6c9,1542212682487
54b91c90-e537-40ba-af7e-eb0dccc3c596,1542212682556
4c71af56-3d8c-4ee5-ba3c-42fb4535298e,1542212682625
4d86ec4d-c36c-49a7-9ecf-b33d048e7332,1542212682694
6119095b-2e09-436c-87a3-8c3fa087d706,1542212682763
55058fce-7bde-4bdd-b978-51ca27c23244,1542212682829
d2842a2c-3cd4-4d7a-9cc5-7d3e485c45fd,1542212682896
d2926365-f524-4490-b6be-a2d1d23aa5d2,1542212682968
fa07f04b-4eb3-4731-848a-513cd134b2f1,1542212683031
33534383-8704-4cc6-abea-ec66855fb1c9,1542212683099
2ca1503a-eff8-4ded-b4fa-14ab953398df,1542212683170
1f712433-568e-4acf-99d7-9f383e20213c,1542212683235
9541a2fe-e315-434e-83ce-a4c5906a934c,1542212683304
524ba935-883b-4b96-b32e-db9b910027fc,1542212683376
3bdf2d0b-d4f1-41b5-aa94-cc3ecf86506c,1542212683439
1d5782f6-6193-4826-a588-7d39601279c5,1542212683507
24d34570-36cb-4211-b37b-ae85ac7f4384,1542212683577
0ac6b850-aad0-43d6-b6d1-11b81f13ba90,1542212683650
91a52d59-75c6-42bf-aefa-539ca996b513,1542212683715
0b7ed62e-d5eb-4b0b-ac7a-77c76458bb34,1542212683778
8e2adf7d-0374-4573-a538-e4d413a9a5d3,1542212683844
e7a5a651-8e54-4bf6-8680-c72ce4765885,1542212683911
979a890e-36f4-4f00-82a0-94a02c4f5567,1542212683980
e598b055-d6cf-4221-a15b-9813afd10416,1542212684047
fa035b1a-cc5b-434d-b14e-ab1b5f28c9f9,1542212684110
a53b750c-49c1-4ec6-bbb5-6bd02e97ad5b,1542212684172
02a3796d-870a-4663-bbe4-ecd46e9892b8,1542212684237
04b5f382-8ae7-4f1b-9f89-7c8c111f81f5,1542212684301
8092533d-d63e-4380-9558-7ec7280b17e7,1542212684367
ec5eaf9c-9296-4ce5-93b5-2ac9997cef96,1542212684435
d8ae417f-27f2-4fd6-b1d7-7ba6296dde86,1542212684504
68efc0c3-7f9f-4e4f-82ff-b264818fa3b8,1542212684570
b8a250a6-c5e0-4f23-9217-0d730f91879b,1542212684635
4e2397c9-bb0f-47f4-ba13-01af172499d0,1542212684703
69f0d20f-dd27-4786-b312-a410dfcf5f61,1542212684804
47e3b28a-be0f-4b1e-88b1-ce282a17f75b,1542212684885
c3c4ebea-e156-49b9-a209-89eaba48bdcd,1542212684956
0396b5e8-d3f4-4164-af5d-6a05eba554ac,1542212685024
ffbd221b-aea8-4086-998d-de907024ee17,1542212685095
60002379-56ac-4ffe-a05e-981a0851e5ec,1542212685164
830e207a-3ca4-4a2b-a355-dd7984c94735,1542212685231
da24b70b-63db-493b-9d74-c1c47b3af5e4,1542212685385
2a36b60d-acfe-4ad7-8c8b-f31748e8a0ec,1542212685450
2a8d25cc-d572-488c-afd8-a82c9029bee3,1542212685517
452d5acd-1a8d-44f4-8649-399f8134d7e1,1542212685585
5123d460-213b-4fcf-a42c-ef42e9c1c0d3,1542212685657
b00db903-5175-4348-a259-6026b84e9f20,1542212685725
a5284927-eaa0-4ce4-b46e-5586910e35fd,1542212685792
ca017239-3f36-4c05-b099-7eb941007c1e,1542212685863
320312e1-9b57-4d46-bdbb-fbcaa75d8a55,1542212685931
2d9debdc-4707-4857-9f06-2ff80ea0ca9f,1542212685992
90b90e4c-98de-4226-8c23-3bcbcef0b0ad,1542212686057
1e0c40b5-6319-42e0-84d9-32059fe12548,1542212686128
5e9567c7-4fab-4dba-bcd9-9d2282c1cef9,1542212686193
39a2d368-5bb6-4b68-bd3b-a5d61b93e195,1542212686265
9ad7f9e6-cfae-4ef1-a780-3ac6c94886e3,1542213238368
d483a8a1-97a8-4aee-86d6-874b824fc3ee,1542213238445
1b795bd0-f3bb-4836-a196-b653985b371a,1542213238516
f3538c7f-98da-4e62-ad29-c0d9131f8df1,1542213238589
ea4efb21-59d2-41fb-aba4-1f8e34d3b318,1542213238662
882948bf-3eb0-4730-b5f0-39100e0bca9f,1542213238739
e62f4293-021d-4f36-adb9-1f7746fcfa1f,1542213238809
5005568a-dc42-4b95-a0eb-857952609ebe,1542213238877
7110d12f-8b11-4a9f-b39d-1b2bf7d5fe1a,1542213238948
90ed787c-5b38-465c-a2f5-47894b0c7ef2,1542213239016
395685f3-f49e-409e-9ef3-bd607b8ba4ce,1542213239089
0ed92a13-a6c9-4fc2-a792-6d95a8813278,1542213239162
99ee3c12-184f-4095-9afb-165095e05617,1542213239231
3978a252-8e3b-46e2-85ed-9cd6719a80e1,1542213239303
a760666b-0197-4d8f-b945-bc0400ec53d4,1542213239372
767d7ce7-2c13-4f89-a061-6cbcbc9b6a33,1542213239442
9925de6e-3803-433b-b502-f05b20070581,1542213239517
ab415611-b9d4-442a-85f3-a006f572dfc9,1542213239584
1674be6f-78ad-4ae5-abcf-7130c08b2e36,1542213239656
634b9b94-6117-4f8b-8808-4c6cc5a7baed,1542213239727
2eb953a3-e529-43c1-a32f-f49ef7edbda2,1542213239795
f3c88c20-388b-48b2-bd52-38c155a16e2f,1542213239863
a9c67af3-cd8f-4cb4-88a8-142441108852,1542213239929
929add65-9fb9-47f9-8e1e-0c282209fca1,1542213239997
5fd5bc81-0cb2-4fd1-a677-947627299b72,1542213240068
43f124fe-cfd0-478a-bc9b-1bf912bb9b77,1542213240134
bc13040c-d282-4a9b-8dcd-57b03482e22d,1542213240214
6e6f871b-0ea0-4571-b870-3be81df8b9cf,1542213240285
8de0d8da-1898-4055-8c67-68baa0ab53a7,1542213240356
2f08a90f-eb54-4de7-ba33-442623a2be10,1542213240424
e85cf783-c2c8-43e6-8777-ae9f805e9db3,1542213240492
51d15de1-02c4-43b5-ab3e-6e035e41705c,1542213240563
f2af16bf-8f34-4477-9aed-2f0cf06a9449,1542213240635
8fc956f5-86fd-4778-9d85-d8c54a87f179,1542213240702
4a3548ff-cf5d-48f1-a917-d62d7cb7ef70,1542213240774
0e7bee5c-0c24-41f6-86a6-0540d2d956d4,1542213240842
41f21a3a-542c-489b-bfe0-679f5d988944,1542213240912
031c8d65-816f-44eb-abf4-7d607f7d1a45,1542213240981
a5022ee0-c32b-4ae2-a593-887df903e271,1542213241055
805f7e7a-6128-4808-b0e7-2f13ec94b2ca,1542213241129
b62f3284-4897-4abf-ba1f-c128239651d0,1542213241197
350754bf-6353-4f17-828e-96403a348b05,1542213241265
4c94d4d3-a633-4772-bbe6-62ae84181a3c,1542213241329
b96bb711-074a-4f09-b275-1d82149a4f03,1542213241400
ab2e0204-9737-46ea-8955-45c65d63538f,1542213241469
3c10423d-5ab2-4afc-ae09-8b374b25fbe5,1542213241538
02f6a7d9-cf65-4615-b83f-c0bfa0f32244,1542213241608
526cb64a-e903-4869-a6d1-7eebaa6c51e4,1542213241677
9915a43b-af92-425e-9216-cbcf7e87cf31,1542213241747
6234452e-a38b-4bb8-b131-f544380508d7,1542213241811
71b5140b-ee63-4e84-a24b-640779ecffda,1542213241876
df3c3029-4c22-4d62-b4dd-96d3107a79d2,1542213241940
b4ae625f-77d5-4164-9231-8c4e4498b183,1542213242004
1f68e9dd-a25a-4efc-a2eb-d83d8a26bc04,1542213242070
74be139d-8465-4c63-a9c1-93cb414a2488,1542213242137
c4296b9b-a98c-480a-822f-4fd5d465df2a,1542213242205
a529bd19-4ea5-4b29-9385-4f5283d56298,1542213242275
8870b4b1-562e-46e7-9418-ea4e28a3bdda,1542213242347
6f8f35c1-8e28-4671-a678-a139d92dd214,1542213242412
1ff618f4-c04f-4f81-a0bc-8c85bfd38f95,1542213242482
9bc175ca-9b3d-4def-bc09-ed4afb038c29,1542213242575
13cdda02-c4cb-4975-a5b4-5ba02f5795fa,1542213242644
5991ce58-0eac-4236-8ffc-5e0009975f6d,1542213242715
841d62f3-cfd9-4f99-ba65-987a81ffc8f9,1542213242780
1591caec-e45a-40ed-9b9b-41565048ac52,1542213242847
d0b4ea39-54fc-461b-9968-4fd0f11a5d25,1542213242916
1c020ba8-cf0d-48b3-ae8b-48572d28f08e,1542213242982
1d4012c7-e461-4e26-88ce-1704a4ed3732,1542213243052
a9dad282-f277-43de-abc6-1289a4da6d30,1542213243115
72cd7dad-c528-4775-90a5-1ed2db6db410,1542213243184
24a3ac98-1f2d-4e3c-8487-356ff26e837b,1542213243254
639b2cd1-a91d-4c53-a95d-6e58b64f424e,1542213243322
408e1ef4-2004-435e-b180-66f336482d9a,1542213243393
fef77136-b306-4dbf-b8c4-9289036c772a,1542213243882
1466fe66-429b-4147-999f-5874cdc6a2f2,1542213243947
5a802651-23ca-44c6-954c-497bf8291504,1542213244032
528b0e98-fdbe-4ea7-9285-f750320f0c8e,1542213244102
5743f863-66a6-4801-9181-049956683dec,1542213244172
feb83664-8cf1-4c2e-b043-f43c3169ea03,1542213244241
e867055c-0edf-4f83-9b76-dbe1cb92c14a,1542213244310
594a957c-7b42-431d-be46-473d21636eca,1542213244376
93969a10-22b8-4291-8df4-d36742b2fe42,1542213244446
617a0dfd-712e-4376-b962-bcecda17152e,1542213244509
c0d98270-b396-4af9-99e9-5cf28d589f04,1542213244576
c0aea2c8-71ac-4fc5-8cdc-8522f7c62f76,1542213244643
3c642746-f772-4d29-88e1-0c963611a568,1542213244713
57b06c3a-d5c4-4051-9264-f843f793eff1,1542213244781
c6c594a7-09c3-4c45-aa62-a81eed4cb9a7,1542213244853
24f87b2f-65c9-4372-980c-addc97900c70,1542213244917
45a8e4c1-aa8a-44fb-8426-b6cb8ba09c51,1542213244985
77002d8b-1c31-48e0-96fb-260d16664046,1542213245056
cac67ef7-1541-461b-8c27-8e2af9914712,1542213245122
8895b2c5-9652-462d-a637-2af01b5371ac,1542213245190
33659da9-48ac-4968-8534-89ee9fda8000,1542213245261
09292986-730e-4839-85bd-0cef2a156755,1542213245331
f5b34aac-3471-43fc-8700-d9344e61ad24,1542213245398
97848616-c9b2-459d-b4ec-7f8a8fe73be2,1542213245467
a80939c3-f617-496c-98f4-30e230936cb1,1542213245538
ba9f3c47-f439-4b1c-b533-163efde2a2b0,1542213245604
a0b09706-11f5-438c-9d1c-069db83e6f08,1542213245676
6c6aedc3-15fd-4bbb-b224-a65f4984a06d,1542213255694
8e2898e9-2404-40dd-bd03-6197ea057c80,1542213255768
bc6448b2-fbdb-493c-b683-1420f804329c,1542213255832
ab786585-d389-4f1a-bf64-f1571b427bed,1542213255903
224d385a-e454-4348-8e78-dea73714ceed,1542213255974
c1049d27-9570-4c3f-b090-689de54e9d01,1542213256049
ae39fda3-eced-4e06-9d6b-8171ad4fc2fa,1542213256121
c2587943-9f1e-478b-9e12-abb8cc73361d,1542213256193
a9bc0b92-c98a-4dee-95dd-d4469e074957,1542213256263
efeabef6-0729-42bb-b8cc-34940ae347bc,1542213256334
ed1d743b-8f5a-4459-a0f9-6740aca0c5ce,1542213317403
f3f92940-3c13-48d4-aa9e-4756a113dc61,1542213352343
56e31d8b-ee1a-4761-8d63-907c22322468,1542213367217
e3fe2f23-e0ff-47d9-9471-a3f7be09a26c,1542213367286
32506c22-d537-45dc-b609-f245acd10e51,1542213367355
c4004c00-4cc2-4b2c-a3a0-a8cb635a9d5a,1542213367419
1874f8ed-0e04-4f58-8d17-588379ae27b1,1542213367487
eb3e3d8e-11d6-4fc0-98a5-910108c6225f,1542213367556
9c26f846-8647-4793-95d5-a827a7cca437,1542213367628
d62b6265-bb45-41d6-81c8-bdff3fa6c3c1,1542213367697
3a41a15f-596e-4cd3-ae64-6d1a5a49e77e,1542213367767
6d5c1e09-0915-4d3a-8cb0-343456dccf95,1542213367829
af5c4e0b-d277-44b7-b860-3d12571411cb,1542213449569
5e55c098-cfd3-4604-85bb-d2a343e89f15,1542213449646
712873ab-5e6b-45b4-9369-d8dd561a764c,1542213483030
09fa3cd7-03e0-496a-8ccd-e860e529402b,1542213483102
782af2a4-bd41-4822-bd05-c188cce7f733,1542213622807
fc2a90df-1fbe-4630-9089-9bc4ad681715,1542213622884
c7f1882c-4666-4b2e-ba0d-2ee05ee4c9d4,1542213638012
504be072-2b9b-46d1-a15d-2c5a61eb4865,1542213638082
e902e906-904a-4e44-abb2-5d5e68dd1673,1542213638152
0c3ee8a0-50e6-4b1a-91a4-ba11fedbf0c5,1542213638217
5c364efb-98c9-4025-9fab-4dc7d5a00837,1542213638287
187f8381-7ce7-4edd-a088-77b9cfdff4fe,1542213638356
f90e683f-78ea-4203-a11a-24cdfacece13,1542213638426
635f6143-75f2-4583-8266-8bda52eac5b3,1542213638494
5fec7fe3-85ad-49e9-b5e2-aa46eabb5c6f,1542213638559
59a7c967-c64f-4326-b18b-07a7d46a10f5,1542213638626
74b1105c-931c-4358-b30e-b46dc21b544a,1542213665087
8b36816c-c8a5-43e4-af91-627c34a49da7,1542213665158
aae7fb3f-2901-4974-86f5-b7ac0e083272,1542213665228
1030e961-a588-470b-b549-dad1bb9169c3,1542213665292
e7eafdda-2b03-4ec3-afd9-fe0418439ed1,1542213665362
a36568f1-bdc6-40d5-95c3-78045497f204,1542213665431
07e450cc-bc5f-4cd4-bec7-ca321ac4388a,1542213665499
822e4ad0-c7b3-4a60-90cf-ee9b53b1c922,1542213665561
083647f4-eec7-4099-ab69-577abc856be2,1542213665631
69a8a795-e06b-4bc6-b8f0-31650a7a461d,1542213665699
b1558f5a-8bee-4f9b-8825-1e9dc368e3de,1542225500992
5d05073b-a09e-4f0c-844d-e4755562d0cc,1542225530768
38b6cec1-c6ff-427e-8c9d-4b1bba2c975f,1542225558341
a22295c4-1413-4231-bfb4-5105b9c47d8e,1542225621995
2590fa54-5be8-4eb1-934d-1edc3fc7c9fe,1542225622055
fe837806-a88a-4658-8a21-b1010ab86075,1542225622112
1076318c-276e-41a9-b1ed-466ec10dc5b0,1542225622170
c3e0d9fe-4758-4739-a298-1300b8690224,1542225622226
939f6d67-edc0-493f-bba5-09b6eee4455f,1542225622284
b7d7b309-f3e5-4f17-a777-d3860ac1010e,1542225622338
1d3fff3e-7f1e-4274-8fd6-3961c6c475c2,1542225622395
1dc00ef9-bf83-469d-8165-0a4734ecf78d,1542225622451
d79a8c29-055e-4fcf-b16b-0f3381d980b0,1542225622506
dd21c18b-9988-4175-99a0-de0ee7592c3d,1542225810754
219d0209-0a32-4e4e-ac0a-0331825470e5,1542225810812
5bf7db43-0244-4668-b37b-ec4d1cfaaa44,1542225810867
584fa342-da58-47ea-8388-e5a9455d5775,1542225810925
30a07357-1dcf-4fed-b8f3-019430af98ba,1542225810982
666868de-9bfc-4a3e-a261-57bd20926196,1542225811037
adf22f5a-8a41-40fd-a26d-f6bb2dce5db1,1542225811096
fdfb4a24-5cc7-4e6d-aecc-7c9f159a49c2,1542225811153
bee74128-1312-4571-a070-b824e5e804bc,1542225811213
00f00bfc-9fbe-4ee8-a5b9-ab13f784cdf1,1542225811267
c7578f82-2bdb-48c3-ab00-0ccfa1c11470,1542225848324
13b750e0-0407-45c5-988c-f9ea060c930c,1542225848380
a911592f-9726-4cf1-88d3-ad4d90f1b8d6,1542225848435
26b44d50-cbc9-430c-93cc-9e70b0769fd4,1542225848490
d6d4561f-1ccb-4002-8822-9f51e89de689,1542225848546
2762d8fe-698b-41ff-bd9c-dcd0a1bad941,1542225848605
b30055dc-c032-46de-b000-60818f5b1eef,1542225848661
f87bca5b-b0c4-4c04-947a-f26bbf075ff2,1542225848719
38c97181-1ed2-4b0d-a3d4-fa41655a1266,1542225848775
f33c0977-d9d9-442f-a35e-760da738f545,1542225848830
6d6b5d45-1447-4cee-bea9-9e7b14863458,1542225848888
02c0ed26-e821-4817-830c-ec5d3d576916,1542225848942
0f996ad5-c89d-44ae-bd31-73a7bf54d36d,1542225848997
167c2ab6-842b-4fa0-903e-e433ddc720d1,1542225849052
493102e0-c4c5-4eb5-9ad0-562e7a7ed568,1542225849107
66df9644-489e-432e-b357-15c03f4716a2,1542225849159
236face6-da64-4b53-838d-7e4f8e4a320c,1542225849217
0d8998fe-7b73-40b0-9a22-2faf2f675346,1542225849271
c69cd4a0-5053-4700-b700-0a4952f45e16,1542225849324
d365b68b-4caf-41ea-9cf4-bfa262c45c46,1542225849376
e0c2cba5-6c46-411a-8fa3-c626b68d1301,1542225900393
5d05befb-e479-4b33-a078-abce06a243d7,1542225900457
ae48fd3d-a7c0-4216-86ec-7783f56e22cb,1542225900513
8e51a074-8ed6-4ac7-a884-74b7dd27648c,1542225900570
2f6be446-6bc1-440c-8d30-7f0fc70eee3d,1542225900625
8735f1b3-7411-49e0-90a3-22ed1b6eba97,1542225900678
19eb6698-7c64-466a-a458-e98d6bf62c51,1542225900734
d8fc28b3-3fd9-45d7-9d8c-99dfe56e9e3a,1542225900791
7003ef7a-0271-4019-9dd8-983443affae4,1542225900843
1b4cf973-f0f3-4613-aed4-602e169950d7,1542225900898
b074beff-a260-485a-ac8b-d180d283c81e,1542225900953
8f029535-e851-4d28-8ab9-ba5547cf394d,1542225901010
72692265-d330-44f9-9911-0eb8686b9dfe,1542225901061
236ee481-c421-4c57-b2d5-ea943ea38555,1542225901117
28bfd49f-0791-45c4-b319-24231fb5d17c,1542225901173
1aec1e91-5f50-45e2-be29-0fd702159e6d,1542225901228
99270466-3ebd-41ed-989a-994a72ad22e3,1542225901282
98e8b5b6-865e-4ec4-936b-ab841bad3527,1542225901335
0cbf8b0a-4abf-451e-83c6-32caa5baf8b0,1542225901387
2f47bc2a-607c-4e17-93fd-48e06120af62,1542225901440
34b6e223-d39f-485f-b2d9-6a391f70b617,1542225981471
44ecc528-d5b8-4225-87b5-6388adc2696b,1542225981529
31d7a573-4dfe-488f-80ab-d2c6f0693a56,1542225981584
83ac2feb-2dbb-4aa9-95ee-397dd4d76a8d,1542225981642
0325a8c4-9bbc-4d0a-8d02-efb12ad31ed2,1542225981696
ccdbf564-9602-483b-bf40-c1732b2b019e,1542225981750
ec144b77-5587-4645-8a80-e9ea0103801a,1542225981810
b20e103e-878d-43a1-8269-ec7f1e9baa7b,1542225981865
1230b1b9-5032-4013-9f87-b43f8f0aee53,1542225981920
bb71c6f8-608b-4ef6-a7cc-6cba03bf707f,1542225981974
c4f07649-4223-4a4e-afff-41c14545c444,1542225982032
fee84c66-581d-44ea-8e95-f57b3e4476a9,1542225982090
cc708037-27b0-47ad-a42e-867e2ed9f4c3,1542225982144
e87fce5a-7982-4dd6-a95b-d8744c618ceb,1542225982201
6be85250-c30c-443a-847b-73cd3424928f,1542225982258
a870e8a9-3569-4620-9cf8-931e8e19decd,1542225982313
51795351-79d5-4b7a-a9d0-172f4a2e8f78,1542225982368
7d97147b-a829-45b9-91fe-448eda2014b3,1542225982422
96422ac5-c0a3-4d62-a4f4-dadbd819caf3,1542225982473
83323bda-2c36-48f6-b506-45265a0e3bdd,1542225982527
