b1f1a8bc-0677-41b2-b5ef-8cecab084ea8,1539715113596,1539715146494,32898
64c1103e-02e2-4f4f-869f-fb3dbf6ba543,1539715111775,1539715129532,17757
d71212ba-6fb0-4443-b428-ce8d128d3e5f,1539715112952,1539715141387,28435
c65d429e-6ff6-43cd-a9cc-51e0db7999cd,1539715110427,1539715112499,2072
5311dbaa-9351-42cb-af81-72cf997620bc,1539715113985,1539715147889,33904
6390760f-4900-41b1-99dd-2be968cb0648,1539715110799,1539715117109,6310
90a166b0-6aa0-4c86-b2f6-fd43415f2645,1539715114793,1539715150754,35961
77b8ef73-f821-44a9-bde5-158ea9ecd064,1539715112210,1539715134056,21846
00d2a660-0d7a-4a7a-bffe-90b85881a878,1539715114381,1539715149337,34956
f3a881e5-2c05-408b-ac1d-8ef234127cb7,1539715110961,1539715118743,7782
6e14ff8a-ccf2-45ab-ad6b-1199c1f340c4,1539715113637,1539715146695,33058
2b76570d-a7de-44c0-9e95-600cfa849b8e,1539715114210,1539715148809,34599
93d1378d-cc18-4296-9026-5133a1cf568f,1539715111072,1539715120119,9047
79012b50-20ca-491c-a63d-56623db1c9f6,1539715113189,1539715142944,29755
3335b877-1b47-4c94-9de9-b0f525082525,1539715112095,1539715133142,21047
b87d9fb4-80bd-43c9-8d32-26df5dbb2263,1539715112366,1539715135339,22973
57ce6713-f27f-4092-a6f2-5deb151b0490,1539715113281,1539715143937,30656
f7b642df-ac9d-459a-ba0b-dc1e10be5cbb,1539715113647,1539715146735,33088
44c3a883-9151-49a2-b641-3e2f25570f57,1539715111268,1539715122515,11247
219c7569-2c55-4900-8de4-f4f67a37426e,1539715112924,1539715141129,28205
5fbe5048-f42e-41c5-a728-4c4eaac32ee9,1539715113246,1539715143496,30250
2c5aaf7d-a9ca-4b94-a6b7-38e85a418899,1539715114445,1539715149617,35172
992b6e03-2e52-48fd-aa91-ea0a3e7d3df3,1539715113610,1539715146577,32967
3cf33c30-9458-42b5-8974-0707f9d8d8bb,1539715110645,1539715115158,4513
fdaa92ee-92ab-4337-933b-65af5b4a0679,1539715114585,1539715150155,35570
eb3d54e5-6635-4d81-b513-90444ba45665,1539715112692,1539715139378,26686
d1fd6953-526c-4af9-b451-9930687e6026,1539715113355,1539715144748,31393
535deaab-94fe-4a48-90c3-3ddbb9c40230,1539715114057,1539715148172,34115
238f752c-4930-4662-b5a7-ed3d23351365,1539715112513,1539715137018,24505
bc6ccd5a-5317-41ff-8c47-b6fc2b0ad2e9,1539715110386,1539715111797,1411
a69b7196-6fa2-4d2f-8e02-3fd815241db0,1539715115038,1539715151656,36618
4a5f3160-e7f1-4924-898a-cd721bfc8513,1539715115701,1539715154305,38604
6deb6a7c-009e-4f51-80fd-90b81730f0b1,1539715112331,1539715134898,22567
91fb9138-b884-4f29-b186-0367048cc132,1539715113394,1539715145215,31821
91108687-9d6f-446c-923b-e1cd76b1197b,1539715114216,1539715148825,34609
5823de7f-c1ee-478d-b96b-6e16ce59911f,1539715110405,1539715112196,1791
2dd678b5-acc5-4446-9dad-768a162a0a09,1539715110492,1539715113391,2899
8890b938-12c9-4e27-b6e8-ad8becbe4b56,1539715113600,1539715146529,32929
308b1fc3-2382-451d-b85e-bb401e001c8f,1539715111281,1539715122694,11413
63e34f03-db69-4b5e-a4b7-2c1ca45ca575,1539715115275,1539715152584,37309
5d89a51f-579e-48d3-b090-2bba41d4713d,1539715111403,1539715124223,12820
a2f5ea09-9720-41cd-8913-dd478d4ade3c,1539715115561,1539715153799,38238
9f2041e9-5336-4e9d-9282-197cf33621b6,1539715114711,1539715150483,35772
9339af44-64cb-4b3f-9129-0d53df7f487f,1539715115681,1539715154209,38528
548a77b6-8fc8-4ffc-9895-9f05e6212812,1539715110468,1539715113121,2653
f34be328-930f-4419-a668-93f54076be24,1539715111235,1539715122064,10829
701b4c78-f7dd-4d71-b934-e117f2c8c0f1,1539715110296,1539715110721,425
8934c16c-b25f-4b8c-b0c8-0ff77673d234,1539715111875,1539715130813,18938
f8215232-a854-4c14-a166-9afa0dc5e95f,1539715114647,1539715150300,35653
60e6cbd2-7183-41f2-8b32-94d59c920c30,1539715115456,1539715153381,37925
71c12e28-edf4-41f2-a955-8d7a6f15ce20,1539715111207,1539715121879,10672
2c03287a-442d-4f8a-944d-c59922c7e34f,1539715113826,1539715147309,33483
0beed9dd-e9df-4b5d-a502-2f28e1e20b46,1539715115625,1539715154023,38398
5203738d-c17b-4574-b4f8-63b77725df33,1539715111460,1539715125277,13817
8ff16d7e-ccba-4721-ac62-ae42cefa6513,1539715114523,1539715149917,35394
fe70ccc1-0f3c-42f2-9107-3948434a82ae,1539715114603,1539715150201,35598
4de2502f-0dd8-4742-8db9-0db3db29d381,1539715114008,1539715147968,33960
d4fce3e4-0be7-4b21-9012-fec98e7fc596,1539715110325,1539715110901,576
8f28e5e2-2792-48aa-9b69-207964ab5250,1539715115824,1539715154639,38815
62222520-a25e-4449-bbc6-8e974064375d,1539715111697,1539715128416,16719
ccf9b1d8-54fd-4e13-9c52-a9b012e11a77,1539715115667,1539715154194,38527
74889b1f-7e06-43c1-97aa-82c6e55dd7d7,1539715111560,1539715126848,15288
10cae4ad-8413-482d-854a-c159c8bc8e83,1539715110441,1539715112681,2240
8bd51805-cdbf-4535-b4ab-a0d03889e509,1539715111975,1539715131586,19611
f62c3b71-54d3-4797-959a-7f3178f6ed46,1539715115461,1539715153430,37969
4ef6e885-d936-455f-bb91-ebdcc81d365c,1539715113830,1539715147329,33499
821e3e81-b4ec-4280-a6e2-1bea0b7a6da6,1539715111605,1539715127616,16011
14dba65e-9fa9-48c3-be27-01d4015f5a24,1539715113792,1539715147165,33373
1fe65f13-f4c3-4f01-aac8-247ca5f8e3ef,1539715111054,1539715119739,8685
fe168d38-5288-43fb-8a77-a85899d4f531,1539715114751,1539715150581,35830
e8255d07-9541-4748-aa1e-8a124f0a0e3d,1539715111816,1539715129987,18171
509a45df-3008-447e-8998-5609b03261df,1539715111398,1539715124126,12728
db1b3835-6646-4695-a855-22c02c01064b,1539715113802,1539715147201,33399
1ac822e4-6a87-41b0-8270-913a8008f56b,1539715114654,1539715150317,35663
a977e465-c367-4359-a07e-3989d5d33a22,1539715113966,1539715147848,33882
eb842c8f-1192-4134-9629-c2d6dc6f7884,1539715115524,1539715153663,38139
2c7ab67d-e906-4da1-841c-6e95b3e393fa,1539715114323,1539715149118,34795
c14f1d14-c116-42f0-b68e-35a476f8bfa5,1539715111353,1539715123504,12151
ea699e21-72c5-4b38-92d3-39fa4c8109ae,1539715114780,1539715150693,35913
5bfa128b-b77c-4a7a-8e52-69486b95740c,1539715113587,1539715146464,32877
5fae3d6b-170f-4233-8330-ba3006507571,1539715114078,1539715148231,34153
ccbc15cb-d915-4eb9-bc51-8e4275fcf0a2,1539715114183,1539715148703,34520
4ff44426-748b-4950-8ad3-e1f15082b157,1539715111039,1539715119577,8538
99dc1e42-0198-419b-a7cd-50145a3c1e1a,1539715112111,1539715133296,21185
4fe2367d-56ce-42d0-88fa-de657720b9db,1539715111756,1539715129286,17530
f71497a7-f873-4ede-9057-d0d203981dc9,1539715114048,1539715148138,34090
3e551777-9bb7-4e9f-8aa8-6e5bfb8adc29,1539715114029,1539715148058,34029
b389937a-9276-48ed-ba83-e26422a9f19d,1539715114484,1539715149803,35319
e7a455eb-e040-490c-80df-6d7ea1d9d307,1539715114371,1539715149299,34928
16ac1855-33f7-4bf5-89a6-6ea6812ffedb,1539715114976,1539715151437,36461
a13cd329-9d9f-419a-ae84-3c837925ad9b,1539715112560,1539715137628,25068
09d4ea93-4560-4d11-b6d0-df655705cd40,1539715111638,1539715127843,16205
89ee9e67-8673-4acb-8942-f4226c145a4e,1539715110724,1539715116184,5460
5951f9dc-2624-431d-97e6-bc1bf103d5d5,1539715113750,1539715147045,33295
9a19d6f6-bb68-44df-a646-0ff7641e0523,1539715112904,1539715140796,27892
fc210634-fde5-455e-86c4-d562a6c9c936,1539715115835,1539715154670,38835
414dae16-2ea2-4865-96c7-fb15fbe6f1da,1539715114496,1539715149850,35354
886b25bd-928e-4b3c-9834-cfef69225265,1539715115533,1539715153706,38173
65c49a04-9006-4d3c-b714-8e59f5a78e90,1539715111546,1539715126677,15131
999c6449-ef27-40c6-8522-6db4da13df04,1539715113089,1539715142581,29492
912c52cc-2c15-4b93-9f7c-e3ee2755b6c3,1539715114196,1539715148757,34561
3f2f8740-f77e-466e-b019-d7940bea3e23,1539715110860,1539715117859,6999
0921911f-ecc3-4d55-b4c5-33828ea74674,1539715111738,1539715129013,17275
3f307948-2786-49d5-8b8d-de5b1b1625a8,1539715113619,1539715146622,33003
bd7ffe90-fb9c-4b44-8bda-053be6b86ae7,1539715113628,1539715146657,33029
f5029f97-7356-42ef-9752-f9f3d635af96,1539715110498,1539715113491,2993
45a81b95-d07f-4cbd-a092-69dac683ba70,1539715112576,1539715137898,25322
5a363e39-e903-4a72-a4df-4f84dc1c7813,1539715111596,1539715127427,15831
782a4dba-08bf-409c-91ac-2bd2f664d305,1539715112433,1539715135981,23548
26be344c-2c39-4814-b291-c6d2eb037826,1539715113497,1539715145933,32436
ebba9e2c-fb63-4eb6-a10a-85d0050cc79c,1539715112438,1539715136001,23563
cb8aef89-5c5c-4e95-a85e-92e5e30b5ddd,1539715112973,1539715141451,28478
89a5eee1-f597-4152-a2df-7044f548ac7d,1539715114889,1539715151078,36189
388979e0-3144-48b1-bcd9-466ca49baee4,1539715112245,1539715134233,21988
af2a2bb7-1c5c-48a2-9be9-5883c7585dac,1539715115845,1539715154706,38861
81deb522-152d-47ff-aea1-bb4174fc740f,1539715115425,1539715153266,37841
d1c8f290-279c-4461-9c6b-2f89e58a7a8b,1539715112773,1539715140442,27669
427582a0-0078-4274-aace-cfaba059d41b,1539715111944,1539715131352,19408
82f9d104-a806-43e5-875e-6ca4c6c4fb19,1539715112533,1539715137225,24692
319401a7-839a-4526-bba5-af134be59447,1539715110311,1539715110858,547
7f612c09-d16a-44a1-b2a0-058d82b3c180,1539715113071,1539715142441,29370
78e56c80-aed1-4d76-9841-363fe189a068,1539715115662,1539715154169,38507
6f3438e3-f9d2-45a0-aa2e-d577bd5b3508,1539715110989,1539715119010,8021
0311f0fc-68fb-4472-80b9-0555f4052f4a,1539715113429,1539715145716,32287
840ba8bb-10ad-4516-8475-01104ff6afcc,1539715115580,1539715153859,38279
0acbe383-d392-4d8c-88f3-036827d78a9c,1539715114242,1539715148860,34618
37783309-e007-4693-9766-2314306c3fc6,1539715114561,1539715150054,35493
d7fa3e88-516d-468f-843b-a7d3f515c08f,1539715114692,1539715150425,35733
83e65e9d-ec0f-43c6-a1a6-f9c7fc52ce9a,1539715114876,1539715151023,36147
c8d63dbc-420c-49c4-bf76-d601702b7c49,1539715114053,1539715148159,34106
c9829626-a023-4f15-af5e-4606ceffd25c,1539715114505,1539715149877,35372
59fa6791-cf47-46a5-94e2-3fe135190dba,1539715113464,1539715145830,32366
13aeef5f-e15e-4f74-be58-8fb2e07f7618,1539715110578,1539715114359,3781
7de305d5-4b50-4a58-a09a-a8daea08b25e,1539715112728,1539715139873,27145
f4222606-85de-4f95-bb7b-39e5ccadca35,1539715110351,1539715111274,923
6f7ab7e8-1b2d-4c0b-b117-be40d51b236b,1539715115392,1539715153074,37682
35cdd1e3-062c-4482-9be5-dde7b732e025,1539715115208,1539715152361,37153
fd4624a3-2408-4541-8da0-19e26bd4b2e9,1539715110997,1539715119068,8071
92f73956-a756-4638-9c6d-ec4df541b9eb,1539715115317,1539715152769,37452
11eee7ba-2a9e-4d2c-b0e3-1430176e6940,1539715111093,1539715120447,9354
d9aa4bd7-a7dc-4994-b247-bb7f56a1e05e,1539715112191,1539715133855,21664
0f483097-c067-4b27-bc67-1113155d0dbe,1539715110763,1539715116583,5820
d011b1e8-16aa-4acf-a76c-215414109237,1539715110538,1539715113946,3408
411b6c2b-d20b-425a-b30a-aafd57b59c6b,1539715110564,1539715114139,3575
6ee532a0-8c60-46ac-9d45-94cf76d6795a,1539715112448,1539715136147,23699
50995785-6d1d-4565-b152-2472d5e5dbc5,1539715115351,1539715152943,37592
ecf19e25-f605-49ef-a96e-914a7efb9cb0,1539715110338,1539715111054,716
05efb071-6327-4409-a6ab-eba9298df529,1539715111583,1539715127257,15674
30a2cff9-3df9-4e2e-81b0-bb4c177a520d,1539715114639,1539715150286,35647
aae91b86-57d7-4d1e-9006-f00557bc37fb,1539715110360,1539715111424,1064
be991da9-5619-46bb-b548-5069b897ba28,1539715111667,1539715128246,16579
e8ad7f34-27ad-4f31-b862-8468f63df440,1539715115326,1539715152839,37513
e005565c-0785-4727-bd78-456b642f5e51,1539715113241,1539715143463,30222
368f857b-a8e9-41b6-9349-1ecb079f3193,1539715115792,1539715154541,38749
ef51df59-ae19-4e51-a050-2bccbb14e765,1539715113821,1539715147267,33446
84b47284-0a75-4be2-a198-68fd0ca557c0,1539715113196,1539715143026,29830
2b43e6cc-7211-48b3-97bd-9863e79f7f79,1539715111127,1539715120977,9850
8069a043-2bea-4f43-a1bf-c8f73ac3aa60,1539715115469,1539715153454,37985
9eeaa5af-c36d-443a-97db-fc53eccd9f8b,1539715114929,1539715151265,36336
e28c1c9b-f2e8-41ac-ba05-19d170aab8ef,1539715112742,1539715140036,27294
4619e662-bc8b-45ad-83a7-b3586e4d9cd4,1539715112206,1539715133980,21774
b4193458-aa74-45ef-9f37-ff6fe724aaac,1539715113534,1539715146160,32626
2b511c4c-a20f-4fe2-8870-8b00ecba1f71,1539715113961,1539715147834,33873
38424812-33a3-4f55-a0bc-8ad29272d8b3,1539715112337,1539715134978,22641
102773c8-d3f6-432c-8774-74604f3bbb4f,1539715110636,1539715115098,4462
0683b015-fe90-4b39-9949-773df1d7dfdb,1539715111821,1539715130099,18278
6033adfa-ac9f-47c2-9ee5-17691e006c3a,1539715110786,1539715116844,6058
0ba2fe29-334b-4287-841c-0a658fc5bc2f,1539715112458,1539715136284,23826
a7ede3f9-10ee-4c81-a84a-9f8407f70cc2,1539715110781,1539715116827,6046
1871edea-6e18-4ce4-9e70-27a24fc7470c,1539715114863,1539715150976,36113
2cfc9265-4a02-4750-ad6c-9443dad94791,1539715114986,1539715151466,36480
1de92a8c-619f-4894-a1ed-267b11e5386f,1539715112650,1539715138730,26080
6cf48f41-22b3-446c-be97-d7608a496ef6,1539715114939,1539715151308,36369
691c8120-2af1-4e34-8b33-656d35342ee5,1539715113848,1539715147389,33541
c471be79-7643-4e1e-aa26-949fc9c0f64e,1539715113937,1539715147728,33791
5e27a9af-d3d8-439f-b6e6-96d4bc0bfd37,1539715112138,1539715133583,21445
9f319411-cdc1-4c2e-82db-6d4f73925894,1539715112884,1539715140590,27706
c6f0364a-bfd0-44a8-84c0-7417c226ca9e,1539715113011,1539715141749,28738
cc877e64-6e6b-4a23-9296-95375d851fd0,1539715110619,1539715114872,4253
c31882e5-9510-441c-9b4b-c90883a8503f,1539715110253,1539715110537,284
a8c4170d-c74a-4d62-90b9-2380430a731f,1539715115241,1539715152465,37224
bd2735d6-f19e-47d4-8dbb-df6c85764e63,1539715115246,1539715152482,37236
7de0f441-0f4b-47ec-bad7-bc67087428d8,1539715113882,1539715147526,33644
25fc2c0d-5070-4f59-89bd-e8c4950d54ba,1539715112908,1539715140917,28009
157bd3f7-be7b-46f7-8f96-d583b72cb54c,1539715111316,1539715123154,11838
4a37c464-3fe5-43b5-807b-3d7d25db77a3,1539715112467,1539715136491,24024
7e47520d-866f-40df-9c68-1bc16942fc93,1539715110871,1539715117942,7071
cbbc5c35-686c-41e7-8651-f43e73334ba4,1539715114350,1539715149229,34879
df60e0d1-9c15-4b8a-88af-094894b13f5a,1539715110750,1539715116353,5603
6a02f590-d502-448c-910c-4b8e689991aa,1539715113169,1539715142687,29518
c35521fc-c698-40b6-a565-ccfea5cf14d5,1539715113853,1539715147417,33564
b3e3405f-49d2-4e24-86b3-7fad9fd3d28d,1539715110665,1539715115402,4737
e80d783b-da20-41d9-ab87-3555806ceb6a,1539715114948,1539715151354,36406
e2b59110-7e60-418c-bad2-8bfa69af9912,1539715113614,1539715146604,32990
fbbbf8fb-a180-43d0-a8bc-290dfb64b81d,1539715115495,1539715153547,38052
3f3694c4-42d9-4c40-ae87-ac32b72612a2,1539715110364,1539715111465,1101
3c1dc3d9-b39c-45bc-94bd-929cd00bb15d,1539715110823,1539715117507,6684
9bb9517c-0006-4a69-bf94-96b36585f521,1539715110400,1539715112097,1697
6b6fe52f-a42a-4164-90ae-8763f14b72df,1539715111887,1539715130892,19005
63c0d738-4ea0-44ce-9211-8b7fefb19ca3,1539715113975,1539715147863,33888
790baeaf-bc95-45e0-8f2e-281174307497,1539715112389,1539715135540,23151
31664617-8eb4-4634-82e0-6f1fb6ee1749,1539715110803,1539715117243,6440
b0ce12e8-255d-40d4-8304-fab9e99a869c,1539715110432,1539715112543,2111
5abdc557-ffa4-4f21-848e-6588a2cdad04,1539715114488,1539715149817,35329
70fd208d-f1e5-4c75-b890-3669776f5e63,1539715115138,1539715152025,36887
9ac1e335-168b-4a1b-a329-53a3e80e59fa,1539715111601,1539715127521,15920
78a7325f-04c6-4770-93fc-4f64741a3d36,1539715114740,1539715150568,35828
3533bb08-99be-4c09-8298-51dbda705319,1539715115480,1539715153493,38013
1e33d7cc-f1cc-488c-8f29-55d272b37c81,1539715110720,1539715116114,5394
77df01b1-2874-4ad2-a626-9800a27b183b,1539715112599,1539715138185,25586
fa267c2b-7a7f-449d-bf1b-3c2169d0ea97,1539715111393,1539715124017,12624
ac3e60e7-9214-4f0e-a7f1-b0d3d8a2aacc,1539715114848,1539715150929,36081
ec244a69-7c84-481d-b0f6-eedf61f18f36,1539715110517,1539715113754,3237
936ead6c-a78e-45df-b0ab-7c17441bff35,1539715112732,1539715139907,27175
71089b9a-08a7-4755-97a3-1cba8422aff5,1539715113076,1539715142463,29387
7161850c-9b8e-42eb-90fd-6b668af17fa7,1539715111557,1539715126741,15184
92a987c5-deee-4c44-b945-8ae100f86789,1539715111895,1539715130970,19075
21ca1a44-346d-4314-960f-072b7534b4c9,1539715111701,1539715128450,16749
7679a0fa-2251-4713-839f-1e79ad1526d2,1539715111018,1539715119333,8315
19f6f912-f0a9-4e0c-bd12-09c142e852c4,1539715115768,1539715154450,38682
4f744f2f-b493-447a-b907-baf05e919bdb,1539715115418,1539715153241,37823
afeb0ce6-6f2d-4e24-967f-a48cfbb6bc50,1539715111178,1539715121565,10387
6c289889-5ad8-4d99-adc7-cba344fa7551,1539715110300,1539715110792,492
15969817-e16e-4e92-8108-eb5f6b5c6b1e,1539715112278,1539715134500,22222
9c8ff5e6-9d6a-47b0-bd18-aa30f4c6ca64,1539715114527,1539715149939,35412
ac083a6a-39ee-4b01-810f-e4339a1fe02d,1539715115777,1539715154464,38687
78d93369-b972-4a00-ae58-1ac7f541cec1,1539715112307,1539715134695,22388
353dd39b-1534-43df-86b9-859e86c6e1a0,1539715112215,1539715134106,21891
f9dfe46f-b73f-4410-9572-b0c6a979a19b,1539715112342,1539715135018,22676
48ed6229-d43b-4f0e-bada-d0b044d47208,1539715113447,1539715145762,32315
6b467330-4213-4ca0-8b2f-8a22d55c93a0,1539715111111,1539715120785,9674
08503f41-8be1-4b38-a2bd-165dd089d9a8,1539715112380,1539715135478,23098
a3300587-de0c-44b7-930a-250e9eeda8d8,1539715115505,1539715153590,38085
4b307ad2-0dba-4295-a68d-74b6fddd9864,1539715111710,1539715128646,16936
68b491ec-9c9c-4c39-89cb-e4c20d1b95e7,1539715113954,1539715147810,33856
4a93ab77-b5d1-433f-9fe3-77a7207b6d58,1539715114319,1539715149092,34773
b3a1a996-1795-4475-8d8f-3fbdf6645048,1539715112160,1539715133761,21601
444e0fad-e770-44a7-91a3-69fe05d5cbf4,1539715114867,1539715150991,36124
f497cc5d-e7d3-47cb-a92e-22ad594eb7fd,1539715112453,1539715136249,23796
16ac50a7-14df-4aba-9701-f5a8719426d9,1539715112370,1539715135377,23007
af3e9440-b56d-4fb3-868a-013f3f7e5d96,1539715114623,1539715150249,35626
f64d064e-1b8a-4cb8-9378-514d00c9c641,1539715114159,1539715148590,34431
ab2dcd8e-d7ab-4122-bb25-9f12598e5530,1539715115850,1539715154722,38872
b418f748-5cbe-44de-b7a7-08aba14b7955,1539715111417,1539715124372,12955
d40fb632-7f7e-42e7-8ffd-0f5c70c1ca5e,1539715113711,1539715146961,33250
69933ab8-f9c9-4253-81a4-ed3e9f610033,1539715111952,1539715131466,19514
9fa52f6a-e6d8-43aa-9e82-f7357ac7c45e,1539715114541,1539715149969,35428
9264fb1a-0895-475d-9fdc-c42f37f3e5db,1539715115251,1539715152498,37247
adadb7ec-36d0-4b29-9149-5b4d158c1175,1539715115183,1539715152273,37090
0a8f176b-13d9-42b2-a5f7-98072592bdc2,1539715111993,1539715131734,19741
57865657-23ca-4cae-989e-ee18bcfbdd0c,1539715115255,1539715152515,37260
805fd1f5-5bf5-4c43-a5dc-5f5666b45eb4,1539715113572,1539715146393,32821
19df58a3-34c9-4c8d-a6c4-29371c880611,1539715115413,1539715153225,37812
57b8995e-c267-4f22-9fe4-5a5bd3a0a42c,1539715114608,1539715150221,35613
d67c8d5e-976d-4659-801e-a325d7f36f30,1539715115147,1539715152068,36921
6f86dbe0-98a7-4544-9d2a-0b147d647f5b,1539715111097,1539715120493,9396
bc812da8-63fe-47b5-a352-d02c8431d78b,1539715111153,1539715121369,10216
37fe5688-fc85-4e19-9908-c50b2a424f2a,1539715110729,1539715116218,5489
0186ffe4-5b1e-41c1-840a-f1f7f501bbe1,1539715110772,1539715116738,5966
ec158695-9f7c-4d19-88f7-088cdbed96f8,1539715114686,1539715150410,35724
74507687-c8c6-48cc-b36d-ef4fb3096d20,1539715114962,1539715151411,36449
588314a6-b279-4743-80cc-b18a950a4f92,1539715113174,1539715142729,29555
dacc974d-d682-4f5b-987d-c9fdc75b0299,1539715110409,1539715112267,1858
fb3fc5b8-ba9d-4467-b52f-0f969042470a,1539715114201,1539715148778,34577
6b740fb2-b513-4d26-83ec-cd9492d97e5e,1539715114246,1539715148878,34632
45849c75-b681-4fb7-be1a-7d0b8201f7e7,1539715110545,1539715114073,3528
e0e049ac-75ea-406f-b417-c1c6926bc601,1539715112497,1539715136828,24331
ed794fe1-49fc-4f1c-aa7b-007b1b23af95,1539715110486,1539715113376,2890
a1e1eeea-65c9-4b4d-8a5d-6aad5cc9092e,1539715112688,1539715139321,26633
2d915637-a4cf-41ed-93c6-1b278dc5ccce,1539715111903,1539715131044,19141
2ef16061-0182-4f36-92b3-25d8390d7b31,1539715115705,1539715154327,38622
5692e201-199b-4f89-a845-ac3351f51a68,1539715114168,1539715148645,34477
856504b3-19f6-427f-b0b1-00219bbe1ee1,1539715111568,1539715127018,15450
ae17eca0-d26c-4070-a96d-ce483b0f57d1,1539715113877,1539715147499,33622
6c8c3977-5776-4c1f-a251-58bc871fe397,1539715115640,1539715154081,38441
a344b37a-a01d-46f7-acc5-1ad054e4d22a,1539715114990,1539715151492,36502
1cc8f655-8d0a-4851-9fdf-d5d3046ab0fa,1539715111068,1539715119958,8890
10ae895f-d312-4e30-9cf7-be218521a583,1539715110790,1539715117058,6268
dc5ea693-5925-476e-819b-6a6659820614,1539715114599,1539715150186,35587
6a666919-1880-410c-a78d-a47973c27814,1539715110856,1539715117817,6961
ae905994-666e-426b-9266-8dd6184069f0,1539715114421,1539715149534,35113
b8d263ac-58a2-43f1-bb4f-207d8fdb6add,1539715112321,1539715134763,22442
8ebe43d9-44f3-4d6a-9bb7-5a3bf9c9f26c,1539715110632,1539715114985,4353
24f5d170-efbc-44f3-a182-573eab4ad8fd,1539715115401,1539715153122,37721
71fe52c0-9a91-430c-a56d-5a8d6acc1711,1539715115655,1539715154139,38484
2fd668ad-5bf3-4aac-ae0f-5660e432a141,1539715113200,1539715143086,29886
85c65837-abd7-4124-a447-67dce71f57b6,1539715115475,1539715153467,37992
76f6ebd7-356a-4fec-8a93-524213b27bcb,1539715113729,1539715147031,33302
28c5d40d-8b7e-4f5e-b3f5-b6711056ffa0,1539715111856,1539715130619,18763
955d36e1-fa1a-44db-8478-efcfd734ffbe,1539715110837,1539715117655,6818
f475359b-049a-4711-bb92-308a727901bf,1539715110917,1539715118461,7544
88012ff6-d2b9-4957-b68a-4406668212cd,1539715113006,1539715141717,28711
c11bde6c-a4fd-4d25-bfa0-bc4757e623d4,1539715113776,1539715147118,33342
1e2ff436-1da8-42c8-b38a-9374ac4c2c27,1539715114831,1539715150872,36041
cb5f5eb0-4798-464e-ab77-cc73c523bedc,1539715110533,1539715113896,3363
d675730a-e93c-43e0-a69e-452cd6b6d1ef,1539715112081,1539715132898,20817
bb600439-57fd-48fd-936f-9ebb312e7d4d,1539715112463,1539715136349,23886
69986859-0728-4138-8bea-484f401118a4,1539715111610,1539715127693,16083
3a5653f8-e643-4d53-bde4-a284200d5196,1539715111364,1539715123641,12277
81fa174b-0efc-4f70-88fc-81b9f25808af,1539715112899,1539715140708,27809
7af1f1b2-4009-4798-8980-d8d61f456f7f,1539715112268,1539715134433,22165
335751dd-984b-42b5-9c81-ca0f1ceaaa61,1539715113657,1539715146787,33130
f655d356-3ac7-4a46-a742-45b4ae862e67,1539715114696,1539715150440,35744
1e4b83a8-0134-491b-817c-7ae08099edd9,1539715115087,1539715151822,36735
5e2da2dc-d201-48f1-89b0-f9a71c73f594,1539715114367,1539715149286,34919
57bcbbad-8489-400c-a7f9-d4fb26895d75,1539715115006,1539715151565,36559
fbcc21ba-2a15-474f-aab1-a8ee825604a5,1539715115710,1539715154341,38631
c0316f76-72a6-4e01-9ac0-005224250b43,1539715112547,1539715137496,24949
cb61ea25-9c4a-420c-83c9-91ce744bd70e,1539715113991,1539715147903,33912
3973458b-d2b5-49a4-96cc-65d727505895,1539715113696,1539715146902,33206
4fc958f6-b696-4b6b-89b0-99a7edb2a28c,1539715110657,1539715115381,4724
46bb0fcf-66be-4c75-b2f4-e73f8a104ef2,1539715113459,1539715145811,32352
832ba4a5-490a-4800-b029-e8cd3ed07196,1539715113502,1539715145970,32468
03cae1e2-7dd8-4b14-9fe4-3510bff00e16,1539715111503,1539715126087,14584
92ed2158-1c3a-4580-8ee7-00fd3b8fd264,1539715111277,1539715122663,11386
fc103355-b07c-4eb1-951c-50e009271c22,1539715114556,1539715150033,35477
0294611c-f249-4803-b84e-ac67b3ecb144,1539715114914,1539715151203,36289
cbecb5c8-18fa-4bfe-ad28-863b80f9f4e9,1539715114375,1539715149312,34937
d899f7d4-c886-4c5b-b3ea-4751f7ceea75,1539715115528,1539715153685,38157
68c99d6d-664c-4b17-9795-659c8b22a0b6,1539715111723,1539715128861,17138
c9f3f183-a34e-453e-8c3b-a6884c5ad177,1539715111480,1539715125528,14048
78431e1e-596a-48e3-8d19-11da4c7ec57b,1539715110283,1539715110584,301
26fa81ec-181e-4ee0-9d1f-563ef357f4e5,1539715110875,1539715117995,7120
8d10f622-ee23-4e1b-a729-aa7f2889bf28,1539715115601,1539715153919,38318
469ff11f-58e1-4012-89fc-662b740e3e6e,1539715115066,1539715151759,36693
a728346c-2f6f-4726-bbf2-d7291fcc5e04,1539715113275,1539715143870,30595
8bc28a6a-98c7-4044-904c-5681a4acf0f1,1539715111752,1539715129198,17446
58868d28-6533-4fbe-a734-3d7cf8954fc4,1539715111781,1539715129585,17804
f37be204-cf52-4c1e-a869-386864d18cdb,1539715111657,1539715128153,16496
ea4fc17e-3e15-4baf-8f4c-73cb5e0f0e1e,1539715113384,1539715145092,31708
38ca2f57-402f-4686-b7b8-ed9a9be31f2a,1539715114513,1539715149890,35377
0c5dec7b-64e0-4284-9f6f-b8b5080767ff,1539715110777,1539715116770,5993
ce73efab-7f54-49d7-8015-353c37b41f2c,1539715111456,1539715125166,13710
503dc41d-0ef9-440f-8f9d-2cd3a6bfbf58,1539715112072,1539715132748,20676
281af6eb-7e62-4aa4-af4e-7ab2e51e9fdf,1539715113310,1539715144231,30921
904c927f-d704-49da-8f4b-5b5b662083c1,1539715113524,1539715146086,32562
ca6bd602-65b3-4522-9c63-05730c8c5663,1539715110343,1539715111149,806
2efccbdc-d8f1-47d0-82cc-31e07bd15d06,1539715111771,1539715129421,17650
498838f8-fb66-424e-8c48-08e0fb3a0585,1539715115803,1539715154587,38784
5b32b6d4-bc54-41c2-8635-530fed9e57c4,1539715112263,1539715134358,22095
52b4abc6-ff2f-4d28-9316-7e675e76a2ed,1539715111516,1539715126229,14713
775ec7f3-777e-41b5-b635-932a1d4060ec,1539715113886,1539715147552,33666
3bdcd641-19d4-4afc-be42-79d2dd4c0387,1539715111719,1539715128838,17119
5a28ee0d-0a4f-4dfb-afb4-d7b1eff7f6a8,1539715112417,1539715135746,23329
9eb3c8f2-f09d-404c-bb09-4fce898c96fb,1539715114590,1539715150173,35583
08e6a4bb-1e7c-4e95-8030-ca36623dae27,1539715111081,1539715120241,9160
98e53177-74f1-45e9-a6b6-5463406c51b7,1539715115204,1539715152330,37126
f83600ad-6d5e-4bd1-b57d-ef88f61da7a3,1539715113205,1539715143129,29924
20891a55-12a3-4c78-bc77-577bdc44c563,1539715114164,1539715148614,34450
fd455cbd-f551-4350-b2c5-135d43895453,1539715114900,1539715151125,36225
28427316-767d-425a-9079-1b57967c3b69,1539715111998,1539715131767,19769
c08c0562-6693-4fad-a8a5-cff49af2aed5,1539715110446,1539715112699,2253
3f2bd095-7e24-448e-a090-2284b550e2cb,1539715115799,1539715154561,38762
a94e287f-b862-4863-9fd4-9e3e8ab82b68,1539715115053,1539715151698,36645
387663a6-2299-45b0-8d9e-240dbc41d1dd,1539715112492,1539715136777,24285
23f4e9b5-2c47-47ba-b7d5-f7e27365f81f,1539715112661,1539715138994,26333
828669be-2d43-421d-b81a-d21d324a138b,1539715115106,1539715151909,36803
2dd07380-57a1-4cb4-8a42-08a9bf8df375,1539715111026,1539715119434,8408
224047d6-33cb-4fc1-8b18-c0cda4697685,1539715112424,1539715135855,23431
189db33c-53d7-44b3-8563-0df6ae217feb,1539715115687,1539715154237,38550
840ed278-a71b-4e9b-a9f7-8303ff560bed,1539715111264,1539715122451,11187
9dbda75e-7d7f-48ab-973e-4d5838238bbc,1539715110610,1539715114649,4039
e8a8a1c0-b984-42bf-99ac-45ee835e5ca5,1539715112994,1539715141567,28573
74aeaf27-4f36-4f7f-a9c0-998823e438a6,1539715114267,1539715148921,34654
bd7a26dc-177e-4c51-b1bf-df5b3f46c808,1539715111192,1539715121758,10566
6b978372-3d0b-498f-821a-581a90873860,1539715112509,1539715136898,24389
b00d9685-c7de-4ec7-b36e-6a55052d7ba7,1539715110597,1539715114564,3967
8772ecc3-aff2-4972-9197-2ae91bbd66ee,1539715112542,1539715137424,24882
b22218ed-1068-45d1-905f-f20ed5fc40c4,1539715114309,1539715149035,34726
4714f840-cca6-48d4-8267-84fa3b7b8ce1,1539715114815,1539715150832,36017
9355d57d-d75b-4429-98d9-a8bb706d4702,1539715114187,1539715148716,34529
a7dc654f-0a5d-49f0-aa34-003d8b386755,1539715113268,1539715143833,30565
78b71d6d-f06c-4c86-b979-b3109821256a,1539715115312,1539715152717,37405
479dc61d-99f9-48de-8841-52b7f6e10e0b,1539715112919,1539715140987,28068
678f7e28-8fa4-4ea8-8a9b-d44edc343cba,1539715115284,1539715152615,37331
9ad62145-0595-490a-8a94-bd124fc077d8,1539715115164,1539715152161,36997
52c3ece3-60b3-4ff5-b6bd-76b7090f7da4,1539715115830,1539715154653,38823
210a31c5-f1ca-45d2-a23f-707e03a1d02e,1539715112121,1539715133425,21304
be7940d9-14d4-47a9-974b-01c04da3d481,1539715111494,1539715125879,14385
3cc0b8a9-7dd5-4cd6-8cdb-d4bd1d0c6683,1539715113264,1539715143776,30512
580c02b9-de59-4057-bb6b-bb3f6b0d5ce5,1539715111507,1539715126103,14596
17c052cc-3958-458b-8862-40aa2b17fc9d,1539715112879,1539715140555,27676
3bb12743-6f1a-4ff2-a99b-d212effaed42,1539715111182,1539715121590,10408
3063f350-2092-490b-a712-f28df186d16c,1539715114806,1539715150804,35998
4d8370e7-3e38-4b5e-8982-b2f1d6166b9a,1539715112443,1539715136047,23604
c7cf7123-bbd3-4988-bba5-af9582c87ef7,1539715113333,1539715144473,31140
429d04f3-8e10-4676-9b1b-5a72485c30eb,1539715111173,1539715121478,10305
8b8663de-09cb-43d9-857a-dc565e0d82f0,1539715114429,1539715149563,35134
3a08db4c-f2b2-414f-afcd-c9204bddc258,1539715112784,1539715140493,27709
7485613c-4881-439f-bce0-089ccd7c476a,1539715111790,1539715129627,17837
d442f437-ecc0-4926-926b-255754dd7c4a,1539715111489,1539715125753,14264
fcb3ba66-1630-4c64-b286-814bd5ce39d9,1539715113322,1539715144336,31014
8e82d35b-6e15-43d4-88bf-82afa25a4914,1539715114344,1539715149205,34861
66af4d10-4cdc-426c-9c8c-5f93ca2bcfbd,1539715113721,1539715147016,33295
f967db9c-81b7-4c3f-af34-78bee98a64b7,1539715110454,1539715112826,2372
72aae09f-957b-415a-b951-a57ccc132dfe,1539715110941,1539715118621,7680
2bd96f67-769a-4371-9aa6-4c9e995f2e45,1539715115553,1539715153787,38234
42a22445-81fc-49f7-a497-f6bf065695b3,1539715114476,1539715149749,35273
e0d4e780-efcb-4f10-bf7a-0173c564ca27,1539715111672,1539715128280,16608
15dd6855-615b-48e1-a0ae-07e85687b652,1539715112375,1539715135416,23041
766f7a55-ec94-4f78-a0ce-e53e7edac3f5,1539715112645,1539715138680,26035
686a482a-1a9b-4976-878c-48c037e88f83,1539715111389,1539715123954,12565
0a841949-d57e-47bb-a826-0d7f51833f77,1539715115073,1539715151774,36701
b3bd8619-9961-4987-9eca-8ffd7de6f15a,1539715112768,1539715140405,27637
9fe74498-ae80-48f3-bcbb-b874c35458c3,1539715111511,1539715126135,14624
fa29be8e-d5eb-4051-9b34-19ec1a617f5c,1539715111022,1539715119378,8356
04a69899-5117-40e3-9fae-4d083aebde12,1539715111913,1539715131106,19193
369074e3-9b7a-48d2-951d-447d8bf29892,1539715111538,1539715126531,14993
c9a3ff11-b5b3-4b67-8e2a-bdfd4f963c3b,1539715113949,1539715147776,33827
733424aa-9a93-4de2-885d-d3c4147d8638,1539715115645,1539715154102,38457
fc5f7f3e-dbe2-420e-9c45-962cec5bdb2e,1539715114659,1539715150336,35677
c511fba4-32c0-411e-a453-0fd7ff44f69c,1539715110482,1539715113285,2803
cf51e677-39d3-4d9e-8407-bb395049008c,1539715113943,1539715147760,33817
d4c39790-4753-431f-95d8-3eea03551566,1539715112258,1539715134310,22052
ff33b954-4715-4268-8a7c-20f2e798ab91,1539715115542,1539715153741,38199
422f1587-26c2-4212-a69d-e9613a793e51,1539715110737,1539715116318,5581
677bb438-d913-4f39-b006-441928d7f97c,1539715112116,1539715133319,21203
a003e565-e53a-47ef-afac-9af165327a2f,1539715112989,1539715141553,28564
6984023b-a4d2-45e8-a6d9-8a37930973c5,1539715113482,1539715145869,32387
7f777bff-d07e-4e1c-a80c-11e0c01c797b,1539715115409,1539715153137,37728
715cbe25-a450-4605-8134-36b9d0de45be,1539715111231,1539715122033,10802
4b123979-e68e-4d4b-9efa-9acc205682bc,1539715113904,1539715147658,33754
c2f176f0-dd03-49e6-9eea-ea6889d3222c,1539715115360,1539715152984,37624
39b446d6-eb87-4fe6-9d05-4ea324e09454,1539715113157,1539715142611,29454
bf0ff59e-5fae-432c-b3fc-55f1d6a82f3b,1539715110649,1539715115229,4580
583adc5a-0d79-4a76-bdaf-fbe7d662e7f9,1539715110477,1539715113236,2759
1cad41f4-bb03-49b0-a635-b7ecaf0e8cad,1539715115585,1539715153873,38288
619e6508-38ed-43cb-8381-43eda66403d3,1539715114569,1539715150106,35537
f0a98ad1-8916-4009-bd70-71dbb65b7cde,1539715115092,1539715151835,36743
b3ea06db-1a5e-465a-ba76-8bb0f6c4e03e,1539715111014,1539715119262,8248
4e3a7c7b-7a33-4812-b177-02f0c59e60f0,1539715111891,1539715130926,19035
06d65150-1fa0-4e01-8eaf-d8f9abe8fd57,1539715111246,1539715122229,10983
c16de248-4eb6-4b02-b8c4-849de79e4282,1539715110929,1539715118589,7660
dc38ebea-0cc0-46a7-8311-f24874f9cfe4,1539715111010,1539715119237,8227
7e896986-471c-4abc-813e-c6f2e944f98a,1539715113680,1539715146849,33169
935c831f-424d-4067-bab4-d278e92df1e6,1539715111063,1539715119905,8842
c9d098a4-1689-4295-b634-45af97fe0dab,1539715114145,1539715148454,34309
e2515b60-699f-4d1c-875e-b8b145ec4dec,1539715114328,1539715149132,34804
d22580d8-f771-4e7b-ab39-da5600fb4108,1539715114819,1539715150850,36031
c22e7248-43b1-4272-9b5d-90ec77a77f04,1539715114480,1539715149786,35306
593c3e20-2269-4014-8d13-dd1167abe720,1539715110391,1539715111821,1430
cb6cf531-073f-48cc-ac36-a510821e75a8,1539715111621,1539715127744,16123
34a3a59f-4db1-474f-a669-c691e64e6fc0,1539715112154,1539715133697,21543
4513d1cb-758b-4fbb-af08-d47f33e60e8c,1539715115061,1539715151745,36684
c413bfef-0c97-4545-8f86-68d573a45e5c,1539715113306,1539715144197,30891
d22a641e-b180-4d29-9b38-d951eb2d5ae7,1539715114707,1539715150469,35762
afc8e355-e98e-4a6c-8812-fcf3cad27376,1539715115591,1539715153886,38295
c4a992e3-0b6b-4ad5-b977-83ed1835cd0b,1539715111357,1539715123546,12189
c2080d17-b0b3-49cc-a11d-6e5a9d0b5b64,1539715111592,1539715127409,15817
affaffbb-3701-49b0-a2ae-8c6c1b9fb19e,1539715111136,1539715121170,10034
46fc0e66-66ae-4b87-a4ec-face56d6a88c,1539715113359,1539715144860,31501
8f7ee0ec-498d-4846-8b49-b08a711d0839,1539715115336,1539715152887,37551
36365bce-2fd4-4e81-b7bf-01530a5205d3,1539715115840,1539715154685,38845
facafb0a-238c-4dee-b700-90a616be68ae,1539715113455,1539715145798,32343
b8928ec5-9dc1-4092-8484-89c751359eea,1539715115621,1539715154009,38388
a6ecda0b-1745-437a-a74c-f0d89ff6e3a6,1539715112999,1539715141626,28627
40e7c521-f02e-4d03-9005-230ae307b178,1539715115485,1539715153508,38023
2a9c75fe-3a2a-4c8b-ae1e-731806a0cd6b,1539715112134,1539715133458,21324
f044fdb3-ee08-4312-9b5d-18c0070ffc17,1539715113350,1539715144654,31304
491bf8bb-f64f-40fd-a609-101b5b6d762b,1539715112937,1539715141279,28342
b844686c-b16b-4616-bf66-4dcc222ca340,1539715110949,1539715118689,7740
ccf688fe-359b-4ae0-91ef-83a22bf3b3ff,1539715113047,1539715142201,29154
4b3bbc1c-1b1a-4521-9282-3cee098c7e41,1539715113812,1539715147227,33415
b64c35d6-dc39-4ec3-b165-63bfceb56d2a,1539715115576,1539715153838,38262
9813036a-2b2e-49f0-9b3c-0745766e8967,1539715110819,1539715117401,6582
4aaf86e2-f930-4174-b29b-fc4b5e3a0fd7,1539715114131,1539715148397,34266
456fadb6-f016-4df3-b04c-cf52b77c3933,1539715115596,1539715153905,38309
e76d1965-5614-49de-a755-f23401fd87a9,1539715111107,1539715120626,9519
b32edbf9-ae4a-4c75-9d12-358dc29d6faa,1539715113591,1539715146482,32891
d3526ba3-78e6-48d0-b347-38ddd231da42,1539715110373,1539715111578,1205
5a63c211-e5ad-447d-8ad6-6cd2a2d2a228,1539715113926,1539715147710,33784
693b1c0e-9943-4249-b5f3-8b44806d6683,1539715114087,1539715148258,34171
0ab31359-1389-45fb-817a-c57e6cf25134,1539715114471,1539715149727,35256
e97f2f52-a85d-48ba-b765-ff70ef3b9c32,1539715114872,1539715151006,36134
00ee64f0-c964-4941-86dc-187aa099afe3,1539715112568,1539715137762,25194
ae22629f-ec54-41a1-851c-3b0ba2ac491e,1539715115083,1539715151807,36724
51ca19d6-89df-4b3e-ae88-0924e778f0ec,1539715114774,1539715150654,35880
b8b2fad8-334d-4ba0-ac6b-1e5ef274fc6e,1539715115021,1539715151625,36604
f938b53e-e01e-423b-9607-d549441f0d6b,1539715115514,1539715153629,38115
ce7946be-dd08-4674-a7d0-42327655d973,1539715111338,1539715123414,12076
689ba198-1f03-4358-9230-f9ddac042902,1539715114100,1539715148271,34171
0c33e2a8-3e81-4de5-9652-dc670f08ac9b,1539715111132,1539715121117,9985
9412261f-e66c-4109-aded-cff1d3e81986,1539715115818,1539715154616,38798
d1121f65-149b-4389-8287-c3167bfa8b3a,1539715113290,1539715144000,30710
3bee651f-8875-4d1b-a60e-2c8f0b92f5e6,1539715112673,1539715139145,26472
cd8bfa5b-0e37-4d2c-a40b-8664328e12b9,1539715113900,1539715147633,33733
27e97279-1ae3-487f-a66e-a62aa60f5b60,1539715114192,1539715148731,34539
a1c90e4b-c619-4a70-9a29-648e817602b0,1539715112022,1539715132166,20144
35c98853-a5c2-4ac6-b325-fbc7f5c35fbd,1539715115048,1539715151682,36634
f6b1add4-874e-48b4-a894-e631a36b1ce4,1539715112428,1539715135952,23524
505d7658-2b81-417e-b61b-e25fc7b777f7,1539715114336,1539715149182,34846
ce782e20-2564-4689-a1e6-6cd3e11c709a,1539715114385,1539715149381,34996
82fae8d6-b111-4d15-9735-a3baffe8f8c3,1539715114839,1539715150885,36046
ac56dc2d-beb5-4455-97ac-8dab4ce592eb,1539715114894,1539715151100,36206
46e2deec-5328-4e94-8912-c984cab99903,1539715111255,1539715122297,11042
444eb5b1-ab0a-48cb-93e4-85b76527aa40,1539715113035,1539715142049,29014
fc0fd724-f052-48a5-8810-1e3ad287c75b,1539715115649,1539715154124,38475
6405c5c1-090e-4b30-99a4-604024dfb486,1539715113662,1539715146803,33141
184cf330-3b56-4f68-abc5-e3c7baffa08b,1539715113835,1539715147346,33511
6f891949-3f23-4c00-8bdd-0ff912bd801a,1539715114313,1539715149072,34759
c268f8d8-ae58-483a-af89-0307218e6cf9,1539715110423,1539715112460,2037
23628ea2-26fb-48e5-b92c-8efc11eddb17,1539715114255,1539715148907,34652
37aae97f-2f0f-4b66-94f6-df1f4f980e7c,1539715114463,1539715149697,35234
fc88557c-391b-44e7-9766-16143f297c04,1539715111286,1539715122769,11483
13ab6ff5-cbb4-44e5-bc81-ba0348aac630,1539715115133,1539715152007,36874
b64612d7-10bd-4b12-b2a6-9de2ded95a80,1539715111572,1539715127157,15585
d7dfe3aa-dec3-4f37-acdc-f9a2489219e2,1539715113676,1539715146835,33159
cfbb5ae8-97cf-4c8f-8848-1fd64e500244,1539715114024,1539715148038,34014
1e01de27-626a-4146-9204-d8c5edd676be,1539715110733,1539715116234,5501
62515ec2-b63f-49bc-97d4-20bbf2db71c7,1539715112719,1539715139785,27066
872385a1-1133-459b-98a2-cad4cae88aa5,1539715115368,1539715153001,37633
475eb57b-6491-4cc3-9cf0-ffc859a91d69,1539715111633,1539715127827,16194
6a84cd53-bc1e-4643-9894-f0bef7da6e17,1539715112413,1539715135710,23297
b2884152-4657-422c-bb6a-88ab0a50ac90,1539715111644,1539715128027,16383
a965c1f6-aef7-4564-986a-22a03bf80247,1539715110710,1539715115965,5255
50e41a66-39b6-4c9b-85e4-9fbf6e36c167,1539715110670,1539715115446,4776
206908a8-be94-499b-a9f9-d5579f92d501,1539715113568,1539715146361,32793
e3a85eb7-1471-4a2a-a219-45aee088025e,1539715111576,1539715127197,15621
1a9d517e-f9e3-411f-b8e2-05f89fea2dbf,1539715114545,1539715149982,35437
5abbd3b3-47e6-4907-afda-ecb8ab463bc4,1539715114177,1539715148690,34513
1e80f4b5-acdb-4e5a-9777-67185b7f2d93,1539715110993,1539715119026,8033
9587be0b-0c09-4a83-8e1c-7143145befe8,1539715110347,1539715111180,833
ffac8c2f-3eef-4d2b-88d0-2fd5af3ec214,1539715112613,1539715138421,25808
8f0cd5fa-5918-482d-b947-1b0be497fde0,1539715111485,1539715125622,14137
c1bf3aca-fa5a-4312-bd9b-dbee24063623,1539715113759,1539715147072,33313
9e1de51e-4125-4b8d-a05a-66667acdd06e,1539715115168,1539715152177,37009
32a8c69a-2142-41f6-a9f0-7d6a3bef0af5,1539715112067,1539715132680,20613
c780cd70-2f63-482a-ae20-112d9e4303f6,1539715113343,1539715144609,31266
5cbf4bb3-55b2-47e0-a05c-0a6db3bfa0e0,1539715112227,1539715134170,21943
ccfd9f41-19dd-4dbb-bfd0-496005027a7b,1539715113214,1539715143253,30039
3c7951dd-c6ec-45cb-bea4-76d0defaa417,1539715113414,1539715145490,32076
896b8f67-a378-4e68-a987-e722c603b3a3,1539715111059,1539715119836,8777
90077a41-6cde-436d-8558-cfc011103f80,1539715114981,1539715151451,36470
41b108d4-438d-473f-9a70-9924deaa9a07,1539715110508,1539715113601,3093
39117f22-6f2e-46f5-a304-6fb0728fd3cb,1539715115078,1539715151788,36710
369b47c4-ed18-4097-ab4f-8b48d4679acb,1539715115448,1539715153355,37907
6998c00e-ebc5-4c93-b37b-766b118aafab,1539715110701,1539715115855,5154
7436eaa5-c514-4386-97d6-2f958b9dc571,1539715111002,1539715119130,8128
ed1a92f5-8153-46ff-92ac-e2e48ff9367d,1539715111812,1539715129852,18040
cdbe642b-a0fa-4cb1-9899-2f31c870e55e,1539715113538,1539715146190,32652
393ad400-9b02-44e6-a98f-f000d7d2c052,1539715112778,1539715140458,27680
ccfc6b24-6c09-4752-8df6-99f1b3a164e8,1539715111748,1539715129104,17356
5f485bd3-1f75-4ffe-ac92-650444f74da9,1539715114855,1539715150951,36096
925ab0f4-05b7-4fed-88cd-224448ea4dcf,1539715114019,1539715148002,33983
7ef04cac-8938-40b0-8bdb-fdecd86d920c,1539715114438,1539715149596,35158
55e99fec-3286-4b4e-b972-c6ce9902455a,1539715111534,1539715126487,14953
135c1baf-2c23-47d1-867d-40bdbf989d18,1539715111899,1539715131013,19114
23dd12c4-d206-467a-ac3d-bc20885f5a69,1539715115299,1539715152641,37342
acd5fc05-1b44-49a1-9e3b-be5c42641119,1539715111743,1539715129057,17314
60dbae9c-a83e-43ef-be49-7a287501a2c9,1539715112585,1539715138077,25492
31cadd72-8d3d-4a70-b5ee-59a521fbe919,1539715112789,1539715140535,27746
e44d0da1-ac08-4763-905e-940f28e507f3,1539715111142,1539715121189,10047
0140b83e-70e8-419c-9ea3-7eaad7674348,1539715111372,1539715123814,12442
72749603-d1b6-4a32-a2d1-95db5edc5ea3,1539715113231,1539715143371,30140
a175facf-d82a-47af-b9a8-2d81f7da91c2,1539715111766,1539715129401,17635
d8231452-de8d-442f-aa1c-7567a66a7464,1539715115156,1539715152111,36955
05d5cafb-019b-4e08-9125-29ac97caface,1539715111803,1539715129789,17986
0b428dfb-6b3b-4553-be46-3ef01d66ec39,1539715111983,1539715131641,19658
9e17656d-a204-4f08-ace2-81d4ef66ab1b,1539715115192,1539715152302,37110
0e2c87fa-0929-4d76-9c0d-b85d5c81851f,1539715114953,1539715151379,36426
06edc63f-c46d-4a0b-a4a6-2991c0fcc817,1539715115033,1539715151642,36609
47c9c565-0d22-4cf7-acc7-4402731867aa,1539715114127,1539715148371,34244
f0c90612-0424-4750-aab3-29a3090f05cd,1539715113016,1539715141825,28809
d8234a8e-cf46-4e3a-b2a2-8337ad125f86,1539715115101,1539715151886,36785
048aae67-75d5-4a68-8b21-41dbefd986d2,1539715112589,1539715138122,25533
008ff9d8-ff58-4ff6-b9e0-d3c4790d0caa,1539715114501,1539715149864,35363
a24e95ad-26af-4a7f-bc5c-577a6a1747cd,1539715113219,1539715143300,30081
b429e5db-45b0-4a57-9970-a51a0385f6f6,1539715111450,1539715125102,13652
5bb54fe7-d78b-4aef-8174-bc2771471f39,1539715112724,1539715139822,27098
fe70d20c-7e61-4a99-a4dc-cf572475cf1b,1539715110884,1539715118105,7221
c5a6782d-7d53-4f0b-b978-77f14dc99b9d,1539715115347,1539715152929,37582
a5dd406c-4906-484b-81e5-c147b219880f,1539715114761,1539715150607,35846
647515e9-7cd0-422d-98e3-2068e4b18ee4,1539715112656,1539715138814,26158
356071a6-3e5c-4864-803e-4ef48f0eb9ac,1539715111368,1539715123715,12347
8e9535b1-0658-4f39-a9d9-b564f9318a56,1539715111471,1539715125392,13921
674c6fe9-4303-4755-aebc-61488cda9835,1539715112524,1539715137072,24548
4779c3d7-c37b-45cd-bf7e-b5dec718df1b,1539715115439,1539715153330,37891
e02d9219-78df-4144-b1c7-0e95ae4fc26b,1539715111799,1539715129752,17953
c9190282-574e-4d7b-b6fc-c769fbe7a6b9,1539715110377,1539715111674,1297
4b316258-5110-423d-9fc9-f173a81aeff1,1539715113623,1539715146642,33019
772418f8-2344-4f74-8845-e440e0df423d,1539715112128,1539715133441,21313
70695384-622d-4eea-b8d2-0bb4a494ecf7,1539715110888,1539715118173,7285
142b27bf-67d1-4294-b25d-a6888ac0484d,1539715113555,1539715146299,32744
c1178780-85a3-429f-9fdc-370f5c866227,1539715112757,1539715140191,27434
a66972db-3d9f-41ef-922a-bb9e0dd68c0c,1539715111846,1539715130502,18656
7ceafcd6-a30a-429b-a6a2-8a7ef27265ef,1539715113687,1539715146869,33182
2c83b816-6520-40a3-b756-8e8af7f8fdee,1539715110437,1539715112649,2212
14e56ff1-28ad-4922-9cb4-18b3e3e42017,1539715112357,1539715135177,22820
85149151-ae3e-45ed-ad11-f8e6a3191f82,1539715112753,1539715140149,27396
22533817-6d99-480e-b438-ea9b6d0d417e,1539715111382,1539715123916,12534
1f80b0b4-91b5-4a97-8bd4-14244e878019,1539715111714,1539715128797,17083
c5f536e1-067a-4c58-8746-f231970f1f9f,1539715112564,1539715137746,25182
dd730126-06ce-43a3-aae6-edd8b74198f4,1539715115265,1539715152546,37281
07e24ff8-78c6-451e-87ae-87955f620d28,1539715112702,1539715139436,26734
2967fe33-bd4c-49bd-b54f-94db25d2d259,1539715113769,1539715147105,33336
86ff2760-dfee-40fc-9934-7b7f68f9ab01,1539715113578,1539715146421,32843
c4bc0977-530e-4f67-ad25-5e5fd499f56c,1539715110640,1539715115134,4494
c33ce0ce-4e8d-4400-9931-accc20c63ccf,1539715114467,1539715149712,35245
8c470e0c-3543-4cdc-ba09-5aafb440953a,1539715114402,1539715149436,35034
6c7d7572-0343-42a1-9b93-da39bffe8d0d,1539715112404,1539715135648,23244
d5b57277-04cd-4871-86ad-5b676124e893,1539715113632,1539715146679,33047
2998dd78-33d2-4aa0-8bd2-17349868ff6c,1539715115611,1539715153965,38354
fb6fc023-467e-4d7b-968d-a54243b26dd2,1539715111242,1539715122097,10855
339f42ee-ba22-4741-b829-90b53372dc66,1539715111869,1539715130761,18892
3874dc8f-e804-440f-9d20-4cc6b3cef886,1539715112914,1539715140955,28041
dc4ca6f6-ca8c-4a51-bf7a-3d38fbb00ccb,1539715111785,1539715129600,17815
1d47568d-edc8-49c3-8b34-a4e36e302a51,1539715115500,1539715153567,38067
e9851481-2fed-4208-9452-184e5dd4ced6,1539715114014,1539715147986,33972
e48d6002-5b6d-40c5-8622-8456a9459557,1539715113443,1539715145739,32296
b397da8f-d437-48e7-9403-5c7246123d41,1539715111168,1539715121454,10286
35b281fa-7cc5-4155-9066-7fd31f17a24b,1539715115187,1539715152288,37101
09fc1faf-66dc-47ed-b1d8-8edaa64864fb,1539715114281,1539715148961,34680
db8cceb7-77ce-4dcc-b6be-cca9aebedc78,1539715115234,1539715152443,37209
69960317-53d4-41b5-b95e-73928ecb8952,1539715111047,1539715119725,8678
a4ae58e3-a028-475d-88b0-0b00f1083fea,1539715112941,1539715141344,28403
bc6b9a45-f554-4db4-abf2-9e5d51deee29,1539715114681,1539715150396,35715
08b39410-82d3-4520-acc1-5802c35b357f,1539715113408,1539715145463,32055
5675426f-5b6b-4328-ab41-e367b581b5bd,1539715112362,1539715135307,22945
b15f13b2-930b-4bc8-ae56-4c4b5c990794,1539715110614,1539715114805,4191
44b14a46-f696-49ea-9ab7-af158dea24ea,1539715112090,1539715133080,20990
1885ee74-6e18-4506-ab6e-ad9edca4b9ea,1539715114810,1539715150818,36008
8ffcffa3-bbd1-4d64-96c4-6c55c127a039,1539715110851,1539715117750,6899
d8aaa8ae-8cc0-4a76-84ee-96cb91e8fecb,1539715111117,1539715120857,9740
a648352f-0237-4f4c-9d5d-7fef1900be51,1539715110605,1539715114625,4020
27d74e65-8893-44c3-8a26-0b28fe9c87c1,1539715112711,1539715139497,26786
6ec21da5-0009-4d4a-93e1-b930353ac53c,1539715111413,1539715124318,12905
ae94cb15-e94c-43e5-b3e2-c6e94a380fa7,1539715113797,1539715147187,33390
e01013be-14d6-4f59-986e-b36843120766,1539715114109,1539715148312,34203
91351bfb-c6e1-4352-bf73-95fa81b62827,1539715115057,1539715151729,36672
8daacaed-5d7d-4b8a-87dc-8be8b6282cdd,1539715112697,1539715139409,26712
9b824abc-a48b-4c84-8776-a7e7000cd966,1539715111221,1539715121942,10721
f9b4b508-b533-41b1-bc8c-a8b93c27c151,1539715115223,1539715152410,37187
2154fe85-ef56-460e-88b6-62ccb281746e,1539715111035,1539715119521,8486
b9c2edc4-d725-42f9-8f55-0558bd6f0f02,1539715113227,1539715143338,30111
efac4ccc-3a9c-4404-8231-fbb0da8b10a4,1539715113514,1539715146027,32513
6aa3748f-c553-49ba-9427-357332b5a97b,1539715113317,1539715144310,30993
c4b5af0f-9541-46ae-8c20-658c505a979d,1539715113529,1539715146128,32599
03b06f6a-a12d-4d0c-9f0b-9c8d23dbe187,1539715114957,1539715151394,36437
e3b2befd-beec-4c5b-a349-aa0bed49c3df,1539715113980,1539715147875,33895
d9f3e4c0-0a04-4622-b830-9d758f1c335e,1539715111934,1539715131242,19308
c887601c-55a1-466b-b04a-a7d4efa645fd,1539715110674,1539715115586,4912
cad8c772-2b23-47ad-a109-785cc4eb659c,1539715112617,1539715138505,25888
9ffa0d57-013a-4346-8fee-0265900e8d86,1539715111321,1539715123256,11935
7b5098fa-299b-4bb2-b23e-96bce4b85e12,1539715115509,1539715153615,38106
c20c9d97-2906-4dcf-a601-687399463020,1539715113891,1539715147581,33690
ba9aef58-6c36-4cbd-b110-9ddbe6a34cf4,1539715111851,1539715130570,18719
0c51cc39-d368-4173-b988-3e7db60bde41,1539715113327,1539715144449,31122
ddb293a1-39ae-4861-9b68-fada614dcd9e,1539715112049,1539715132528,20479
d14aac49-3406-4d55-8875-e77955260629,1539715115293,1539715152628,37335
5c714328-0af4-4625-b77b-fab03bb0bce7,1539715112105,1539715133187,21082
b1a31e14-a67a-45be-a9e5-416f79f779bb,1539715114398,1539715149421,35023
38aa4c37-b10f-4d25-868e-78ea684a7c37,1539715110414,1539715112327,1913
7ba6ac1d-2dbd-4941-8318-2021f40f93bb,1539715112666,1539715139077,26411
29147c83-3adb-4012-9221-7bdbd0a23597,1539715111968,1539715131509,19541
d337da86-62fd-476c-85a4-5cf546440980,1539715114434,1539715149577,35143
879be21e-30c8-422f-980a-c25f2d4fd756,1539715111212,1539715121911,10699
d52ff537-a920-4940-9d30-683c4f1a348a,1539715115750,1539715154387,38637
003028d3-c545-4836-bab0-1dacb22786da,1539715113027,1539715142030,29003
8f3f6c8f-dc3a-4998-aecf-cc50da0e96c5,1539715113491,1539715145913,32422
56404776-4b5a-471d-9f64-2b3fadb27d43,1539715112528,1539715137117,24589
88f4f1c6-236c-4607-ba4a-b804280a0959,1539715114000,1539715147933,33933
b7573eb0-bdf3-4382-83d6-6d038cf386ea,1539715115178,1539715152212,37034
e37ae5ce-5c4b-4e2c-b20b-a3568a5d3ef1,1539715112963,1539715141433,28470
669abdf6-4c98-43db-bad4-ca242ce5ed27,1539715114363,1539715149271,34908
4464d1e8-c327-474e-9f65-2737051abd0e,1539715114412,1539715149490,35078
7d904fb8-4389-4f0a-97e4-181c4a9aa415,1539715111307,1539715122897,11590
7d4aeff4-d28b-4eb8-8045-20ca60731fe0,1539715111077,1539715120185,9108
39ba543e-4c51-40a3-a396-ed405187b8f4,1539715113061,1539715142380,29319
9be2fd10-d337-44e0-81e9-b63fea201f29,1539715111685,1539715128359,16674
037104bd-1404-4112-8788-146dad4aa065,1539715111676,1539715128327,16651
8995807e-30f7-4fa9-aeee-ed68d8467bb1,1539715113652,1539715146766,33114
8f92be78-a068-4c9f-a26c-6b262ad25be5,1539715115342,1539715152905,37563
8de74038-dd2b-4b67-9084-c771e79ebadb,1539715113424,1539715145644,32220
84f0b129-0ce8-434c-b58b-f22928582cf0,1539715115396,1539715153096,37700
fa56fe81-c183-48ba-9cb4-9aa146f486c5,1539715110678,1539715115606,4928
408de5fe-cbf9-44ae-95b3-fd337952ac93,1539715113286,1539715143986,30700
5b30f02b-e4d5-4d0d-bae0-cb3431e3bf25,1539715115143,1539715152046,36903
489469b2-914c-4eb2-82cf-f96868739339,1539715112017,1539715132078,20061
5e017d9e-40bc-4588-8093-04d88375ccf9,1539715112982,1539715141538,28556
d3aa7f56-d9ee-409a-b940-d97ca4910e22,1539715114043,1539715148124,34081
c3e65515-d9e8-45fa-97f7-e59c8d2c01c4,1539715111529,1539715126469,14940
be8f6403-891c-4516-b0d4-edce0bbd2752,1539715111551,1539715126722,15171
25a10580-9b68-493a-810b-b35feb4d9099,1539715113297,1539715144037,30740
8b108ade-4f80-4de6-99ff-043b98692ada,1539715111979,1539715131628,19649
b01720c5-7581-45a3-89ae-f117a438f983,1539715111925,1539715131228,19303
ba4422e2-8a25-40b2-b61c-40e1947da72d,1539715114925,1539715151238,36313
758b7668-cbad-489c-b6e6-f76a8a22b6ad,1539715114905,1539715151153,36248
324dc904-8cba-4480-97f5-fac3e7fa4112,1539715114425,1539715149550,35125
a7187ded-575a-4e54-94e1-5072c4e032a5,1539715113672,1539715146821,33149
3ccb3295-c691-4ed0-9942-10ee8cfbbf62,1539715113254,1539715143541,30287
509fc6ad-9a7e-4836-b036-898a81fd8a82,1539715110592,1539715114532,3940
16d7160f-c0af-429e-893e-425ce6b7edad,1539715112715,1539715139542,26827
db35d1ff-3cbf-4169-85a6-fdea54103e96,1539715110705,1539715115871,5166
a6fdba56-7972-4678-97b1-f8d2e10e8a1e,1539715110795,1539715117085,6290
3ba94568-1ff2-4787-988c-f4c8dd17c62a,1539715112251,1539715134271,22020
9be7314c-67f9-4bf1-8a20-e7bc72e1bd16,1539715110812,1539715117370,6558
cb0a5aae-9d29-4bdc-b292-b439259f2190,1539715111835,1539715130346,18511
fd665950-3bee-4560-8b81-1fab17c5eee6,1539715114565,1539715150077,35512
632ae899-3352-4829-848a-83dedfb0c9cc,1539715111794,1539715129710,17916
cebd1c02-50f7-4b1c-b3c2-f3134aa579e4,1539715113692,1539715146885,33193
739c44c7-72bc-4486-b907-61a3bb9a2325,1539715111122,1539715120958,9836
aa336aaf-46c5-4890-a950-a8457592a7f7,1539715111030,1539715119498,8468
289c3b69-bdfd-4c44-b756-e113d9b81f31,1539715111542,1539715126585,15043
af976f81-fb01-45a2-a204-727f7d93a750,1539715114072,1539715148217,34145
67f69918-d22d-4b7c-8a40-2daaf17a1c35,1539715110973,1539715118846,7873
7e24453f-fe86-4d7e-9f64-99ba436ae448,1539715114067,1539715148202,34135
ae2f6f71-7fbb-4d01-872a-d274ba81e92c,1539715115000,1539715151537,36537
f25bcdbf-e3c2-41b3-a1f3-79c6de0fb612,1539715112895,1539715140669,27774
ed34e1bf-b238-4453-b754-4af247d8a1ad,1539715113582,1539715146441,32859
aa01405e-5fb0-4720-8e8f-bd369cc49411,1539715113210,1539715143237,30027
d0edd77f-4c2b-4d1b-b39a-980476f666f0,1539715115212,1539715152381,37169
844ddc39-a915-4e97-a2a2-aabc3f40f842,1539715114150,1539715148485,34335
9b80dac7-12d0-4245-9554-487e36db684b,1539715113022,1539715141902,28880
fe11dae3-d22e-44f5-abae-e074073c84ab,1539715115721,1539715154356,38635
657c05ab-a01b-43d6-947c-7973b682381f,1539715111434,1539715124687,13253
30ac8fb4-7135-4d99-bedb-7e14f4da0732,1539715111226,1539715121972,10746
acaa7ce3-5aed-4875-a2c9-b4e0258d615d,1539715113873,1539715147480,33607
bca091b5-102c-4633-8644-1977adab6f73,1539715111728,1539715128892,17164
651bef26-f6cc-4a5e-8ccf-9a0eb64d99c0,1539715114136,1539715148426,34290
282788d6-3602-4c9a-a8ff-f1f0e6edf089,1539715111807,1539715129835,18028
54c412f8-7bb2-41eb-8fbe-0fd1dba82bd0,1539715112007,1539715131981,19974
3ffc5012-5294-451d-ab22-a6e2efe9bb1f,1539715111830,1539715130325,18495
9362b1cb-064c-41e1-969f-a09e54a7017c,1539715114995,1539715151514,36519
8e8c8c94-8b1b-4fdb-829b-e0d30db708c5,1539715112029,1539715132188,20159
e2c2732b-d72d-4d44-ac98-ee0bcd9dc700,1539715110369,1539715111506,1137
f172db62-51a4-496a-8bd9-b587edce90e0,1539715113053,1539715142346,29293
5838ebe3-9de6-4631-be02-2d16e4658a76,1539715113507,1539715145999,32492
d189b1e5-5f47-4394-a386-d0ba84996db9,1539715115635,1539715154057,38422
ff5c2caa-954b-4f16-8e74-94434c541f7a,1539715114721,1539715150520,35799
0149c150-4f17-4096-ac68-031ec4b7d4ed,1539715114769,1539715150637,35868
af802f3d-4f53-49f1-a59c-458d0e8430e7,1539715111520,1539715126367,14847
ecb2a7c2-a9a6-4c34-90fa-1afa5f6cb530,1539715111564,1539715126978,15414
2f9eee16-9e28-4e69-ae20-291767b2ebe1,1539715111524,1539715126405,14881
9ac61ba9-d5ab-4c41-a8a1-97dc47f01ba0,1539715112608,1539715138339,25731
9027e5dc-924d-42cd-a225-77f3a7824211,1539715113706,1539715146935,33229
48b23498-25f0-416a-973f-8abf53ed14de,1539715113914,1539715147694,33780
35637651-ee62-464d-ab00-cc941442be5a,1539715115010,1539715151585,36575
b5ca6ae5-34f8-448e-963a-6f9f454d5268,1539715115372,1539715153015,37643
b903766f-e5fd-4f9d-8229-0979571062c6,1539715111408,1539715124249,12841
96dc461b-ef68-42a0-868c-32fae0531b8b,1539715112572,1539715137877,25305
20701599-a7c1-424e-a02b-7d1d4e15cf5d,1539715112681,1539715139264,26583
fca94381-66d3-43b9-b30d-47656121401a,1539715114390,1539715149405,35015
6a37f35a-7f4b-4ca5-932f-b28d163c4b81,1539715114885,1539715151050,36165
daed0cef-2819-4f7b-bf9a-b6c759a84905,1539715113858,1539715147433,33575
1024d7a0-ee7a-4f26-97bf-415312f38b2b,1539715112348,1539715135090,22742
522717e1-439a-4678-a2b8-3f364d58a3b4,1539715113764,1539715147086,33322
b2b1219b-50e3-4a7d-94f1-546e320bdfae,1539715111430,1539715124542,13112
5f8902bc-68d4-428f-95fe-8dd9e24941c3,1539715112303,1539715134649,22346
b22b1398-70e5-4bcf-8d6c-13f98b4fce63,1539715111273,1539715122613,11340
4647fd2a-83a6-435c-bf55-cdeac87c32b5,1539715115217,1539715152396,37179
d01eccc0-9860-4e12-8752-915ea21c07b4,1539715112471,1539715136625,24154
f5d500f4-075d-488c-8e69-4cc044ba427c,1539715110922,1539715118513,7591
a9e0e812-559b-44c8-8271-a8422bfbafa4,1539715114934,1539715151286,36352
d654e15f-ad0a-47ff-b283-e23a607c59bb,1539715115331,1539715152870,37539
c6c1be45-e75e-4d3b-804e-ff31393907b1,1539715112482,1539715136726,24244
d90fc082-95c4-4372-b59c-992a3faecd02,1539715114355,1539715149243,34888
c9354ec8-adf6-4d82-8fcb-188095f4c0e2,1539715115388,1539715153050,37662
b4eafc87-8d8b-48c8-bfe9-4509bb930e08,1539715115812,1539715154602,38790
0b23a613-60b0-4ce5-b2a3-72fef584b2b5,1539715114039,1539715148107,34068
c253bab8-b68f-42f6-962f-69425699b4d1,1539715114802,1539715150785,35983
a0544110-5627-4b58-a16e-4954f2b2367e,1539715110685,1539715115716,5031
bef69619-fb13-4483-84af-41f72c7dbb98,1539715112537,1539715137263,24726
54e2b711-5151-46c0-bee7-f773b4699261,1539715111426,1539715124523,13097
e6646a8a-c161-44cd-8add-ce0b255635f5,1539715112273,1539715134482,22209
614fc23c-8674-4e86-b3b0-ccba911f8c3d,1539715113755,1539715147059,33304
4df77008-ecb8-4115-84af-c1cb2c34e97c,1539715111312,1539715123046,11734
d8f81f23-3b7a-44db-b1c6-90371d87d0ec,1539715110907,1539715118309,7402
796924d6-4f2d-4e3f-bf3f-5fe6c817bee2,1539715111439,1539715124701,13262
c9f0f7fa-937c-4d13-9534-dda66d63d5ee,1539715110568,1539715114224,3656
72fba608-d982-4b2c-8afa-0e181cc29804,1539715114155,1539715148527,34372
0b00deb8-a93b-477f-ac47-0bb3019ef294,1539715114735,1539715150549,35814
b6c753e6-6512-4eb1-bd42-b5e3e42099e6,1539715114251,1539715148891,34640
ea0570e7-3215-4bb7-9d4b-7029534e50c3,1539715110696,1539715115841,5145
be9b409f-f163-4fab-8894-fb8eefe36cbe,1539715112313,1539715134747,22434
ae8a30d4-5b0b-40b9-a11b-15682fdd51c7,1539715110767,1539715116640,5873
9b85ab12-c7e4-4ddb-be68-4d80a9e03c5f,1539715110627,1539715114917,4290
8df741f2-6eb3-41f2-9d7b-55b46262d01f,1539715110865,1539715117904,7039
91767e83-e2b7-4d31-85de-b4725aea55bb,1539715115097,1539715151862,36765
69d312e7-26f9-47e0-9fdb-64cb47f1d146,1539715115434,1539715153293,37859
27042cd4-f732-4a99-9257-6f1d12e72751,1539715115321,1539715152805,37484
39cf74b6-dbb8-4ed1-b786-19c376552c75,1539715111260,1539715122429,11169
919da4cd-9ded-4eb6-a56c-c2bf07fdd33c,1539715110588,1539715114457,3869
5b59df5b-3791-4daa-923a-126471b51087,1539715111648,1539715128095,16447
2fc53f49-af66-468e-b1ad-4e90cdfbd5cd,1539715111939,1539715131271,19332
36c531a4-db46-471a-be26-ba8e6130b19c,1539715113419,1539715145602,32183
7ed31095-2129-4dcc-a538-ed7979c5caf6,1539715114105,1539715148285,34180
43e9e789-22ec-4378-8656-97ccbbaacc2a,1539715113399,1539715145246,31847
d4af6032-5522-4cdd-9958-80325855a09f,1539715110331,1539715111021,690
a4cd8bfc-01b5-463e-b062-897dc5964c62,1539715115199,1539715152316,37117
0182a72f-3b32-454d-84b3-d37194d2363a,1539715113519,1539715146058,32539
a45b01df-cbf3-4a0a-8ec9-ddbe62486181,1539715113995,1539715147916,33921
4d6ff9d0-dda0-498f-a996-9bf560f3ec49,1539715114943,1539715151333,36390
0917a610-5c21-47d5-b3b2-95818033a404,1539715112185,1539715133839,21654
96290f03-d838-42f6-82e2-184272386b3b,1539715113184,1539715142911,29727
68485c51-bf33-467a-9932-ac1dd0af0bc0,1539715111865,1539715130704,18839
03ec5958-d2f7-40be-b08b-f425815889cd,1539715115015,1539715151601,36586
8a0695f8-439b-4996-84ed-7950be41c61d,1539715110842,1539715117675,6833
8315b674-834d-49b2-9fc1-73218a831d1d,1539715115692,1539715154254,38562
6893a66f-9e70-499e-903f-ff1ba285bd3d,1539715113179,1539715142882,29703
3454e9ff-f4a1-4e4a-8afd-cfd9ef064f13,1539715112504,1539715136867,24363
ef3bc791-a29f-4083-8909-ed01c500e592,1539715111499,1539715125977,14478
7d3a4932-cdfb-4c5f-a0d0-8d0ebed1cf9e,1539715112147,1539715133621,21474
2cd9f53b-5711-4199-91e3-46a373d4d1f9,1539715114909,1539715151174,36265
a94e4ada-36e8-455f-b6e5-c206eb32e87a,1539715111088,1539715120412,9324
9463db6c-c74a-4255-89be-2bb27f0f7126,1539715112013,1539715132018,20005
4b468ffa-e018-4059-9041-6ea2bc5a4879,1539715112171,1539715133804,21633
65988c52-e9ae-4ae3-8512-c59d0e55bfc9,1539715112706,1539715139467,26761
798c46bd-7239-4187-82d8-08943bae31a1,1539715114034,1539715148092,34058
ab3c12fc-bee8-4645-b3ba-7e725879d4e5,1539715112039,1539715132290,20251
750a2e08-0da6-4251-bbe9-0f9700c7ecf5,1539715112045,1539715132426,20381
c48d980d-29f2-431f-af92-a28407034503,1539715115631,1539715154037,38406
e062771b-2f02-4e74-9c49-10fb6d7f1667,1539715110832,1539715117595,6763
d1c70528-c21c-49e1-ac21-f9250b934d95,1539715111706,1539715128544,16838
9b5cb86b-70ba-4a70-beed-db1c01311e53,1539715113236,1539715143417,30181
0e7afff3-c819-474c-bca1-4b541e87fd0f,1539715112594,1539715138152,25558
d2cb6748-d389-4bb5-812d-92eb41e489c3,1539715113816,1539715147245,33429
e1c7789a-d06a-4bed-8f24-f24fd96451c3,1539715114063,1539715148186,34123
996e7063-a3ea-41e2-83c2-80cfdda931ba,1539715114786,1539715150728,35942
51ca4c5c-7164-4ebf-98f9-c1a567340b0d,1539715110715,1539715116017,5302
b24bec05-8b9f-4d09-b2cb-7b4826c1f0cd,1539715115616,1539715153995,38379
44ecf0ee-5815-487f-bffd-72293ef9fceb,1539715115172,1539715152194,37022
2d29b649-1d04-40ab-ae2f-eb8b53c66731,1539715112556,1539715137543,24987
55eeb676-444e-48e0-b523-a5769f406905,1539715111879,1539715130826,18947
ea2f5fa6-6c44-4b0a-afbe-1d4d1a7b26ea,1539715111761,1539715129343,17582
87cc5120-ff51-4f7a-842b-d5a5f63bbd9d,1539715114756,1539715150594,35838
5b2be4d6-e0f3-4027-8560-2e1e3a9684e5,1539715115787,1539715154523,38736
1b9493e9-4921-498d-889e-70f92f426af5,1539715112055,1539715132568,20513
a272aef0-a981-4f9b-9e35-9be1d0b92ddc,1539715111588,1539715127351,15763
c0c8b27c-4558-4675-b5c6-0cec68a0ba22,1539715111909,1539715131092,19183
e731a0e8-0143-4d73-b371-8f38ea7bc28c,1539715111203,1539715121823,10620
84cc45ba-93ea-4091-a3be-e4bc465597e2,1539715112621,1539715138537,25916
8b1f053c-3cd5-4002-80c3-cd4c518f2333,1539715112292,1539715134618,22326
14603331-98b8-44b3-a49e-d3a5474b675d,1539715110291,1539715110628,337
6a0d73be-3f30-4e83-9276-4f61999a9522,1539715112637,1539715138638,26001
853ea54d-f88a-4dc6-a88d-0307733d69fe,1539715115304,1539715152656,37352
bc39308f-c635-4b29-af2a-d479923d6f47,1539715111616,1539715127712,16096
72209ef4-d549-4913-98e2-0a0948439514,1539715114305,1539715149014,34709
16c85e82-6a8c-4259-832f-e4ce832b91f0,1539715111661,1539715128193,16532
341a378f-8bca-4373-a13e-2372b4843d43,1539715111444,1539715124734,13290
0064851a-aaf4-4cf2-b32f-5aea7ae4a674,1539715112603,1539715138300,25697
f12166e9-722b-47a7-97b0-16151208a3fa,1539715115377,1539715153028,37651
11f9c832-8398-44d9-b21f-2742c87e4268,1539715114172,1539715148673,34501
9bd22355-f039-4d21-adb8-7723e29c801c,1539715114717,1539715150506,35789
3a804477-f15a-4ba5-ab82-cfa74e5b449e,1539715112399,1539715135632,23233
e6003141-021c-4b77-8355-01f868637877,1539715111883,1539715130864,18981
f1f8573c-4352-414f-bf9c-63ca61b75e81,1539715113451,1539715145781,32330
b9d4b977-cd2a-46ce-adec-3623a85e5ce2,1539715113301,1539715144149,30848
85838ed8-0aca-4a71-925e-036544fad8e1,1539715114359,1539715149257,34898
6e30ad59-b9b3-4814-9436-d9086a044b40,1539715113843,1539715147361,33518
ce79d949-86bd-4aad-910c-b5a44ae89d81,1539715115124,1539715151969,36845
4aa2ca9c-0293-463c-a7af-760eca476657,1539715110880,1539715118062,7182
32e2c2e1-98ca-4e86-8e15-870291e9e53b,1539715114967,1539715151424,36457
e0aa9ed7-1ce1-4e91-a93f-18547bac79de,1539715110522,1539715113794,3272
4f3d5d6b-3311-4dd4-a310-4d134a3ab35a,1539715114205,1539715148793,34588
2b65b370-f9b4-4ccf-a895-f9884288902d,1539715110450,1539715112786,2336
7c764cd8-b835-40a8-8e6d-ea6701c325f4,1539715111291,1539715122795,11504
e0cfe37a-9910-4ee0-ade4-e718c82ddf6c,1539715112326,1539715134792,22466
e5060fc6-e34d-460e-8c09-55439dd2fd8a,1539715111861,1539715130688,18827
6d7e8096-975a-486b-a73c-19a047a36144,1539715110355,1539715111350,995
b713f6bc-f089-4972-9d17-9ce93ab5ec15,1539715114230,1539715148841,34611
0966f972-016c-4ee2-a71c-90c11f76abdd,1539715115260,1539715152530,37270
505d5fc5-c769-4c63-9d58-3330e8c8e68c,1539715111251,1539715122246,10995
07efacd2-993d-40c8-ad05-1862420a2990,1539715113390,1539715145202,31812
ddd17cc4-70e8-4738-9500-785b08a42ecb,1539715114004,1539715147954,33950
049b1409-628d-4606-9cec-e85ba45d799b,1539715114550,1539715150003,35453
20f6e220-e000-4819-b03a-c739e0fce75e,1539715111840,1539715130457,18617
e121b14f-33e0-41d7-9aeb-97a11d0c8000,1539715110985,1539715118905,7920
8e435b62-2ab9-471d-93f6-70b67792f5af,1539715110692,1539715115747,5055
91a67482-59a3-4c08-9e7c-d31a66fea46d,1539715115270,1539715152564,37294
a2b0560f-d9d6-4120-b049-8a5147924cbc,1539715110898,1539715118260,7362
a85b3295-042d-4026-8925-0def93d2268a,1539715114730,1539715150534,35804
3f74b623-d8ca-4175-8b3f-64fdd6547172,1539715114667,1539715150366,35699
69d0b131-3a9d-4b2b-b7db-4c48f44c4ea9,1539715110902,1539715118290,7388
4f5eb028-ece8-49a4-8862-ab1c9ac3072d,1539715112061,1539715132640,20579
0d5ef01e-e0d5-4fd4-978d-ae7aa9e835f2,1539715111476,1539715125451,13975
1886a30d-d847-43a9-8034-64d78572117b,1539715110464,1539715112888,2424
455890e3-34f5-49d5-9546-55c673170dae,1539715114676,1539715150381,35705
a834c653-4aeb-4ef1-b77b-ddab60667fea,1539715113471,1539715145850,32379
9b07a522-66a3-4aeb-8b5a-09c468ee5bd1,1539715110759,1539715116545,5786
d5c7273a-4b0d-4dfa-8daa-86b90ba039e9,1539715115280,1539715152601,37321
8c603129-f480-4b2f-884e-ce83ae23bcbd,1539715113788,1539715147131,33343
73b1a162-61f8-4f77-a34d-616393822525,1539715112677,1539715139213,26536
debbb435-b265-4fa0-9bd1-ad87fedf750c,1539715113364,1539715144893,31529
d185347d-6deb-4206-ab64-b6f106dba2b1,1539715110894,1539715118210,7316
26b25164-9c1a-44f7-b75f-e2e17d1c60e8,1539715114518,1539715149902,35384
4e0aae45-a38d-4cb5-a9ef-690838802200,1539715114407,1539715149453,35046
27bf1bfb-031f-4a53-8c53-2c7fd411269c,1539715114843,1539715150904,36061
35385734-2386-4e8f-84d3-a6315f6cb678,1539715115696,1539715154277,38581
0e0bcb76-843d-44e4-91e4-921a73b898ee,1539715114631,1539715150271,35640
fd6d0495-0ed6-4047-bfc2-384a55d680e8,1539715112487,1539715136762,24275
d1fadd9b-a35e-432e-ac9e-89963cb80ddc,1539715110472,1539715113142,2670
7ad294c7-8b69-461b-a78c-6cb3000804ec,1539715114277,1539715148940,34663
0c235e23-9712-4e35-90a1-9c6232da71cc,1539715110503,1539715113541,3038
75c3c38e-af87-4f04-bfb7-df4d6fbe1c8a,1539715113560,1539715146325,32765
8333aeb5-3a66-47ce-a094-daa23fc9e693,1539715111147,1539715121293,10146
33d066e7-4552-46d2-b6bb-77059e18748c,1539715114332,1539715149147,34815
2b40feb1-50ac-4c1d-a18b-0c3c7c67059e,1539715115129,1539715151983,36854
944a2398-d3d2-4287-997a-50b424e6795d,1539715115160,1539715152146,36986
4cd13cbe-25cd-436d-b139-888dabdd08cb,1539715110828,1539715117550,6722
ca6fd274-39f5-4b5d-8b75-cbad0c74eefa,1539715110583,1539715114421,3838
5a8fdc85-4c1e-4b64-a415-b17bebe9ce5b,1539715114613,1539715150235,35622
3c5a3904-a8ba-4455-b9c4-af332750daad,1539715113642,1539715146718,33076
d3779d81-cdc7-4225-8eb1-94e4d0bd77af,1539715112889,1539715140648,27759
478a61c0-d920-42b6-9361-90c31f11e085,1539715111006,1539715119149,8143
51e09868-d0ab-409c-84df-a728e7c5f259,1539715115605,1539715153935,38330
a1a68d4c-1186-471f-9a8a-9c9e0806e770,1539715113701,1539715146916,33215
a44c015c-4bd8-443c-ba9a-2ffb1e8b2ac7,1539715112384,1539715135502,23118
92000071-b78f-49af-8428-50dd017823c6,1539715113908,1539715147680,33772
7f97cc74-e597-4fd2-ac70-608978d96d96,1539715111043,1539715119673,8630
56e42274-4095-4765-a2f3-402477e68389,1539715113564,1539715146342,32778
fa298d93-ef96-4ae3-b6b9-202fe803c28b,1539715115152,1539715152097,36945
3d7f8668-d8ed-4b58-8eca-6b2572b5625b,1539715112077,1539715132809,20732
2586cdac-36ff-4b52-9516-83fa5b277ffc,1539715112086,1539715133062,20976
67eb8f5f-bf31-411a-b1f2-220d41ca723c,1539715112286,1539715134586,22300
0ab2864a-3d22-4bea-8d7e-aeada3153901,1539715112931,1539715141258,28327
3154988f-3b1d-4f74-a762-21e4bce26cb8,1539715114459,1539715149679,35220
6be84c81-b9b0-416d-b482-6d57f1f212a2,1539715111653,1539715128136,16483
d2bef078-ae03-4bde-9b6f-fba5fdaf9008,1539715114123,1539715148356,34233
667e4c87-773f-4bc3-b399-d329b9ccae1f,1539715112033,1539715132272,20239
4c7b8ea9-f3f8-4a1e-b1a9-e90605668608,1539715110755,1539715116506,5751
b6754af7-4b29-4015-8920-26aa543e46b3,1539715115230,1539715152425,37195
3bf3160c-def7-4b7f-9556-50fad8bac30f,1539715115308,1539715152672,37364
194731c2-62cc-4b3b-a7da-359fb18a0e53,1539715111422,1539715124449,13027
6847f484-f857-4c72-9299-c2abec335e39,1539715114578,1539715150141,35563
7a3ad266-d1ba-4f5a-9daa-d8949dbb55a3,1539715111826,1539715130229,18403
0a7f4e76-138b-409e-a61f-3babb6183dfb,1539715110808,1539715117271,6463
04b10585-75af-49cd-be09-bc95a8d42a28,1539715112518,1539715137051,24533
c8d997bd-6f5a-4bc4-aed6-b39292ad82e9,1539715113487,1539715145884,32397
52cf260a-b093-49ba-953d-c8cdbe6585a4,1539715112100,1539715133157,21057
153afaab-e18f-46e5-bde0-1da6a17a6ed0,1539715114454,1539715149661,35207
c7a140f3-98d3-4dcd-a7b7-06bb66be195f,1539715112748,1539715140115,27367
313ccee6-02d9-41ca-bdf6-303a894ecc49,1539715113338,1539715144575,31237
4cc851ce-8ea6-4f76-b786-adf5390fbe62,1539715112477,1539715136674,24197
3a04e3b3-f769-4fdb-9a3c-c71d12e08e8d,1539715114700,1539715150455,35755
64c820fa-3d36-478f-b4b4-172d576e403b,1539715113042,1539715142131,29089
15785b99-1278-4976-b4ac-da2404f47434,1539715115489,1539715153526,38037
d71f37b6-2694-4e05-8252-0988dbaa10c1,1539715114297,1539715148993,34696
55ea56eb-be52-4e30-8bce-a434f3512f33,1539715114663,1539715150350,35687
3c781874-12b1-4344-a7c9-c6acc97b5787,1539715111732,1539715128971,17239
60b119a9-ad45-483d-a732-9d5df1c74fe5,1539715111197,1539715121790,10593
e466cce0-dc9e-4392-8ca3-e1d0d7b8bda8,1539715112220,1539715134153,21933
e72f18d6-ea4a-4904-8f84-06200217703c,1539715111301,1539715122855,11554
d2cf17ca-f4e2-4a7f-a52b-8074c02f6451,1539715111680,1539715128341,16661
7d950a81-30e9-4f98-8cb6-49662cec254b,1539715112762,1539715140283,27521
921baab9-b325-4f1c-8954-3e66d3978ee2,1539715113551,1539715146274,32723
fa1cfeca-2f54-4397-98b1-a4f1e56332f5,1539715110459,1539715112844,2385
7c96d2b7-d023-47eb-9a1b-d3afc8bad715,1539715112580,1539715138033,25453
a36837ba-3a76-4503-b5ac-89a252dc7ba5,1539715112394,1539715135602,23208
c954c665-dd19-4909-b2ef-a9d78903719f,1539715114082,1539715148243,34161
d28eae24-a3bf-4657-9c11-ce46b085cbc8,1539715115518,1539715153647,38129
8d93af1b-be75-4fb1-b942-cc38d6902ed3,1539715111332,1539715123390,12058
d721dbc4-430d-4b3a-8593-3bdc01fecf52,1539715114114,1539715148326,34212
637e7efa-9e59-45e7-8f98-36761cd18480,1539715112199,1539715133950,21751
1d5c478d-28f4-4db2-9c84-0ec5f4324450,1539715115043,1539715151669,36626
c2c5e191-1df4-47ee-9458-c9ba2067ffc6,1539715110573,1539715114272,3699
66db1af3-6e6d-492c-8127-b407f1cc7aa6,1539715112738,1539715139974,27236
7e3cb0dd-b154-4e7b-8338-baf6243001ac,1539715115537,1539715153726,38189
48c75ce4-e3c4-4e24-aed6-3866e644007b,1539715112002,1539715131855,19853
dd1d9e36-d43d-4e9f-ac61-4e638b70bdd2,1539715110418,1539715112367,1949
3305c7e3-cfd3-4c82-986f-67db88adf389,1539715111466,1539715125333,13867
c79a2fed-67f7-417c-b4a7-c603c00b1360,1539715111327,1539715123306,11979
c40b4d47-121b-47c0-9066-66fb4a3c701c,1539715114285,1539715148977,34692
be59efa5-9ac6-40bf-8884-f84ba5a6c9c8,1539715113163,1539715142632,29469
4987fc3e-03e2-4a94-9c51-81454dcf6edf,1539715113605,1539715146548,32943
d87ce259-f3ca-47cc-9310-1b391fff1c7f,1539715113868,1539715147465,33597
45a7d96e-2204-41a0-8983-feaf1ac15711,1539715114797,1539715150768,35971
a89be784-f95a-43b3-8479-b28a21a3367b,1539715113807,1539715147214,33407
415bebe7-b9ec-43d3-b821-90d8faf2186b,1539715115763,1539715154434,38671
554f38ea-744b-41fc-9ad6-f6faafaccfbd,1539715113404,1539715145284,31880
9588bad9-5d5a-4e75-8040-c4e7c1b72264,1539715113545,1539715146224,32679
746321a2-077e-4f7a-a039-71394e8cb772,1539715113380,1539715145002,31622
041a805e-466d-435c-a273-2089989fb7d2,1539715115356,1539715152961,37605
81ea0a42-41e6-4263-b9dd-4974e8ba2f9a,1539715115566,1539715153815,38249
24b53833-ab38-40b5-81b6-be8cfb213d69,1539715113259,1539715143579,30320
5c484737-d669-49af-8eeb-df0c854f0060,1539715115114,1539715151949,36835
79159634-f202-469c-a876-a5b78a9c0599,1539715113716,1539715147000,33284
98701ca1-eceb-4656-8f77-a025a4ce9ac7,1539715110552,1539715114113,3561
dd90790c-4980-4e92-b87a-1edfba9b1593,1539715115549,1539715153773,38224
75da9b8c-3cc3-4412-ad53-7a44881d1066,1539715112408,1539715135679,23271
c3464d0a-b4b1-4719-9bae-e97d3b6ed24c,1539715110395,1539715112040,1645
a82d09cb-192d-447b-9d1e-dd9353c29f42,1539715112948,1539715141374,28426
60a2db72-5f71-43ca-946e-60113ac5cda7,1539715111377,1539715123862,12485
cacdd57b-900e-4cda-8da3-1c6f86195d8c,1539715110304,1539715110811,507
8887cdf4-6e75-4816-8c95-d458193fe5f7,1539715112552,1539715137528,24976
036a7f42-3f07-47cc-976b-ab0a23c5f5fb,1539715115782,1539715154481,38699
8bed4420-06dd-45de-8915-e43188b3d9e8,1539715110382,1539715111695,1313
05cb492a-fc5a-45aa-9861-ae64eb3538d2,1539715114493,1539715149833,35340
ca27580b-5129-4fd1-a870-64e59feb848f,1539715111217,1539715121927,10710
81001be0-9ef6-403a-920c-093c068405b5,1539715111161,1539715121406,10245
8585d1fa-b5b1-46cf-b4c7-f92724b79a9e,1539715114449,1539715149641,35192
9b29c3f4-3ee5-4725-a7c7-90a83f9b7a84,1539715112352,1539715135135,22783
15e1398a-4cc0-4aee-947e-78f8b602cf13,1539715113370,1539715144937,31567
a5661183-b7c3-4cb5-b72a-6bf49c487dce,1539715111187,1539715121637,10450
752a431a-65e3-4bfa-9b80-19cb043c3c75,1539715114119,1539715148340,34221
ca799e47-4a82-4a91-8313-91a7c0676795,1539715114574,1539715150125,35551
b4cfb942-3303-452d-a012-da9a804acf78,1539715115110,1539715151934,36824
20f5e8c1-9037-4114-9206-602bc03b3aa5,1539715114537,1539715149956,35419
8b9218eb-7026-4f44-bc87-6182bd7c5c34,1539715110846,1539715117717,6871
4a9a0b45-592a-469a-bceb-2af005830ed6,1539715113863,1539715147451,33588

Average Response Time:,24960.0
Minimum Response Time:,284
Maximum Response Time:,38872
TPS (Transfers/second):,22
Standard Deviation:,11731.915872355888

Total Time elapsed:,44469
Number of successful transfers:,999
Number of transfers with response time >1second:,985
