d2411f38-d955-4d61-a3e2-6fca27b061fb,1539897785617,1539897786062,445
7e4081f5-6db2-4fc4-be63-9ca759d0c2fb,1539897769389,1539897770253,864
239727b2-25f1-474d-b7f1-44fd727bc1b5,1539897754723,1539897755893,1170
5dd9e3bc-8e16-42a7-a28f-393b6c46f4a1,1539897800643,1539897801038,395
72125bf8-2c63-4be6-8a71-bb28e76c2a44,1539897767315,1539897768060,745
bfe64896-9591-4858-8a80-627e6f11b1d1,1539897753829,1539897755057,1228
619ff4cb-ac11-4620-a627-c0ad940f2173,1539897758878,1539897760057,1179
00d980f4-ae2f-4ab6-a6de-74c3b74427ba,1539897776002,1539897776326,324
634ce86d-59ac-4d91-be0c-5768e534575f,1539897784331,1539897784762,431
4caadb46-775d-4301-9a83-8eefd281b696,1539897773538,1539897774053,515
5b7c5e74-c394-478d-b4ed-15a7242f29ab,1539897765572,1539897766341,769
be402ae4-4a70-42e7-9b60-62e68c3e1fbb,1539897778470,1539897779256,786
2c252480-5ed3-4b2a-afb5-52008eb68563,1539897773241,1539897773749,508
68236296-8e90-4651-ba4f-9a8a1e274eee,1539897792860,1539897793410,550
e733599e-9fc1-4b4e-ba98-97dfe018c959,1539897764336,1539897764728,392
14df94dd-5682-4559-a52b-666d921682ca,1539897783588,1539897784008,420
ccaf66d5-fb38-45f2-9d82-3344b20db965,1539897751677,1539897752020,343
b5566cdc-7e01-4970-ac5e-e69869ac7678,1539897798485,1539897799520,1035
5557dfec-0f6b-4e36-b242-3fe2a251d823,1539897791937,1539897792249,312
4ba83371-eaba-4821-ad39-c0359ccba083,1539897795994,1539897797003,1009
8af32919-b158-4f02-a60a-c65ae627c83a,1539897754807,1539897755951,1144
e7aaa25a-dd03-4937-a3cc-20082f2208db,1539897763615,1539897763903,288
42a11449-8d13-4780-b3a5-c25486131704,1539897801103,1539897801534,431
dd6bb5e4-6801-4fd0-b7a7-1a6b7e316839,1539897758194,1539897759336,1142
042d1d5d-9c3a-4e18-92c7-7dd522c41464,1539897792750,1539897793257,507
d06c7ab6-8238-4ef4-b46c-85ab638dd6b0,1539897798449,1539897799497,1048
072be6a8-3f8d-43ce-ba5d-c88527eebf6a,1539897788194,1539897788968,774
52caaafe-2250-42da-80fd-149f6a00dc57,1539897756733,1539897757776,1043
e38191cf-b5d3-41dc-baf9-137e92fed5be,1539897754997,1539897756092,1095
00cd44f4-aced-4ba5-baff-5e50242f91a4,1539897768561,1539897769289,728
3ff992af-05b7-4e77-81b6-8062d0549921,1539897782617,1539897783040,423
882f90fc-cedb-4288-8b3d-fe19b9c27f83,1539897788538,1539897789259,721
064d9a71-62b1-4b68-a67b-f8dc1362af4e,1539897773090,1539897773605,515
0fc80828-d746-4ab2-aef7-8f674b8102e7,1539897753332,1539897753866,534
9b9331c6-09ec-4d27-a831-b244677a96e4,1539897757580,1539897758668,1088
8763f8d3-984a-43a1-b773-9dd6df31b968,1539897774958,1539897775260,302
758612d9-f921-4dd7-8af9-e2b6a4cadb1e,1539897777911,1539897778722,811
c88837b7-20c1-4ab6-bebc-c23b855e246a,1539897797812,1539897798858,1046
613296b1-7268-4a07-bedd-43a259318341,1539897772807,1539897773317,510
38ab1515-43d8-44c7-857c-444579be4268,1539897756569,1539897757579,1010
374983e2-8ed5-4928-b3bb-977799fe087e,1539897769807,1539897770540,733
2687bec3-1390-4534-add7-ce2e4a334f75,1539897774575,1539897774897,322
461fb95a-9dac-4857-ad2f-3f8f5991dda2,1539897792046,1539897792367,321
b967666d-1549-4be3-98e5-abfdada63ef0,1539897798144,1539897799201,1057
53688a64-4fc0-4754-a6b4-e81bce66476a,1539897797638,1539897798743,1105
1d1ec9e9-7582-4d40-a82c-312ed82b02bc,1539897779769,1539897780666,897
81ac94da-d1ed-4787-9774-d10a2855f064,1539897778896,1539897779726,830
acfeae81-8725-4c19-8bbd-6cd8af2a30d3,1539897796689,1539897797672,983
10f9142c-6df3-4394-b1ff-5d18a2d00832,1539897786827,1539897787260,433
56b2a60f-f42f-437c-8afe-c402eb253e3d,1539897788691,1539897789427,736
eb403b28-46ae-4011-bf48-44ca2b86af1c,1539897782274,1539897782584,310
f191eaf2-57d9-4e2d-9ba6-3fe723a5e105,1539897800678,1539897801102,424
bdd57969-ec81-41b1-90aa-886e65d7f29a,1539897777446,1539897777957,511
a383feb9-c9bb-4649-bc56-868e50e4fa83,1539897798826,1539897799712,886
de793bfe-ac7c-4a4d-b6fa-116752b61336,1539897760610,1539897761621,1011
90b92453-b4ea-4e9a-9853-49993ae47775,1539897765117,1539897765827,710
a3f144b1-9cff-47d0-ac95-0068aa40db8b,1539897773165,1539897773659,494
b86122f2-ed0a-4191-b062-6395bd4416e5,1539897775333,1539897775700,367
944cb129-159a-4467-8ac7-34beb9116858,1539897782384,1539897782739,355
a28e354c-cd83-4697-b2a8-e40a28771795,1539897784662,1539897785056,394
ac6814be-3764-4f40-b42c-cc8992a6aa44,1539897764614,1539897764956,342
d096b83c-626b-432d-b929-43b100232bc9,1539897777052,1539897777519,467
0143c493-0ee0-4b9b-999c-c9c5c2a4d683,1539897784102,1539897784564,462
4846e2ba-35c1-4a5d-8752-8b23506f22fd,1539897773205,1539897773689,484
34cb77bf-caa8-4c4e-8c4a-e979f74ef292,1539897766283,1539897767119,836
298a176e-4c68-4c14-9eb9-91029e9a0e18,1539897796033,1539897797036,1003
6ad8f9b0-591d-4574-8c3e-8b88a0cd2d96,1539897778318,1539897779132,814
6d03ebb8-e932-4dd1-8f94-31cae1db5eb9,1539897787338,1539897787712,374
1ff17a40-fc95-4ff7-9855-5edc2b4c96f9,1539897792715,1539897793203,488
24c7c7a5-bbd5-43f0-9ec1-cbdbd19b2cba,1539897786272,1539897786797,525
19709fda-80ba-4f84-a4a7-30409232b504,1539897798755,1539897799683,928
6a135586-23fc-4078-9960-cd6261084168,1539897801054,1539897801499,445
36340e8d-74ef-421b-9127-ae149e61099c,1539897778969,1539897779809,840
d1265499-1d1e-40e2-95c0-5d46631829d4,1539897782496,1539897782850,354
2ca1f3d0-92e0-43ec-a02e-e63980746eca,1539897795391,1539897796487,1096
fa03e944-bb33-4790-9f98-47f4a8d07a5f,1539897753250,1539897753744,494
a88d9762-a2cc-4313-b34c-5fe87a5c9bec,1539897753528,1539897754111,583
d608bf38-eb82-4285-af71-5d74a510fd53,1539897791710,1539897792016,306
a2f663f6-2f4c-4ea9-9b9e-9b123485074a,1539897795027,1539897796009,982
adc082e8-0208-4a0f-9a20-8d14d77280f0,1539897783982,1539897784476,494
eb98369b-38ca-44f1-862b-2c7d7f46b24c,1539897765376,1539897766112,736
d2cc6b60-c3a7-4305-adce-2e896a353fe7,1539897785384,1539897785748,364
50c686a5-5f51-426a-b4f2-000742c0079c,1539897787534,1539897787966,432
01e07fa5-b9f7-45c4-ad1e-d03e3f977376,1539897773883,1539897774335,452
c1371f81-4f5d-45ee-a1f9-a04398f6b9f7,1539897768754,1539897769491,737
617dca81-5043-4a43-8563-a7a6dc1b0ca3,1539897779041,1539897779876,835
d979a4bf-ec11-4e78-8f2b-e3e6093d3358,1539897779543,1539897780501,958
3844375b-b32d-4e3b-9d76-6906eeb226ea,1539897775736,1539897776094,358
38af2b4c-642a-4c0b-80b7-37156abdad9b,1539897766059,1539897766852,793
d1c2222b-9598-4b9b-90e3-8852b52c2c9d,1539897777160,1539897777624,464
2a957c65-c347-45a1-92b6-16e383691cf4,1539897751722,1539897752055,333
b38f2fd7-b052-4510-b530-b45075c1621c,1539897765612,1539897766386,774
a92ab9e5-516b-4db8-9241-6d915c84253b,1539897785315,1539897785683,368
874d5b2b-714a-4e00-b85b-01e8b6f599ff,1539897773005,1539897773509,504
cd6e97b4-7818-4b4b-8725-03c0438294e7,1539897796615,1539897797593,978
fe60dda9-47fc-467b-aa02-accee284b845,1539897758561,1539897759752,1191
0044f3f4-2f11-493d-bec9-52a3640eb289,1539897752045,1539897752438,393
67772ec0-8a6d-40f2-9ab6-d39752634425,1539897783502,1539897783919,417
fa2e9786-a70f-4a8c-a64d-3eb5c5bd3895,1539897784516,1539897784877,361
ac0aecad-a1af-446a-bd6b-97f4883bf595,1539897755084,1539897756177,1093
49bc3549-5c30-4485-80d8-60f932c8dd5d,1539897784971,1539897785315,344
0792f172-aeab-4488-88a3-392032dbe806,1539897774191,1539897774587,396
a0916453-650f-4f26-8e17-d6b93844f748,1539897782578,1539897782950,372
311f6ecd-b3cf-4171-a2fc-5a8ec5d2a92f,1539897766318,1539897767177,859
7fa6cc05-0884-4940-b9e4-ebbe55c5cbd5,1539897767424,1539897768138,714
0f470d6b-e33f-44c7-81bd-3b310f22fb7d,1539897765255,1539897765971,716
f2199575-891d-4eb3-abe8-f433f26aa5c1,1539897764688,1539897765021,333
64bf7017-3740-495a-ae74-254033790143,1539897798068,1539897799156,1088
fed91f0c-8f5f-4679-a696-ab7c7398cbfa,1539897774879,1539897775188,309
4e183778-224e-4fa4-8698-732710a97a58,1539897773923,1539897774405,482
dd1c83e9-a87c-4e20-aa9e-f85330412aa6,1539897786166,1539897786614,448
3dfb0e93-e1da-4fca-8d96-975f4aaf2eab,1539897778547,1539897779328,781
0db64b3d-914e-4c21-a556-6d0e9d38cfda,1539897765038,1539897765535,497
98e0086f-c974-4294-a2b8-8fb4a27c2e6c,1539897769845,1539897770559,714
dcc0d16d-d70e-44fb-914b-c4afb213778f,1539897791977,1539897792286,309
7003d4d3-ff13-488c-9e97-bfad725a4ec0,1539897795506,1539897796560,1054
bf2efc43-44b8-4ab9-bc75-f4cd63ada3ef,1539897764450,1539897764829,379
84019b63-4d78-4e76-8da3-7eaf63a45937,1539897794239,1539897795043,804
4095b741-11bd-4548-b490-afa93c266bb0,1539897794700,1539897795550,850
89f2502a-3619-4cc8-85de-c6e76ebf778c,1539897769349,1539897770233,884
dc27b3e6-8393-4b73-8a2a-433e76e326d9,1539897764022,1539897764395,373
0234e0fb-7b3a-4cdf-9748-6ab9a21c5e15,1539897774834,1539897775103,269
dac937a4-a198-4a1a-bff0-4565c7e4d216,1539897766403,1539897767250,847
fc92ee8b-9886-4cbd-b6ba-b12d871e3956,1539897768717,1539897769445,728
0dcd9017-4d88-4ac3-8640-beced0a1b971,1539897755885,1539897756953,1068
87654f19-dbfd-4445-982f-9d027e2875b5,1539897752934,1539897753417,483
49b39ced-4f51-49d5-98a6-87c8039ad176,1539897774331,1539897774710,379
ee39ef8f-985d-4c0c-bdf1-88ac6c13b97f,1539897752255,1539897752691,436
7089a841-edd5-4fae-9c36-d13556e94448,1539897754064,1539897755398,1334
f0b640a3-c293-42f3-b06f-03e601916be1,1539897789501,1539897791086,1585
f53326a4-d016-47a2-a3ab-3d29aa77ae00,1539897791829,1539897792133,304
5764564e-f565-4a6e-8208-a424bec66bf7,1539897793677,1539897794486,809
853a8161-b173-4e07-95b3-bdcaf0ac0fe7,1539897754677,1539897755825,1148
4d14d061-64d6-43c0-bae1-542bebbce341,1539897751632,1539897751984,352
07ae0724-dd15-41b8-9196-70d094072393,1539897787925,1539897788541,616
97427cca-7086-4937-8a19-bdf31f0965c6,1539897751294,1539897751636,342
657952e3-d4ff-4b8b-937b-0f7429083b33,1539897756128,1539897757234,1106
d561db46-64a0-4323-8666-05ed99c3266b,1539897778119,1539897778903,784
0372d8bb-d6c3-4c86-ad01-19a3ed53723a,1539897777528,1539897778047,519
ae534bb4-3b50-4a73-aca4-36f58e7d2b55,1539897801541,1539897801845,304
611d83e9-dc8e-4ed2-b24d-6e2ff7e8c1d8,1539897773772,1539897774270,498
6e892d09-8738-47d9-a8f6-fa64f7ce31a7,1539897789573,1539897791112,1539
290fbf91-d066-42d4-a38f-15ece041ec47,1539897783288,1539897783798,510
0d081450-b483-413b-9785-80e186652e5b,1539897764914,1539897765365,451
e63fb820-2b8c-4451-a21f-63925a3ea8e6,1539897783251,1539897783759,508
73e2d2e1-36c5-4935-90f1-f3e3e2c87851,1539897783629,1539897784064,435
3e17abb0-24b5-4943-af53-192362d58dd6,1539897796435,1539897797374,939
720855a4-17ca-445c-9410-85c15860f819,1539897759101,1539897760316,1215
792a8162-2bd9-43d5-9ba8-e80f3c98388f,1539897754901,1539897756015,1114
2115815b-bca8-4b2a-8cd6-731c0c3d7fad,1539897752478,1539897752984,506
e2b73d54-0328-4714-aaa2-037c1c63cb0c,1539897757249,1539897758357,1108
6969c0a0-06fe-47be-9262-aa75717aaf2f,1539897788464,1539897789216,752
2262e18a-2bb8-429b-aec6-bcb57d8181b7,1539897755614,1539897756689,1075
8d480548-b4fd-4700-b15f-dfd6bf0b77b0,1539897782739,1539897783156,417
181c2a2f-a804-45e6-9248-e64f1fc40f20,1539897788968,1539897789714,746
12d2ff74-de5b-4ec6-9281-a3068198a60c,1539897784478,1539897784851,373
519cbfc0-24ea-41af-a88c-0c2f473a77d9,1539897752005,1539897752394,389
18b09465-3525-4469-89fb-e08dacde1196,1539897759142,1539897760353,1211
dd95f858-cd8b-49ca-a028-2615ca14d445,1539897791864,1539897792161,297
c3a76c62-9865-4d28-8934-5df794856bb9,1539897768166,1539897768919,753
7cc2057f-013d-4cc1-a088-24f915e521cf,1539897798902,1539897800491,1589
78afdb72-8918-45fd-906c-5d78306ca756,1539897788816,1539897789524,708
e1f73908-c8b3-4af0-bda3-443872ece579,1539897756253,1539897757294,1041
f55ccd74-b847-4e81-a257-2297854afd62,1539897792168,1539897792480,312
b348998c-4269-4873-9655-8e78441c40bb,1539897786092,1539897786547,455
3b157eb8-da22-4877-b537-ca4f2b1dae03,1539897753408,1539897753957,549
44fa1213-0ee5-4eed-8444-f1288ba3e97b,1539897795734,1539897796711,977
289024bf-6692-432f-b056-612b6253354c,1539897800568,1539897800963,395
ba0ac394-379a-468e-be75-2b4d1ef3f6f0,1539897760234,1539897761413,1179
dcf98452-eab2-491f-a5d3-b5d36d1656e4,1539897775771,1539897776117,346
ca8756bd-5315-4df8-afd9-17817e144fea,1539897796730,1539897797688,958
338d4fb8-2686-4680-bf01-07a9d8ff7598,1539897798409,1539897799435,1026
6fd03e16-0ebc-4b54-aa74-7e005664848b,1539897795769,1539897796779,1010
50ddb42a-d463-49fb-9e97-0397f98c5871,1539897764955,1539897765395,440
2033c990-15d5-45fc-8c62-02bd05073dc7,1539897797601,1539897798705,1104
a7a6e056-ab39-4830-9fcf-4ffdc2ae326b,1539897801456,1539897801714,258
624eaf8e-d26a-4185-972e-12043fc0bfcd,1539897788731,1539897789451,720
e808dac0-372b-4c86-8261-5c1098babe4b,1539897801657,1539897801940,283
fc0ca6c9-0148-4329-8bd4-07f092c4c570,1539897792971,1539897793567,596
abbd01ab-7ba4-4997-bafa-f5b4141a94a5,1539897759784,1539897761018,1234
fdb78f8d-c38c-4a70-a6d9-c1b76fe37184,1539897787577,1539897787995,418
159bb831-878b-4dc9-b0d3-91520497c77b,1539897753901,1539897755183,1282
35a63b2e-403a-4304-96a0-a1aa61ae6f80,1539897764143,1539897764557,414
2d3b6f60-db5a-4e77-9be3-dbf057f15f58,1539897752818,1539897753342,524
7c5aede5-030e-463b-8c06-baf5534bf594,1539897795472,1539897796541,1069
754092ba-5eea-43cc-8c8e-87af7685005c,1539897788612,1539897789343,731
c640c90a-da33-41c4-b465-be149ac01c30,1539897786789,1539897787227,438
1d3a9588-3a6a-4e02-a14e-d9303413f88c,1539897774493,1539897774845,352
bfdf0e4e-b824-4d50-8283-862bca0cf4cc,1539897768481,1539897769232,751
09705b85-0180-41e1-85c1-f3462029fa46,1539897795356,1539897796397,1041
bfe3c6df-591a-4e16-8215-c051e4bc7d40,1539897767738,1539897768531,793
56ce01cd-124e-4775-8337-9ec723aa7f73,1539897752730,1539897753278,548
ad70ca0f-6e11-4b1e-93bf-a716b70b4879,1539897794431,1539897795271,840
d5e82d2e-2050-4fae-a6bb-6de831708a43,1539897785765,1539897786183,418
c84b90a8-7d84-4842-bb3e-2a92405bb5b7,1539897792241,1539897792625,384
ef30707f-be86-47a8-a571-41df273f894b,1539897756534,1539897757564,1030
5edda017-3c09-4106-8e51-e36e21e8cc68,1539897753945,1539897755225,1280
f086cec2-4a70-4653-ad0e-697350efd03e,1539897801903,1539897802266,363
3b062913-9208-4012-9b47-29a4e38ed9c5,1539897752290,1539897752723,433
b39e1e97-a059-4b97-aa60-933d360f91a7,1539897759374,1539897760597,1223
a8a2f83a-8846-4b71-a1b6-75f0943ecd77,1539897765292,1539897766012,720
658acc31-b23b-4121-b443-d879fbe3eb29,1539897759219,1539897760481,1262
59824c6e-4bd0-4a2a-9a08-6181cf986933,1539897759289,1539897760581,1292
fb103db1-ab22-4a6f-9413-67ee766e7fdf,1539897797556,1539897798652,1096
c51c5f10-1636-4709-9d92-9072859a2ad1,1539897758439,1539897759594,1155
fed53295-04a3-443f-9ac1-35f72426a4fb,1539897751805,1539897752202,397
3aa72b6f-93b5-41a5-bf19-1ca17dfcb8ca,1539897758031,1539897759227,1196
69f7cf5d-3b48-4d81-8b9a-ee6313b8dfe9,1539897791665,1539897791957,292
0285b7ae-86b7-4e04-838d-1296437a0939,1539897755242,1539897756343,1101
0e47b2e4-404c-46f5-a811-fec086df4b14,1539897801940,1539897802280,340
a0241109-43f6-4873-84c7-1bcd6f6a003c,1539897759628,1539897760846,1218
25421c7d-2d75-4ad1-ab63-ca9adc30f652,1539897796543,1539897797500,957
13f67553-582a-4653-a7ee-a61f18ef842d,1539897763539,1539897763840,301
fd2f9acc-f0d6-4402-8398-5fa4a0c92151,1539897796885,1539897797890,1005
936909f3-985b-42af-9032-5cdff26a5d5c,1539897764100,1539897764487,387
380adde1-21ec-433c-8d8e-a6811ab7d9d1,1539897787300,1539897787672,372
b74a3a73-4708-42f9-989a-e610fae07b66,1539897776420,1539897776886,466
1c5c42ca-35cc-48b4-b413-b86b193f6617,1539897775171,1539897775400,229
2b8c41fe-0790-4f0b-a877-a9c6deacf1e5,1539897791595,1539897791868,273
3c158c4b-8ffe-4857-98ff-37e760996895,1539897782774,1539897783262,488
5e0c2d8a-6014-45e7-bc64-b9dc93ab2eda,1539897751485,1539897751849,364
a4d32d13-06b7-4817-895f-43206ebf35be,1539897793881,1539897794670,789
83ed33a6-7c58-4235-b3bb-28dd8427771c,1539897753750,1539897754909,1159
bc834644-1c31-4f96-9f8c-873f1cf65ac1,1539897777489,1539897778010,521
88d7730a-81ab-4e4a-b6de-2b9bac406f85,1539897768792,1539897769557,765
00b15208-8d32-4668-a6e6-07bbd86e5c26,1539897788858,1539897789555,697
03c05bc5-1563-4b73-9fb4-31e2f521a4c1,1539897757886,1539897759009,1123
313035b8-e780-4378-afd6-c1a4fa65c6e6,1539897764804,1539897765222,418
ac9048b8-96da-4cd9-b3b7-9694f9cd6e01,1539897792936,1539897793514,578
7c6b00b5-40c0-420e-8173-434304bc8a7d,1539897778700,1539897779465,765
f21ddca4-841f-4cb9-88f9-b4e5873f8860,1539897801622,1539897801902,280
21fda909-416c-41ea-8148-1f4aa196b2a4,1539897768086,1539897768796,710
7d05ea5e-b076-4d64-867c-f38cd1f32ab6,1539897784585,1539897784956,371
4bd79fe6-ec86-499d-9d5c-f2d4d3212bfb,1539897756642,1539897757665,1023
2d8b5035-b8f2-4870-96db-a4c248edf585,1539897757735,1539897758848,1113
7da242d4-2980-4b8d-80c9-9764d5bd3f76,1539897797334,1539897798450,1116
985edd93-cec0-4d0a-b8f0-690c8488388e,1539897765172,1539897765900,728
b5663277-b2db-4289-9fc8-a0ff1ce92fda,1539897800974,1539897801434,460
f7f091b5-8007-49a0-afb2-bbf8d28ecda7,1539897791752,1539897792034,282
856ae933-cb01-40b2-860c-0d7d8903a972,1539897801775,1539897802113,338
f0c4bce6-43eb-4515-b505-396c2fa4d0dd,1539897763653,1539897764016,363
ed3e31c1-55f4-4a95-a295-9eec30fe1916,1539897797035,1539897798063,1028
12ca2ed9-3841-47fb-a30f-77e2d4592438,1539897767192,1539897767956,764
f6e483df-a989-472c-ab98-f351e9a00697,1539897769428,1539897770271,843
5d5c13ea-1827-4d7f-981b-db024b08c11a,1539897776772,1539897777264,492
3b2cb049-fc98-43b7-8c03-5a36dbff777b,1539897787147,1539897787516,369
11fee99b-1651-4cad-94c5-4cf6b9cc6a56,1539897793047,1539897793691,644
8f72e1c1-ff6a-4670-be1e-88d5d8c188f9,1539897755042,1539897756127,1085
184d9e76-e70f-4616-a81e-67d5d3fd0d8a,1539897785805,1539897786224,419
a7147d82-4c75-4ce8-b910-2a429f7e15e7,1539897794358,1539897795158,800
afd5b198-e0fb-4746-8c14-e388ce927370,1539897758636,1539897759794,1158
9ff13330-5b8f-4747-bdd8-76e24b4f1ea3,1539897789006,1539897789727,721
9b88c62e-5c85-4484-89df-818431a8df6a,1539897769602,1539897770398,796
e686f936-636d-4704-ad6f-34407bdaa12d,1539897797403,1539897798494,1091
547f9a0b-1792-49c2-aac1-8929e60a9d4b,1539897773050,1539897773557,507
68edac51-877a-4450-a968-28216e7cb25d,1539897798562,1539897799550,988
03883e28-6a36-466a-b4cd-3177867faacd,1539897793444,1539897794247,803
8802c3ab-ad45-4b79-8c14-d952f4fbd7df,1539897794204,1539897794991,787
390b1b61-7d7b-4dbd-abf5-91d328ac6ca0,1539897777755,1539897778576,821
2c5ebc64-ea3d-4e89-83a2-2252f096ca9d,1539897786478,1539897786936,458
094e3dbd-d506-4122-a75b-affc9e8e349f,1539897778624,1539897779377,753
4fcb92bc-9ff6-448a-a8db-ea513dd0ba44,1539897775967,1539897776289,322
eeb12d10-ec96-4796-97e2-7ef2586f2596,1539897796144,1539897797121,977
af912d1e-5a09-4f40-93c5-dda929a8de9f,1539897753714,1539897754807,1093
745e8a8a-501a-4e46-8bb0-67ab64a26112,1539897786705,1539897787147,442
b48a4395-7b06-460a-904f-9a118bd09bfa,1539897776345,1539897776826,481
01ca1472-5a1f-458e-b3ac-ed9f017ed22f,1539897763691,1539897764079,388
033988c6-58d2-4e7f-aa6a-12aa30c64e6d,1539897786551,1539897787023,472
5472d57a-6d5e-4e21-bb7f-697f4f7121b7,1539897776812,1539897777284,472
da3d25a0-4804-4248-a681-54bb3ee2e881,1539897788274,1539897789024,750
59bbfae5-61cb-4746-a55e-7418dce271b5,1539897766362,1539897767229,867
3e9c6b91-b850-40c7-9279-7278f22870ab,1539897783944,1539897784432,488
323e10d3-ed2a-4201-a9dd-9db8afe25fef,1539897791899,1539897792227,328
cf3fc50e-b34a-4a59-a0fe-7bd0ad8a468a,1539897766527,1539897767381,854
a9e07ce6-47fa-4fe5-9326-011a628f1c3f,1539897767774,1539897768561,787
dd7ac1f3-fdfe-46d2-970c-d82acee0642b,1539897784619,1539897785023,404
db184ba3-7905-4281-9986-5a921e717572,1539897760524,1539897761589,1065
68a339e4-0069-4b69-82a0-bb9798a90916,1539897772845,1539897773356,511
8fc5bb1e-ae05-44fe-a331-d311b2f4533e,1539897798028,1539897799072,1044
60029100-c77b-44bd-bda6-b44f839a4235,1539897779375,1539897780297,922
6c5f2058-978f-4573-8a45-99d02ec831c3,1539897800379,1539897800619,240
4dfa8c02-c2b5-4a3e-8e3c-5a2f7b25a384,1539897764652,1539897764976,324
3577e29b-dc0b-4c5b-8fc0-2e0b9e05dbe0,1539897794735,1539897795599,864
5d3ce427-a8a0-4099-b986-9afbb9c56a36,1539897796807,1539897797814,1007
97e9fb7f-fce4-4b60-9c4c-c2f571c4879d,1539897786743,1539897787198,455
dc0e8d3f-8410-4833-9a2c-348008a825f3,1539897765331,1539897766051,720
34e12337-08ec-40c0-a45d-759f6dc8670f,1539897787809,1539897788377,568
b7d8b73c-d325-4270-9ff0-899b6829f25a,1539897793567,1539897794351,784
f10bc1dc-e114-42dc-850e-cd4f6185861a,1539897785654,1539897786088,434
e38e0ae8-a189-48fa-81e5-83b85f9e4218,1539897774539,1539897774878,339
5eaff728-3c78-43bf-a5ee-1a4c9a55a64a,1539897786669,1539897787130,461
6d898e96-e2ad-45b3-9349-ca37571d3c31,1539897776385,1539897776844,459
260a92fe-aa74-429f-addf-2279e6c76f7b,1539897800792,1539897801275,483
f462e251-ec3c-4a3e-a6b3-7b34c8d7076d,1539897757331,1539897758404,1073
297e9de3-8338-4478-b24c-b933298f683d,1539897778274,1539897779093,819
d86f4c7e-90a2-47c4-8971-a08168da66d3,1539897794023,1539897794817,794
b8ebf846-921e-4956-a729-b2407bbb3f8c,1539897801014,1539897801468,454
0fc926a0-4132-4ebf-a52a-5a86e2f3d2c3,1539897777088,1539897777566,478
be0bbe4d-4979-43ef-9538-bb327702c6ce,1539897765867,1539897766646,779
aa31f978-ad36-4105-b57c-658e137d0294,1539897777600,1539897778281,681
994989bf-2caa-481f-8eca-a9e12589f0fb,1539897755281,1539897756378,1097
dc9838d5-0446-4f9e-a507-a731e319c9dd,1539897786056,1539897786516,460
3a64bb81-a848-4c1d-ba78-076666220197,1539897767535,1539897768272,737
6e23af1f-57e3-4582-b9f1-718d3498c3e9,1539897789237,1539897790962,1725
e530fba7-c0ec-4c76-a0fb-f55641ef7bdf,1539897782309,1539897782649,340
2ba8a111-3e4b-4330-ae31-175f204fd433,1539897767856,1539897768616,760
afec5baf-79c6-4dcc-b9d9-dd97da6e7bc8,1539897786586,1539897787063,477
215a461b-a81b-4f5c-9db2-83fd0a139107,1539897754489,1539897755728,1239
4296c137-43c6-4ab5-a150-c02ef3e66ccb,1539897769115,1539897770007,892
4fa19f36-76d5-472b-8308-560c4de1038e,1539897755847,1539897756926,1079
81a1d664-6a7c-4f2a-9b8a-432e0430683f,1539897801177,1539897801562,385
da574867-e4e1-4ef5-a2b2-316bea18a898,1539897783538,1539897783933,395
7a16f765-bb4b-486c-9bdb-bd05294953ec,1539897757538,1539897758617,1079
9db29c7a-1610-4014-86f1-0daf3ae2a455,1539897768954,1539897769799,845
e267bdd8-9d77-4d31-bfe3-4f7dfcfde071,1539897767968,1539897768705,737
efc26c24-e5e0-4731-8f9a-4c3606ff89fc,1539897783149,1539897783657,508
c06aafed-295e-42be-b3ba-7566f8d6a621,1539897784733,1539897785137,404
b63b559f-573b-48a0-8c8a-5e6225548e15,1539897796395,1539897797343,948
8459c301-7702-4a4b-a931-544112e2fce9,1539897768125,1539897768906,781
b13cee4a-f4b6-4001-8442-9bbd37740d83,1539897751758,1539897752107,349
e7746886-d455-4165-a848-53b97696398f,1539897769880,1539897770584,704
d3d4cd00-8740-43fa-a692-3295ee84ead4,1539897751597,1539897751945,348
4ccde744-8ec8-4115-b024-fd63d0fce146,1539897795682,1539897796698,1016
dd413959-17a6-4dd3-9758-882d24deac5b,1539897756080,1539897757206,1126
8ac7e295-dc43-4cb4-8ea1-683aa1eca303,1539897758982,1539897760208,1226
dd7c19fa-eb3c-41fe-88d6-9c954a57e69e,1539897756363,1539897757392,1029
d6a664eb-863d-4c8c-9768-30f57b38e4f2,1539897795554,1539897796589,1035
4796f9b5-e8a4-4c28-b960-b850fc35340a,1539897789081,1539897789818,737
3cce083a-b445-44fe-bc78-9e4224a342ef,1539897768394,1539897769139,745
a41eaab6-d41f-47af-8d8a-dd5414995bd9,1539897755398,1539897756516,1118
178e2ddf-558c-4dc8-b479-4dd956ee37f3,1539897773425,1539897773918,493
a15c83b5-0c5a-4353-b908-90dd887a2c0e,1539897778228,1539897779051,823
68abaccf-74d3-464e-b07b-b444b7fe066b,1539897768637,1539897769376,739
1f917215-ee03-4da3-b0d4-7a0dbc5935df,1539897796844,1539897797851,1007
9c0d1530-3cd9-4944-9441-7ec63669541f,1539897776728,1539897777232,504
4c775bc6-73e1-4a36-9c76-042baa0886a7,1539897775653,1539897776027,374
2e9a952f-26f7-445e-8bd5-9dd6a2648fa7,1539897769560,1539897770385,825
cd86fb8a-1fee-4a70-9917-a5d18aa8f80c,1539897791794,1539897792068,274
d3efe5ab-fd28-43bf-aef1-e3b68bbfaace,1539897768597,1539897769333,736
ec77274a-8ff1-4d82-a39e-e6953481d2db,1539897800836,1539897801308,472
aa8680f4-4ac3-4662-a50e-6411da94f87a,1539897797727,1539897798798,1071
733f379a-50be-4d26-b024-0d81242b1aa0,1539897773843,1539897774321,478
0a67f3e4-1856-42f3-80a3-79d38456d6bc,1539897775444,1539897775840,396
f763b254-a5b2-4eeb-ab7d-4d78b71c4e6d,1539897756288,1539897757348,1060
908e885e-914f-4f11-9a90-6f37f19ce4a6,1539897797765,1539897798830,1065
0de936c6-bfb8-48ae-a4df-a328a7390d87,1539897787181,1539897787529,348
7f02a32f-3faa-4a16-af61-e8156001ebb0,1539897798218,1539897799280,1062
c306debc-b3b3-45cb-b758-0af69d854ed4,1539897751208,1539897751572,364
68cc45d0-1f2f-4c5e-81ff-4dd1894b8a9a,1539897795321,1539897796328,1007
fdba9565-7283-47c6-bacc-a56ac221018c,1539897779623,1539897780540,917
7bbcf4ca-ee44-411a-a5d4-bc3858bada6f,1539897755529,1539897756611,1082
49081124-41f1-4d08-aaa5-5b3b7e31bf91,1539897760116,1539897761337,1221
16e91d44-697f-4748-aab8-ae9977efa11c,1539897793811,1539897794578,767
bd23b968-b372-4cae-9b90-58225d9be7f3,1539897757694,1539897758833,1139
88ed45b8-7b25-4fc6-b2c8-083aae1cc6f5,1539897782419,1539897782772,353
3e65b884-3f2b-4364-ad40-b2c195dbbf2b,1539897758274,1539897759387,1113
a01fb122-196d-4ae5-9273-fb53614ffa74,1539897760305,1539897761489,1184
c7b63564-2088-434b-9eb1-46c47acf34f7,1539897797070,1539897798139,1069
3b50fd15-8e44-49ec-b737-dc929df4a60d,1539897792596,1539897793000,404
e5a6338e-5f72-4eac-b209-ea6ee38dd01c,1539897767576,1539897768372,796
30d092b7-3b3e-48d3-be8f-76a8adda6aa3,1539897796650,1539897797609,959
65f450b5-72c6-4cbf-b70c-4f41074d4d97,1539897759863,1539897761101,1238
7bd909e6-f634-41a9-9083-06077fb78277,1539897774667,1539897774964,297
21e62a0b-914b-48f6-affc-93a6abc71b82,1539897759445,1539897760701,1256
088f7d62-d64f-4891-85a4-e504aebaa6cd,1539897787493,1539897787917,424
15d74e83-32a5-4921-8ee3-cf24345895b7,1539897754614,1539897755783,1169
6c0f02f2-94cf-453f-b8e9-1b35dad76d9b,1539897782165,1539897782357,192
63896c2c-b973-4b99-bf22-c6ba1f228caa,1539897782201,1539897782483,282
01bc223b-9662-43b6-a30e-3ee1f8c522e6,1539897797855,1539897798873,1018
e4d34282-a464-4318-9a2f-22888c2aac45,1539897756039,1539897757156,1117
d8ad7799-2fff-431f-b768-265a1879b250,1539897769154,1539897770039,885
4626aee1-8f32-4f46-a9e5-681722869a9f,1539897778773,1539897779616,843
afbd236a-b10c-4c8d-a790-8a03f2e24106,1539897779807,1539897780684,877
e45b101a-697a-40d0-b22b-b9de8e89bac8,1539897776854,1539897777332,478
510e56c9-f289-4d52-adad-707c7c6ccd18,1539897785135,1539897785512,377
b9de1092-899d-4a98-a4ed-e54a840a2ef0,1539897792205,1539897792541,336
ec407ad9-70de-4301-99ec-ada451e469f1,1539897794804,1539897795696,892
44f581ec-4f99-40ab-802c-5f1ea5e47771,1539897757138,1539897758251,1113
e7e0a861-2312-4a86-9f51-70ab76265197,1539897767350,1539897768090,740
60ad170a-2e6e-431d-9e0b-0e1dd4143a82,1539897774238,1539897774633,395
dcf115df-a879-440f-86f5-15395335adca,1539897777197,1539897777699,502
3c48ace7-5d0e-4b8c-bf05-b7e03d2c7b69,1539897773500,1539897774002,502
d0b6ff9c-1216-4d27-9fbd-d3ae4630b200,1539897755690,1539897756753,1063
4b338d98-8a6b-4b3a-953b-8a41b52ad16e,1539897758069,1539897759243,1174
fa165dd6-8c72-41af-8803-042022e3a87e,1539897792824,1539897793355,531
3d5fd0c8-9582-4c41-89de-b79db534be38,1539897794919,1539897795832,913
8fbbb82f-52e6-46de-a35b-bb0cdfe996c4,1539897777683,1539897778359,676
c5afcb16-1e7f-419a-ae82-f6dae74bf7bc,1539897789345,1539897791023,1678
01f075fc-f4a2-4839-80d2-5c493ee3bebf,1539897752972,1539897753470,498
87aaa1b8-f8cc-47ea-94b5-f1d7b377d990,1539897778510,1539897779289,779
5147f5a6-c176-4812-9b41-692d53b2b855,1539897778933,1539897779784,851
fc12dff2-5a52-48fb-9241-a6492076d724,1539897801692,1539897801967,275
be7b13d0-0a5c-429d-ae8a-01bf50b53433,1539897794665,1539897795520,855
1e6d8ba1-386b-4f69-8183-7abd365a2817,1539897755805,1539897756847,1042
49bc87e2-928b-43b3-bae3-8a3f0d1a8004,1539897760270,1539897761450,1180
63dc2ae5-a2f6-4b38-bd1c-2385414d9671,1539897776585,1539897777092,507
45fce5d1-0e26-4ee6-a44d-4702e4c5dcdf,1539897769961,1539897770618,657
de08019e-af39-4119-9970-f054c157dc5c,1539897755770,1539897756801,1031
e237769e-0b87-4a7f-b52c-a2fb02b2e6e9,1539897778075,1539897778889,814
dc05e16b-3621-4cb7-9e79-a97a0cfd0ff5,1539897798642,1539897799635,993
3bbbd5c6-2db1-4699-8339-d348832ac095,1539897752326,1539897752780,454
9869804f-35e2-4698-92aa-6ac1f45b051e,1539897777239,1539897777786,547
c3c12f9e-c8ab-47ea-a026-a5e842db69b3,1539897779584,1539897780519,935
bf7d9095-600c-4c70-8196-ddeb76703a49,1539897788390,1539897789130,740
8e76948f-c4b2-46df-b891-97c2221fa587,1539897752405,1539897752886,481
96026dfb-cf22-41ed-977e-76961457a0a7,1539897787261,1539897787592,331
e8c3bd8f-643f-4a39-b058-62bf22110852,1539897798604,1539897799619,1015
0a7f7179-1871-425a-aaa8-6bf82655dd4b,1539897769767,1539897770520,753
5880d5df-d520-4a20-b011-82efd6d6af11,1539897772688,1539897773036,348
d7fff5d5-ef37-481a-aa26-6c8f057b5cf8,1539897794544,1539897795387,843
9cd3c068-faa5-48db-8c33-fb411681854d,1539897764726,1539897765039,313
3da4a44f-604d-4344-bda0-7b1391d9b4c2,1539897785095,1539897785492,397
52e6f575-c969-406b-99e6-ccf77f01a93b,1539897766490,1539897767325,835
f3122a84-2c1e-4653-9cc8-e31099be1db1,1539897786201,1539897786628,427
398fa5b7-889a-42a0-bea0-87eb04d1a32d,1539897796507,1539897797443,936
f94c364b-6e0a-4529-a34c-625cd2bb333d,1539897774371,1539897774766,395
b3750383-3fbd-4531-92c9-44c9e9b61e4d,1539897793082,1539897793775,693
618f6217-99e5-449d-a99e-1de5b63ba0a7,1539897772885,1539897773419,534
1f8d5a40-54fd-4e9c-b0e5-382e0d3c55d9,1539897777643,1539897778323,680
be043960-6e7a-49cd-a728-c7c4cf7e4277,1539897763979,1539897764354,375
33f4d58b-7892-4cac-b34b-6a54b367f8fb,1539897769031,1539897769884,853
a84a33f1-5c34-49ed-b3ce-8352be253c83,1539897758239,1539897759371,1132
f1f0287b-f441-42a2-ab87-72ad11490d77,1539897753489,1539897754065,576
bbf31a91-8968-4d9c-a724-14eaad22e4c1,1539897764227,1539897764630,403
d6126777-0c92-4594-979a-0dfb93073f29,1539897755167,1539897756279,1112
54e7b785-fcd0-4496-8417-38f249bde10e,1539897753164,1539897753672,508
d5f5f722-8e11-4661-aee5-71bd21210ae8,1539897760645,1539897763786,3141
82bb528d-a857-4356-8b95-0d45648d1280,1539897758321,1539897759471,1150
a8d69b87-fafb-42b6-9eb8-3a93863f4a48,1539897765788,1539897766593,805
1cef5d57-3240-4c41-8f96-7e4834b40bd5,1539897801223,1539897801628,405
9f634b59-b219-4c23-89ca-747d77b34712,1539897793522,1539897794319,797
da6c948c-8e6d-4e4d-851a-e8a4b2ceed56,1539897774792,1539897775084,292
8a4761fe-838a-4e17-9d71-e874f3c6ddee,1539897793309,1539897794069,760
29495b1e-f3bb-4757-8414-59485f53eecd,1539897793846,1539897794654,808
a85899e4-ca3f-4470-b9c5-610ac2eb0554,1539897752561,1539897753041,480
da8da3b4-dac1-403c-a305-b161a3773cc0,1539897755361,1539897756444,1083
6b10aba6-ef20-4018-9c14-c62048737b05,1539897757779,1539897758898,1119
7bff0e1d-2da7-4c0a-be60-8ca123089008,1539897786343,1539897786861,518
36de7f85-d3e1-4dc1-a307-866199c1416a,1539897775210,1539897775460,250
f9f93de1-846f-4c6f-8576-ae0ede1d4de6,1539897785057,1539897785397,340
d455fd86-3aa8-4fb0-af56-d31c7e59f010,1539897796764,1539897797725,961
08192a51-083a-4a30-b0d8-534492846deb,1539897772652,1539897772978,326
b7e8341e-4e59-4be8-9eb8-c19de0bbac5e,1539897776892,1539897777369,477
72c1eb2c-d9a3-42f7-a0fa-c7792c3c3f6d,1539897784898,1539897785266,368
1980cad6-3afe-4c28-87f0-4b46069ee676,1539897758405,1539897759556,1151
e753321d-4b17-4d74-9c5f-074dbed6c3e5,1539897766849,1539897767622,773
389958cb-4b08-4b7a-a4eb-a77a932c32f4,1539897775122,1539897775383,261
1796a00f-109e-4121-8652-19aaa5cfcdc8,1539897768318,1539897769056,738
7bda1e2f-ad1f-4bae-a283-01096454677a,1539897784063,1539897784543,480
f337c380-5503-410b-9323-bd93de0ed5f7,1539897785209,1539897785573,364
39f256ac-8275-48a9-b3c6-196824f8b0c7,1539897773465,1539897773955,490
aff675ce-5923-4adc-82d0-b5195d45661f,1539897784293,1539897784720,427
e39c4887-2401-4ea3-9ee0-a2647f97d48a,1539897765497,1539897766235,738
6b95e46e-a937-4bcd-b29b-05f031207e01,1539897787655,1539897788161,506
b0f3ea96-5bc0-48cd-8f73-8ab4d74e2068,1539897789380,1539897791039,1659
1fd559c0-7e2f-40ba-bed1-4de083051e68,1539897774281,1539897774653,372
931897ac-07ef-487e-ad71-7711b1b25058,1539897769509,1539897770349,840
4112a519-7156-4a56-9eea-ac76c3b00043,1539897757179,1539897758265,1086
f9eb0375-28da-483a-8406-e4f34ca05782,1539897756323,1539897757378,1055
da8f5137-6c22-4b7b-8429-7ad747ca492e,1539897783196,1539897783740,544
bdb9f15d-0b95-41a3-9707-6d0e85dfb8e1,1539897787416,1539897787772,356
98c4cb4b-9b03-4017-bd4c-9aa596b67ba3,1539897775485,1539897775860,375
4469a383-87b9-4ee0-ab99-e54bb772616e,1539897752086,1539897752487,401
785c2fdd-562d-4b8e-96a6-497795fda556,1539897788117,1539897788816,699
129b6f2a-4f0c-45b5-a309-187dd8517282,1539897773735,1539897774207,472
2a882cc5-53dc-44d5-a11b-8d6630be7a0a,1539897783069,1539897783616,547
a62027cd-2c93-462f-88ad-f8633118da3e,1539897784933,1539897785296,363
5c3680b5-5e2a-477a-937a-7ef7dff601b2,1539897784551,1539897784919,368
d1447f7d-a9d5-4710-96a7-9e2d2dec42ca,1539897797988,1539897799054,1066
127a1902-3f50-43e8-88b6-8348c032706c,1539897768878,1539897769696,818
3f69e271-be15-4cd7-accd-46a8b68a33c8,1539897777790,1539897778594,804
976e93a0-ab2f-4ec9-b652-e9e41a995091,1539897765981,1539897766766,785
0e2593c7-2c88-45d9-bfaf-8c81bf7b69f3,1539897778816,1539897779668,852
54e39096-c857-44b9-9178-228f0495f98f,1539897798521,1539897799535,1014
b96a412b-8c71-4664-a2c7-9f4b7e6cdcf5,1539897755922,1539897756985,1063
3da51e49-83f4-4818-be4d-32ecac5eaeea,1539897772763,1539897773244,481
4a44dbc8-721e-4087-8cbc-dde762cfceb9,1539897776146,1539897776552,406
581dbbe7-91da-4690-b6d0-8a6044201bf0,1539897751372,1539897751742,370
7821ecf8-0d0d-4cd9-a8da-448bdd2116e4,1539897752854,1539897753371,517
95eeee3b-7673-4308-b4b1-a7bca055b392,1539897787038,1539897787402,364
78ad1131-033a-4f01-a81c-3819b4b0740f,1539897791439,1539897791644,205
6544643c-ccbb-49d5-a5ba-4d2e5c5596b8,1539897769269,1539897770171,902
6a4b5fb1-74e6-4d33-b8f8-a226916aa99c,1539897793196,1539897793876,680
1877a26a-c879-468a-ad57-e55f1d12f8a5,1539897756405,1539897757428,1023
4c1ac495-d609-47ff-bba0-ddf3af8f66da,1539897788038,1539897788719,681
9dc58382-6128-4b4b-a982-c7bf99c25f77,1539897777277,1539897777817,540
ca10544c-c4f7-456b-a1eb-d21e826a201d,1539897754576,1539897755764,1188
35337458-fe44-47eb-b021-764784c3879e,1539897755727,1539897756768,1041
963d1a44-0395-449d-a589-311c68ae88f2,1539897795888,1539897796895,1007
3f0aa3aa-03df-4e71-ad2a-b9f2d7a9fae6,1539897767818,1539897768581,763
1cb039a8-6289-43a3-9fd5-d41647323876,1539897756844,1539897757889,1045
964b0b4d-fdd6-499d-bbe1-216fc018f1fc,1539897769073,1539897769917,844
dc4ed550-6dfd-4ec5-968a-5b76e2e34676,1539897773390,1539897773865,475
ea76e1d1-9dc4-42de-968f-6d4f2e74019b,1539897780011,1539897780760,749
834a82d9-d20d-44b1-91e5-26d4c71c2416,1539897795852,1539897796853,1001
9dcb2ec7-d382-4905-8ce8-addc5b4c0e1d,1539897773697,1539897774193,496
1127e9f0-0556-4a18-b95b-617042cd21ff,1539897776182,1539897776629,447
611929ab-4c4d-4522-8178-e36c0730496a,1539897797158,1539897798232,1074
8ff3838b-9f5e-456b-97af-67fe6b5a22c6,1539897800875,1539897801354,479
0e310c8a-e912-446d-a33a-58cf1eab1106,1539897796252,1539897797196,944
64cef4f3-8997-4adc-a3d0-eb6f066e9ce1,1539897765412,1539897766193,781
f0d10530-d79c-4708-95ac-5e0308e5ebe7,1539897793233,1539897793948,715
42d88bf8-3f2b-4488-8483-886080b04a4f,1539897788351,1539897789074,723
eafbd96d-3caa-4b5c-bdc8-1ca9c32c803a,1539897767696,1539897768492,796
ac7d08e1-aa76-4fae-a0c0-fb3df7e08ef6,1539897795141,1539897796103,962
e217761d-e799-46fb-93a1-fc3de925658b,1539897757814,1539897758929,1115
47fbc836-fd66-4193-853c-140b858b4c35,1539897757956,1539897759133,1177
c53a6009-48ac-433a-81ed-49a9a2217bbe,1539897752694,1539897753233,539
7e6fdb29-5084-4715-9757-10b68d2ab5ea,1539897797228,1539897798316,1088
eb347475-ecaf-43e4-9041-6a8359703367,1539897775844,1539897776161,317
8341fedd-d2ea-42d6-897b-70be1265e900,1539897785726,1539897786129,403
406a37b6-4c7c-416c-8bdd-0c6ad065abc8,1539897796471,1539897797405,934
8bb97c87-ed4e-4f56-964a-02a033098aa5,1539897756989,1539897758063,1074
016c597a-327b-46e5-9d39-70b3f3a4d5a0,1539897777124,1539897777592,468
7ad835ff-f394-4c5b-8ebc-70b6a4288244,1539897800920,1539897801389,469
5ad79af5-2962-40fc-aacf-d181665d9e77,1539897768438,1539897769194,756
f52bfec6-a66d-4cb7-a4c3-409a6412adfd,1539897767653,1539897768461,808
699a75e4-08c9-45f9-aba5-4726b6bc1aae,1539897782921,1539897783504,583
95622217-f1f2-4327-8cb3-3fd97322998e,1539897756954,1539897758013,1059
46cf2919-d1a9-40a6-a131-c3fd8c8591d0,1539897759823,1539897761054,1231
60682fc3-491f-4730-a89c-f2773f2a5e8b,1539897779458,1539897780415,957
0ff8117e-08a2-4c4a-a58c-455c5785f984,1539897778355,1539897779184,829
bf30d9be-0cb3-4941-854b-ea4df1a44c0d,1539897758479,1539897759683,1204
ce049bcc-a5f4-485e-8d9f-a1f617df9662,1539897784809,1539897785165,356
b8d8f449-abde-4dbb-98be-cdb761a99b78,1539897758715,1539897759857,1142
ad2875e3-69ae-40ee-b850-a26ce3623997,1539897765904,1539897766694,790
10897871-d76b-42af-b45e-00f2c1f4f397,1539897751934,1539897752322,388
7ad28305-8e78-4c16-a43f-475880dcc33d,1539897800750,1539897801240,490
d79fdbd3-b54f-4344-a27e-80c1f5f6744d,1539897767234,1539897767985,751
8f901cfb-02a2-441c-b7a3-0e9defc0afa1,1539897787765,1539897788344,579
53a35511-bfa6-439d-bd3b-c80619f4cd79,1539897800453,1539897800735,282
40206931-677e-42ac-894b-a421692dcbee,1539897783909,1539897784393,484
6018d65b-eea1-4559-a327-a973b9574295,1539897800490,1539897800893,403
a7308cb3-138f-4f0b-83b1-5134e6501c47,1539897751845,1539897752247,402
67fb1f3b-d54e-4eff-a015-13d367518727,1539897756810,1539897757869,1059
ddaa128e-f326-449c-b002-af484abd88a4,1539897776506,1539897777041,535
01f19d21-4063-48b1-809c-931a2eb9f668,1539897754024,1539897755356,1332
268f489a-19b6-4e0a-a09a-5ac719b1086b,1539897754367,1539897755653,1286
a1f449ef-8f1a-4cf9-ab71-040f5b3cbeca,1539897764062,1539897764467,405
297537c3-8674-451f-98f8-5c24242df75f,1539897751408,1539897751756,348
c5254153-d0df-4082-8227-8020fe3ddba3,1539897752364,1539897752841,477
f048349c-3be7-4f79-8566-65e8c0955713,1539897786517,1539897786994,477
7183cdb3-da6a-4500-be13-357d2b43708e,1539897756919,1539897757975,1056
6764af9b-c8e4-45cb-a709-a3402b0f6bde,1539897791477,1539897791687,210
5b8d2050-350f-4d4e-af5e-ff113bada579,1539897769918,1539897770601,683
d51abc36-42c1-4525-8519-8c8cf79a906c,1539897800607,1539897801013,406
4013ace8-20dc-41b1-9a4b-80326955f48e,1539897755571,1539897756640,1069
b3279e31-3576-4f2d-96e7-6f6fcd9d8f92,1539897768837,1539897769590,753
cd1253f8-883e-45e7-b614-b3c2f3c3adb9,1539897757288,1539897758390,1102
1083f6b1-a62c-4082-8e82-ed098513ac5e,1539897794135,1539897794912,777
2784f54e-2806-46f8-97fd-2d09dad80e20,1539897766451,1539897767298,847
65377ce4-44b0-4e74-ad7b-121b70ca9f83,1539897785426,1539897785770,344
7319330d-deb7-4396-ab08-4ea80dfb03f2,1539897776075,1539897776418,343
bbe66f57-0145-4bac-9532-0b2c5e117319,1539897789420,1539897791054,1634
c53cdde5-6d5a-4a28-b67d-6c2609655208,1539897755124,1539897756237,1113
5c95b714-b7ac-4f6e-bf6f-be1b0b313a46,1539897788896,1539897789659,763
08a05ce3-a9d6-4212-a861-b7e08f49c8a4,1539897768356,1539897769072,716
722ff260-1bff-4354-85f5-e020ddbf3f45,1539897791547,1539897791764,217
a90765b7-ab04-4815-8726-3b56ac8b9844,1539897760448,1539897761562,1114
921f72f7-32aa-4773-8a26-e0342669326c,1539897785507,1539897785843,336
57b993e2-05ce-4a70-add9-a0cb34c17620,1539897794471,1539897795303,832
c151804f-dc1d-4738-a8e7-34fe4c4ed2c4,1539897792129,1539897792460,331
d171787a-56f0-4076-b3de-4ae42ca66670,1539897787964,1539897788601,637
d5c14437-0309-401f-875b-89dcf7d3f75e,1539897756770,1539897757799,1029
0da90b4e-4003-4111-b64b-847bc0692466,1539897755654,1539897756710,1056
e013caff-8702-4b24-a1e6-bfef92278e12,1539897787217,1539897787547,330
17501a60-89fa-4b7e-8ddc-9492e0e21044,1539897797518,1539897798618,1100
5aa46bc6-879f-4bc5-89f9-960b55881eb0,1539897753600,1539897754376,776
e5a2e1ab-8c9d-4d21-b6a6-9363d66aa10a,1539897759066,1539897760276,1210
af25a940-8c14-4d3d-ace6-8f5dc5cc90b7,1539897774457,1539897774819,362
e157785e-a3df-44e8-b2c6-692a381f243b,1539897753643,1539897754472,829
e12b5c00-6c92-4a58-a420-b520816987e8,1539897779167,1539897780085,918
875604d0-7d87-4181-9ec7-af70484d0aff,1539897765692,1539897766481,789
cf6b9950-5aae-4012-98dd-d12e26cbaab5,1539897766139,1539897766928,789
72b0c6cc-4c64-4641-a734-1e029ee63a28,1539897785986,1539897786454,468
8462e50f-45ad-4cce-b5f0-8f5d4f711b86,1539897772573,1539897772875,302
f73f59ae-5d67-4ca4-a6f8-ca5d7453b3af,1539897772921,1539897773434,513
f29ba0d7-58bd-48a4-b7e7-1a7abad8530e,1539897795062,1539897796032,970
c6d2da86-8c36-4f73-b76c-78c02632857b,1539897768210,1539897768955,745
875a819c-ffd1-4a1a-a848-0f7c9fb83b06,1539897757653,1539897758814,1161
4a663b60-64d3-4ce9-9dba-01f69fe2931a,1539897768050,1539897768780,730
0035786b-5f5c-410a-b7a0-58d133e19b33,1539897797483,1539897798571,1088
58df340d-d691-4a45-ba41-6e74bf94268f,1539897764999,1539897765502,503
0522d08d-32ef-454a-8517-463cf4d13227,1539897756001,1539897757097,1096
e13b705f-f425-44eb-8e14-3fdcb703e49f,1539897773662,1539897774172,510
5a4ac419-5724-4fab-aa5b-16cc5e249a76,1539897776039,1539897776349,310
8c741859-47c0-4bac-9779-2428507cb48e,1539897773347,1539897773836,489
0a296364-4186-448f-b180-41e7dac618f4,1539897785173,1539897785529,356
11b0e3c7-2491-4345-881d-c8c86cceb1a5,1539897751890,1539897752290,400
b372b78d-a88e-443c-9f43-bd09159e470a,1539897759480,1539897760730,1250
6f150796-af5b-4deb-bfd4-cee60c8b8d9b,1539897779005,1539897779861,856
306100ad-5c59-4407-b4df-0b8fc39a5f67,1539897798298,1539897799307,1009
ae378dd8-c6fe-4406-9687-315c46896a5c,1539897755321,1539897756430,1109
394aad76-98a5-4756-95ff-3eaf0ae5921a,1539897760560,1539897761606,1046
754e4e7f-242b-46a9-9474-c371c94f3127,1539897765532,1539897766277,745
df47301b-1b87-475c-a39f-2a9c427c3fc7,1539897786235,1539897786721,486
f472847f-ba7f-4e19-8bfc-8d37d2e63f31,1539897754409,1539897755670,1261
1a9fc3e2-a2dd-4673-8d5b-9a841e5f667a,1539897759020,1539897760225,1205
58ba550d-eb32-497c-9ec0-320c8f78b35e,1539897759747,1539897760982,1235
3a69ca3f-44ef-446d-abc2-5b5c843ba4a8,1539897779288,1539897780224,936
bb0536e0-44f7-4a90-8d46-7d4f35bfdbe2,1539897756605,1539897757650,1045
55433f55-39b4-47c3-b074-7063f6b03507,1539897793951,1539897794764,813
ce8a13ec-d084-429d-b6a4-e169825ad5ed,1539897792443,1539897792920,477
71d80749-1c0e-4656-83d4-0bb66c41b120,1539897794847,1539897795722,875
b8c52dde-ae8d-461e-91b7-6ef413d00e98,1539897800713,1539897801117,404
0edad582-d8b0-4938-9ecd-393b3e70109f,1539897764371,1539897764745,374
1f094c2e-03fc-490a-8d57-5c593cf4a5dc,1539897778034,1539897778824,790
00ec047b-8649-4206-a7ef-3a231873b49a,1539897778390,1539897779200,810
6076ab1b-696e-42a9-a2a1-681f85adb85d,1539897756168,1539897757252,1084
d44d4674-bea7-462d-8512-f70619aa3f36,1539897797682,1539897798776,1094
952a003d-8055-4f50-9819-346f0f3f3e36,1539897782956,1539897783544,588
93572aa8-9ff5-464e-b019-140c2dff0368,1539897783869,1539897784359,490
0a08407f-5593-49ad-99f4-e4c42a7ba731,1539897782696,1539897783140,444
29e4355c-873f-426e-a351-978f18e2c445,1539897775571,1539897775967,396
7a0285d0-4e05-4c4a-aabd-2f7c29c88d5b,1539897787073,1539897787463,390
051ef6a3-1dab-4def-a0c9-e563fcfeb117,1539897791512,1539897791746,234
f90cff45-713d-485c-8db1-0485decaac1d,1539897786864,1539897787296,432
594a02ab-4065-42fb-9147-7ac7376c6e7e,1539897797112,1539897798190,1078
8f9600c3-8f1d-4590-b8c2-2504849d56f6,1539897775408,1539897775785,377
e5b7e924-d2f1-4b4d-b0ef-31a900efcdc5,1539897755964,1539897757057,1093
9bbc252a-67d7-43c4-aac4-d4605498a965,1539897775885,1539897776199,314
75744144-0dbd-4603-ae08-a1dacca7994a,1539897793642,1539897794470,828
17b4ad94-717d-4f89-8762-53fcd4de02f0,1539897752892,1539897753401,509
c6c3f42e-cc76-4739-b2b6-69e52f9ddb0b,1539897779694,1539897780633,939
4d089d12-62e1-43ec-9c21-05984547e24e,1539897793121,1539897793815,694
d1582059-38ef-4f72-a89a-abbb364acdff,1539897769641,1539897770434,793
977052a2-2cbd-4ba1-9db5-1e4a7a220685,1539897755207,1539897756294,1087
625d4d5c-4cfd-4e7e-be89-4700d8d69d7b,1539897757102,1539897758199,1097
2cd16595-53bc-4cc9-8413-9cb2e54da98c,1539897785013,1539897785360,347
517c3cfc-0daf-4438-82df-2b95ff04ff45,1539897788000,1539897788663,663
02cd2a41-86c7-43f4-9c60-e1eb587d4aa5,1539897793389,1539897794195,806
9e10aa28-5dda-455b-bc74-eec873050ca8,1539897773808,1539897774299,491
ae8088f9-c40f-45d4-b299-de21ac099732,1539897789046,1539897789770,724
85319500-c5dd-4fbd-ad42-74d1465e51ee,1539897758370,1539897759486,1116
cb0d4746-e9c6-48a5-85b2-0e629dd64b50,1539897776310,1539897776776,466
72e89175-e80a-4abc-8563-45014f822a33,1539897754855,1539897755983,1128
473abfe1-c419-4445-8f66-b8b88bbaf896,1539897763887,1539897764263,376
4f644b1d-9893-4959-8d98-d139474b7328,1539897779416,1539897780339,923
55efcd2c-ba7a-40bb-a046-e42154a586cb,1539897785882,1539897786314,432
b5b80404-b07d-47d1-9cae-85955b20ebe1,1539897757921,1539897759097,1176
22ae413a-25d9-4b22-a2e9-9f0a1c2ef1d4,1539897779847,1539897780698,851
c4f97914-6d36-4632-9d7b-9cb44e9ee373,1539897753678,1539897754644,966
6f6b4ba1-9f5d-42ca-893f-0260d0c42749,1539897758947,1539897760132,1185
26d04a7f-b492-4262-9d4f-343a74db7585,1539897777992,1539897778807,815
4578b81e-bad6-4e70-985d-e8a6b4db72bc,1539897768676,1539897769393,717
efc30515-b528-4c21-b426-abfb7e638318,1539897787379,1539897787755,376
fca465f5-5b92-4a14-9b67-7f9f3ca9c852,1539897794769,1539897795624,855
a88cd08d-3d7a-4f0e-8fab-cb7408fdf2d0,1539897795958,1539897796971,1013
64048d82-8cdb-46c5-8023-1daffcd45eaa,1539897754451,1539897755690,1239
e538dbb9-534d-4a85-8463-fa5af997df56,1539897792639,1539897793052,413
e4932f88-27d1-4515-933b-844cd45c92be,1539897785917,1539897786345,428
d71b4f32-1c36-4237-8a06-3854293ef04b,1539897787850,1539897788460,610
ef2dbd94-d875-42bc-a7c1-2266c3dd187a,1539897763497,1539897763824,327
b1ba8fc5-6520-4763-9b82-986cb46d9559,1539897773583,1539897774093,510
37500dcf-dc1b-457b-8375-5fac3b551bba,1539897783672,1539897784123,451
3855a065-e3c8-4dc1-af2a-a2946edaabed,1539897753989,1539897755338,1349
c218f9a5-453c-4313-8c5c-dbd8efc1f38d,1539897775609,1539897775997,388
31bc1108-8383-4acd-ba2d-746d92103d8e,1539897752175,1539897752578,403
76cf55e8-28a7-45f5-bc03-3a943a68283c,1539897795252,1539897796253,1001
04686db6-9694-4a06-8f58-72f98b8637f1,1539897796966,1539897797993,1027
254bd2d2-54dc-464e-86bd-e13835f95ef2,1539897767893,1539897768657,764
04642cc0-188b-4a91-8af1-e35d8cdf1b5c,1539897760376,1539897761519,1143
e3b117bc-d86e-43f4-9299-3e99130cb2e4,1539897763847,1539897764248,401
4454f422-376f-408e-a7f3-4b8bb869c056,1539897801587,1539897801869,282
a53f45e7-b66e-45ee-a803-880c0ca0f027,1539897794884,1539897795761,877
0d1aec28-c79e-4b8f-af06-ad771e87781c,1539897801813,1539897802131,318
bb48a0e4-35a4-44e4-a98b-9b459719d77c,1539897774155,1539897774536,381
37e9b28e-bb0b-4d3f-9f13-078db3a57841,1539897753867,1539897755131,1264
982edb5c-be24-4aa9-ab61-5a1371e5fa07,1539897792895,1539897793499,604
b2ecf589-d181-4006-b22e-44731508575d,1539897767154,1539897767941,787
4c44e769-c9b2-4354-bdb6-9ec09318302c,1539897801734,1539897801987,253
b0eedc65-8298-4939-b52e-cffb941a524d,1539897773276,1539897773784,508
eb648294-e959-4eb5-a031-df17a9041ad9,1539897758834,1539897760041,1207
e29d463c-faa3-4690-abdf-f932c8cef16a,1539897791630,1539897791891,261
0bf092cd-d181-43b2-918a-509485183f5c,1539897779659,1539897780600,941
19245fbf-3ab5-4237-b1e9-5a610c1370e9,1539897753008,1539897753515,507
32c33795-0439-4c1d-b0d6-f665378c65bd,1539897757366,1539897758445,1079
12cab5fc-e0cf-4180-9de2-ada96ff8375f,1539897788773,1539897789492,719
efb51a39-bf7f-416d-baaf-7232a0a5920a,1539897754764,1539897755915,1151
6e242258-9648-44c2-a775-d534e7486a0a,1539897782992,1539897783587,595
347d8a55-200a-4a0b-86f5-8d0c24ed45c4,1539897754327,1539897755615,1288
61b9fec8-d8fd-4f60-ac27-1419f6ab8f2d,1539897775251,1539897775573,322
67caba3d-ab1e-4b96-ab32-82b376de4611,1539897767384,1539897768123,739
5b0830f3-b261-4c65-9bc0-11f5b5b36e76,1539897797297,1539897798418,1121
f1e41bf9-75ce-462a-a890-1b5dbfba8b14,1539897776464,1539897776957,493
d2bfbc70-6c96-4d1a-9b08-7c0ca3a2d1a1,1539897776620,1539897777134,514
ff9f3620-21cc-4b02-99d8-771448e6ae1a,1539897772534,1539897772826,292
d0bcebcd-3be2-499b-8740-ef251372502b,1539897792283,1539897792666,383
a815d19e-7722-4dce-8988-7cea1137a27f,1539897758680,1539897759842,1162
6774128b-8f4e-4c9d-b3f1-b082bd4abb89,1539897756692,1539897757681,989
3b90e6e4-9cc0-4dc6-abc8-b15caddbf357,1539897777718,1539897778538,820
f33be00e-0801-41e5-abc3-25e254e94df5,1539897795637,1539897796655,1018
7b509144-b3bf-4eab-b340-bf8663e894f2,1539897752216,1539897752648,432
8ac323e3-2f63-4f1d-8eaf-6c249135f888,1539897757848,1539897758989,1141
277532b6-d43d-4948-9a75-ee26b99051fc,1539897768246,1539897768992,746
d0594a4d-c7c7-42a7-86af-5de8dc95728f,1539897760007,1539897761274,1267
f037e48b-52ac-4bc6-aff3-5ef0da434367,1539897779331,1539897780238,907
6d76b4b6-fb3f-44ce-ad69-1a8c16b17ed5,1539897753078,1539897753593,515
f303634e-914d-4aab-a036-9ca15227780f,1539897779931,1539897780733,802
4dc2f945-a78b-4f65-bceb-cf70415145a1,1539897763928,1539897764295,367
8e88a675-668d-4a94-b40c-afd5beec3a1a,1539897773960,1539897774444,484
c9bcb7ca-3312-454b-9557-02b44a063bdb,1539897753563,1539897754244,681
c719fdb5-87e6-4ce8-8db0-0bf5c59a90c3,1539897792321,1539897792829,508
26e7ee4b-979a-49f1-9e28-89bf08803c60,1539897786389,1539897786877,488
740298cf-4ac5-441d-8eeb-9e3111d866c2,1539897798374,1539897799387,1013
f2e18541-6769-428c-9893-bfef15000693,1539897777869,1539897778678,809
48082c07-c017-4c9a-8cd3-c9b53fb402d6,1539897777952,1539897778756,804
4bc6c1fd-a6ce-4103-8ddf-9d37b94ccd89,1539897753043,1539897753536,493
2eb3f628-ff1b-401c-918b-6524c6e9dfa2,1539897793604,1539897794392,788
3b5a1a70-2ca6-49b6-84a3-55cc6560c139,1539897751443,1539897751831,388
050ccf66-1f66-4028-8b55-0906bb6d8066,1539897754145,1539897755524,1379
0b2fc168-2132-4f8c-ab3a-6739e0a5f5ec,1539897788428,1539897789163,735
cf0841d5-63bc-4e84-90c6-b2ccda99c23a,1539897786621,1539897787097,476
670f2036-79e5-4c53-84df-c33cade5516c,1539897787888,1539897788484,596
56fd2007-ad7d-4dad-941d-48a52578477b,1539897778585,1539897779344,759
38866bbf-eb25-4921-8362-5bf9268acb8c,1539897785349,1539897785716,367
ba4ce80d-34f2-45bc-9e4c-8a04b80d2182,1539897775369,1539897775741,372
da40288a-4666-4acc-9861-d2e994247ff9,1539897796326,1539897797253,927
f4d7f8a8-0add-4dbc-9a40-da3f7a43a411,1539897759900,1539897761141,1241
8cc20a5e-076c-48f7-a76d-e7091f0d96eb,1539897795599,1539897796621,1022
4c7862c8-bf85-4db1-96bb-273f97c981c7,1539897794586,1539897795441,855
29d31cba-d33f-40bb-9eca-92f97bc873a7,1539897796217,1539897797180,963
2408e2f1-049f-45ea-94fb-6c3016a5b4d4,1539897776230,1539897776682,452
4751246f-fd95-49d2-81b2-ca918be3490d,1539897754949,1539897756046,1097
d99c3aa3-92d0-4537-96e4-51ebbd2235ac,1539897766647,1539897767481,834
a7070aaf-4fd0-44c2-ab6f-81d25b25ef71,1539897778427,1539897779216,789
e99ec293-b077-4729-8353-c7a3ed01b9ec,1539897759556,1539897760800,1244
ea7299be-25b5-472d-9503-4360caeee6e2,1539897798682,1539897799651,969
4113d082-a102-40f9-8329-a9eade848902,1539897763809,1539897764215,406
f82dcc68-f2a1-4e28-b466-d253b93bce5c,1539897767038,1539897767837,799
d9d9e8fc-e22f-461f-90ee-081407363034,1539897788155,1539897788936,781
945cbfa7-3d32-426a-8643-0f9e89600b05,1539897776926,1539897777406,480
49b134a6-5411-4e10-9c40-00897307138a,1539897793986,1539897794778,792
38220991-d8b9-4177-8336-d6170f7ff590,1539897766610,1539897767448,838
b618a240-3059-40ec-9cda-139d10d55f9f,1539897757064,1539897758156,1092
a7948b9d-9080-482a-a2c9-74c1dc91bf0c,1539897783105,1539897783644,539
a3b4817d-0f9c-49f1-9ea8-40e9facc92ef,1539897793915,1539897794726,811
a424df7a-a023-46cb-84cf-598c60604a89,1539897777009,1539897777468,459
4744a5a7-b822-4f7e-b3e9-266ad7b68536,1539897779733,1539897780652,919
e8c26ac3-f643-45de-b4af-98d74ee86081,1539897774756,1539897775050,294
e51d316e-d1ce-45ad-994e-90ee456dc638,1539897798719,1539897799668,949
0475d5cc-6113-4f68-a37d-94c2791b207b,1539897764298,1539897764712,414
df0786e0-3fc2-4960-92a6-56409116e792,1539897783715,1539897784160,445
aacc0331-cf91-423f-aa0c-1bfbac15f03c,1539897792083,1539897792397,314
5b96ca90-2c22-4992-8939-1f7aea23f463,1539897752597,1539897753107,510
f1f3f972-a5ff-4463-9d4e-c46432b20d00,1539897769468,1539897770333,865
37414c28-56e4-49a2-a1a6-799327a8a57b,1539897797262,1539897798367,1105
c443cf34-f31a-4538-9aed-e0141e98b1ce,1539897760485,1539897761576,1091
ebba358b-caa8-4420-90f0-2953aaa49284,1539897752637,1539897753180,543
72aa6cb8-c32c-4155-b390-342f7323abd9,1539897766684,1539897767497,813
a2e0b045-2aed-4dfc-9b1e-946583ffcefe,1539897794506,1539897795351,845
58a09d04-51b4-4235-91cc-9fb75d16afe4,1539897774709,1539897775007,298
d5bff11d-0532-42f4-8f32-773d434cf4da,1539897751557,1539897751930,373
37c82d73-f894-4a0f-8ab5-898101fa59d7,1539897757029,1539897758117,1088
98d8bea9-d525-4aeb-8050-5a8f719f8c49,1539897800530,1539897800942,412
eeeaf5b6-cf9c-42ea-b63f-0401facbb7f0,1539897752443,1539897752940,497
80507b29-cd8f-40ab-a351-aeab67d48b2f,1539897763769,1539897764201,432
c37ab1ec-963a-4fa3-8f2a-481ed3b46330,1539897758152,1539897759308,1156
39cb0d8e-5f2e-4793-b909-0d5321a05ab8,1539897788235,1539897789000,765
75dab7c5-b51d-4e00-8813-1512f6d928d0,1539897785952,1539897786403,451
eb1c3695-f710-49e7-aff0-49fbaa55f0c8,1539897777397,1539897777933,536
83173711-f013-4d74-88d6-3870f10f34a8,1539897798180,1539897799231,1051
2880d768-765b-43e5-b437-bbf48b3263b8,1539897757615,1539897758754,1139
97456994-c691-469a-ae78-643d44dda92a,1539897765828,1539897766611,783
37e33b4d-e553-4f23-a8bb-7071690ce57a,1539897797892,1539897798925,1033
655884de-7db1-4d23-82ef-e5b9b5cac559,1539897760411,1539897761548,1137
77e6e134-356e-4599-b1f0-d19eed40aa7b,1539897783753,1539897784252,499
746009e9-2eec-4884-90e5-13746a8217a4,1539897792786,1539897793340,554
1a4d28f6-8d55-4058-8cc5-6b86207f408a,1539897779251,1539897780205,954
60a29567-8cad-403d-bec4-c36b007db5ba,1539897760043,1539897761289,1246
f6c620a9-2b8b-4faa-be3c-4ad1359f688f,1539897753207,1539897753713,506
9d257f89-94f6-4aa7-a601-6c06fa61f22a,1539897757490,1539897758580,1090
aabae26e-b074-4fe0-98d7-0ead531636aa,1539897760340,1539897761502,1162
d927a33a-cac7-4b5d-8f9b-ad34a05b9733,1539897759971,1539897761227,1256
8be38986-17f7-459e-a398-41bb29aaa2e8,1539897782878,1539897783371,493
78777133-a2d6-4401-8b38-5e265c0d5d8f,1539897795286,1539897796285,999
aa02ac39-b0a0-435a-ae06-c5f33ccd65d6,1539897767464,1539897768220,756
4a367a3b-ddbb-4fe9-b577-8aaf4da6e4eb,1539897797193,1539897798283,1090
c6d1224f-32bb-4c74-aea0-2f4f6ef1c3d6,1539897774120,1539897774517,397
b773be3a-667d-4670-a3eb-7e3fd0b9c5e3,1539897784768,1539897785152,384
b49cbb99-b540-4132-a3da-9b4ddf713cc9,1539897752523,1539897753023,500
2d31565e-1144-4d3c-bedd-4a15f4e5b0aa,1539897767931,1539897768676,745
933787d5-d621-4047-8c84-0c5a0d189b6b,1539897754537,1539897755743,1206
39ef6e7e-341f-4ceb-a3c5-20258031a226,1539897785245,1539897785585,340
a1c5367a-524c-423b-b799-6a6b4652085b,1539897796579,1539897797530,951
24ba4166-0a83-4185-8dc6-96e8e09d42ce,1539897759410,1539897760657,1247
f126bd8b-b2ea-4b99-b4d4-42afeda04446,1539897779896,1539897780713,817
d77a8c4c-901e-4d0c-9d7f-16a8c9d4ca48,1539897766924,1539897767710,786
0f056c2f-d5f1-4400-9669-eb7fe842f9fe,1539897764190,1539897764597,407
e798b384-8490-4365-bd65-74ecf60e970a,1539897776962,1539897777427,465
0e91dda9-7403-47c1-ac2f-27bd66db6e43,1539897756884,1539897757960,1076
6a344929-58e7-4054-bbc5-2e76e247fffc,1539897796108,1539897797083,975
f0db2ce7-2c80-4820-a733-bbfa0bba7194,1539897784256,1539897784699,443
b6049e89-f65b-4b76-bc5f-ed0b4d25df50,1539897787452,1539897787826,374
482b9bb1-1e3e-43e5-a613-84f188d23ab1,1539897752129,1539897752506,377
3ce37b61-5fef-472a-82a4-0638cd9f80eb,1539897758111,1539897759260,1149
8248d4ef-52ba-4287-8eb8-e1b82f6b90d0,1539897794274,1539897795089,815
c3b7367b-1b98-4d27-8d10-92af7e77a3f0,1539897758792,1539897759971,1179
1d1f0ae3-36fb-4942-9b41-3752fcd3d853,1539897763729,1539897764113,384
3f02eaf1-77c2-4025-bbdd-900c69f578f2,1539897794992,1539897795980,988
e6a5c16e-495f-4142-85ba-79adca040e19,1539897793158,1539897793859,701
9bd2eb2f-ad0e-401d-b437-0d02abe29a82,1539897767500,1539897768256,756
0b0b79e6-434a-49a1-8d84-19b6ab8cb6e9,1539897764408,1539897764796,388
94716822-331a-4109-8d8d-7a777658a73d,1539897774418,1539897774782,364
95a580f8-ba05-4d59-95db-626846d1f86d,1539897779498,1539897780444,946
5012460e-954f-4f11-b090-2991341c936b,1539897777356,1539897777893,537
0a6bf9cf-e6a9-4274-91e0-7b7ba62dcf83,1539897789272,1539897790990,1718
f599e5f2-ceda-462e-9578-cb82057564e4,1539897760194,1539897761393,1199
edde8749-e03f-4f56-8a02-9d04dced4c54,1539897766235,1539897767039,804
b2ab711d-d5b5-4eb3-8abe-ad0436599c44,1539897767618,1539897768448,830
52cd3643-d25a-45a9-a3b7-474c97797aa2,1539897801142,1539897801548,406
d699ac62-299f-401f-9325-ffbc457b8b9d,1539897774997,1539897775276,279
e600057f-7c31-4f51-86a6-030e575b0901,1539897789610,1539897791627,2017
69953228-8aa9-4133-8339-99810a012629,1539897773126,1539897773641,515
066d1e39-d9f6-4d60-ad85-50550fb9049a,1539897787616,1539897788081,465
65d40f3a-c211-4840-b034-580918f42a79,1539897786432,1539897786915,483
bcd06489-22e5-4e6b-b894-9c0912583c03,1539897760155,1539897761354,1199
47b68f0f-0dd6-4065-9ce6-99ac22a2382f,1539897758526,1539897759717,1191
1e11774b-f1f4-428a-a8be-eec5477f1a51,1539897792011,1539897792303,292
fd2164af-6d35-4f15-a80b-8d5706db83cb,1539897797000,1539897798019,1019
fd994005-6e1e-4ba5-962b-322b39673cd4,1539897775039,1539897775329,290
f54f9028-1524-4755-ae90-4dbf84c9ff20,1539897783034,1539897783601,567
80d65b1b-29ea-4910-9e75-0766b02ce4cc,1539897796361,1539897797276,915
55b6e368-a2c6-43d1-bee4-8b58e5efaead,1539897753294,1539897753758,464
99f0e440-8fb5-44f2-a02c-102d7d9dfec6,1539897786911,1539897787311,400
84940964-0b70-4ae7-a473-e32350a9ebda,1539897768281,1539897769006,725
d7dada96-749d-4fb6-89db-2c08a2b84b78,1539897797369,1539897798463,1094
87368b4b-9722-439c-882c-b1349a6422aa,1539897800308,1539897800514,206
9e9a6f57-7940-4657-9239-388695e4e67c,1539897784443,1539897784776,333
182907e2-7b7c-471f-91e7-41ef01f0dd37,1539897783461,1539897783874,413
380a63b0-bae4-4689-bc9e-68c2783b85f3,1539897777317,1539897777865,548
d5953599-d4dd-48c3-8eb9-284081f6de3d,1539897768524,1539897769274,750
df529b5c-7c40-4679-b0bf-42f6dabe40e1,1539897766017,1539897766836,819
9a7f3ed5-eb38-4570-bbec-916b128d0a59,1539897797948,1539897799023,1075
586ca7e6-62da-42e6-9b04-39c4136295e6,1539897778737,1539897779503,766
da37c403-fd03-4c50-bc5b-4dae1b38e459,1539897766888,1539897767695,807
4fa77f8d-9c47-42c0-9d01-5ad688e1fc01,1539897787108,1539897787483,375
ae0381e9-3206-4edb-a384-05fb0d1d65a1,1539897778153,1539897778990,837
03fbec75-8c3b-41b4-9ff9-74f6a0b019af,1539897753372,1539897753893,521
27fc2101-9677-4cde-9ef2-384f3e97b7ae,1539897796182,1539897797139,957
37cb4f3c-8726-4a59-834e-d275d673b057,1539897793350,1539897794113,763
bbfae6eb-d593-425f-8ef3-d5840f213f5c,1539897796924,1539897797939,1015
29057389-bf5b-46c0-9850-0b01e705c031,1539897787003,1539897787365,362
98aa7c4e-3f30-4cf5-930c-b32a904bae75,1539897784027,1539897784505,478
626eea5f-aceb-4caa-acdc-a3ee8e80635c,1539897772729,1539897773106,377
05d4caad-781c-4610-80e9-f87f30a8fd0f,1539897779084,1539897779945,861
df47c442-1084-4254-9e45-e2065233a668,1539897769686,1539897770448,762
aca5293e-b6d6-4fd0-98cd-8b50dbb83963,1539897772956,1539897773463,507
ec9f00be-f976-454e-945e-979e33bd1f00,1539897795434,1539897796502,1068
74d2c58c-914a-4fb3-8ebe-950e10618b4c,1539897764495,1539897764911,416
dca77e12-6bc3-44c2-a967-8b0e9b764123,1539897794060,1539897794831,771
a56b1857-7014-40d7-a3c3-3e5b7ae92363,1539897776693,1539897777197,504
dbcfec69-465a-4107-9c94-5fa86578b204,1539897769232,1539897770118,886
e36bb70b-f933-43e8-8c7f-dd27e144ad59,1539897785280,1539897785633,353
aa1d474c-465c-4eda-98fa-4e417ede2e0d,1539897756213,1539897757273,1060
68e2ef6f-93fb-455b-a5e3-fa57379f210d,1539897798109,1539897799169,1060
cdd735a9-b1b0-4f97-bea3-0f5c0f951a47,1539897777835,1539897778613,778
13ae48af-e7d4-4027-b802-759064e33e18,1539897788577,1539897789291,714
bbd83cf4-9a1b-419f-b5c9-703e175612d9,1539897789118,1539897790848,1730
175fd56a-3ec6-4d2e-afb3-166775c6ffec,1539897757214,1539897758342,1128
14d1652f-7144-4be2-9475-f640dc605884,1539897785464,1539897785823,359
8b026082-d53e-415d-8055-c1ff6aaab0d3,1539897798338,1539897799363,1025
050c427a-a885-42ae-bde5-c4c8143b3ffc,1539897766726,1539897767528,802
392a9686-08d9-4c82-b6f4-aaf30a9308df,1539897751337,1539897751689,352
0978d121-a0d4-420a-8a88-116a36a9de79,1539897759670,1539897760904,1234
4ffbd109-b6e6-41bb-af75-3692406153af,1539897786956,1539897787340,384
51e5d6af-2a51-4984-a087-32e86723d7f2,1539897794627,1539897795463,836
51144182-22fd-4529-b33a-749a39817de0,1539897798791,1539897799696,905
328393d6-0f80-47c9-b412-d88128c0ed5b,1539897756445,1539897757480,1035
3491b4b9-da87-4fc0-904a-051974a084b3,1539897775927,1539897776260,333
9229aab3-fbee-47c7-a98f-5b9dc43a45d0,1539897778665,1539897779444,779
d734d55f-dfec-4ab4-b148-e33bf2dcbcde,1539897787690,1539897788242,552
5d2a8b77-3d69-4c48-91c7-1612a5b49495,1539897768009,1539897768750,741
f61570dc-065c-46ad-a18b-f9db2ca11a27,1539897789157,1539897790874,1717
b2b5e76d-7596-449e-a62b-555337071dfa,1539897798861,1539897799726,865
11915e02-0efb-4c53-912d-544305cccc0f,1539897755442,1539897756565,1123
b07a8a52-c45e-4649-af1f-e3553c65b6be,1539897757445,1539897758540,1095
94949c2d-8b70-4ced-ae02-a312297286b3,1539897800344,1539897800570,226
fe2ed10e-136a-44a9-b79a-7a0c2e596db6,1539897775807,1539897776147,340
fbe559ef-eec1-45d8-a843-2de629cdb342,1539897783831,1539897784318,487
2804327d-9e61-4388-a011-75fc09cb287b,1539897751258,1539897751620,362
9caed801-09a4-42b1-92d8-0811f99b147a,1539897789537,1539897791099,1562
c4c1046f-2228-41da-9225-c893a6892dc0,1539897758913,1539897760106,1193
6bf20a6c-5dd3-41b9-a02e-1979e78d97bf,1539897801262,1539897801645,383
84fa7476-f667-4d27-a6c8-a8be9c965432,1539897773627,1539897774109,482
877be0e1-a8d5-4fb8-a4ff-1971c03a95d2,1539897782657,1539897783079,422
1f120220-06c3-436d-b778-8224c9655873,1539897751970,1539897752355,385
e701a3a9-9627-4759-add1-e43ce43e132f,1539897785541,1539897785936,395
08bf4c1c-41f6-45a0-881b-570265c9863d,1539897766997,1539897767783,786
7c09c6b7-79fc-4c92-8f86-678391bdd95e,1539897759517,1539897760752,1235
b5dc2524-a3ea-469e-890a-cdab9a702853,1539897782347,1539897782694,347
d9d29c54-83de-41fd-a67c-bcb909a0fbc2,1539897764263,1539897764688,425
3aef452a-4482-4282-bdf4-579952cbc9e7,1539897782533,1539897782896,363
e35f7136-013d-4230-8535-6b292880b6c0,1539897753452,1539897754004,552
dda89cb2-9b96-4888-993f-4d36d41362bc,1539897767081,1539897767859,778
82718550-2c71-4ec5-bb20-35558ac09465,1539897765216,1539897765950,734
5f16aa37-b63b-46d8-acc6-688f64ed46c8,1539897784697,1539897785098,401
480ebc97-c7dd-48c3-a361-6badb717a161,1539897785578,1539897785963,385
4d839fd1-59a6-4610-a2a6-b5acf4f886b6,1539897763579,1539897763878,299
e7cf6f77-9a05-40e1-ad14-c2d3c21167ea,1539897776269,1539897776737,468
32cc3c5e-f24f-44be-8b38-ad033c66e1e7,1539897782125,1539897782343,218
856b90c0-a6a7-4f4e-b20b-551c3714c443,1539897782456,1539897782812,356
cdac55f9-2be8-40ff-a68e-c7b5391b25b6,1539897758600,1539897759778,1178
3170acd7-ff75-4b58-a042-24fae3fe2559,1539897792402,1539897792879,477
b9eafdd6-917f-4c96-a8c4-e30b0eba1c89,1539897756492,1539897757513,1021
cc3dc362-c5f8-4e7c-a017-a24040b84f43,1539897759254,1539897760546,1292
17a18c4c-9381-41d0-b5e8-471e260c576a,1539897793274,1539897793991,717
a5376736-f3e8-48ab-be4a-6981534623dc,1539897779130,1539897780035,905
cfd052ab-ef81-43bd-9e2d-1ec272f93a87,1539897778853,1539897779697,844
29697671-0846-417e-bfb2-1ea4687b4b70,1539897779206,1539897780122,916
80578bbe-bed9-4965-a133-954da6d05b14,1539897784853,1539897785209,356
362a2598-f414-4535-9d8b-60afc4a2c904,1539897793767,1539897794532,765
5638d642-8666-4ad1-aa81-24ca08fdaec5,1539897794312,1539897795107,795
8fa5d18d-033c-4b5f-90b6-e1c83f64cefb,1539897795215,1539897796195,980
10515b11-d238-40b6-baa2-3c9d2a40613a,1539897759184,1539897760403,1219
4413a5b2-50e0-4972-b9ff-8fcf7c454c49,1539897801301,1539897801699,398
6956b4cc-c9d9-42a7-b165-59629d871f4f,1539897759592,1539897760832,1240
6898db29-d084-4d06-b4ce-5bc749c6061a,1539897787729,1539897788277,548
4c08278d-7ba9-4dd5-acb8-3e5a2578ee49,1539897773312,1539897773800,488
7dba461f-ed9c-4e3a-ab11-79476e51d79e,1539897789463,1539897791072,1609
8c8791fe-0459-4b86-add9-3b7b9e55aca4,1539897767116,1539897767905,789
910a88f1-7e1d-484a-bf94-6bdddad9785c,1539897766562,1539897767400,838
6eaeb221-f231-4124-bf80-d669b5032392,1539897785840,1539897786260,420
6e920c5f-8878-4ac8-af9a-8545ce97314a,1539897783419,1539897783816,397
b0530718-f934-460d-aad3-1fd95284bf1b,1539897769195,1539897770085,890
52e9975d-37ea-47d7-ab31-f532571fc95b,1539897783794,1539897784266,472
3b2e2241-f9d7-4897-9c2f-c43cd63c511b,1539897792359,1539897792864,505
3f75cba2-9721-4916-8f2f-f2af10329ede,1539897775298,1539897775611,313
572a22e8-4b0b-4d39-a601-d210eb7640cc,1539897782844,1539897783356,512
660b55e6-483e-4735-8d63-d2ee003ed773,1539897788075,1539897788758,683
cbed7523-899e-4ebf-a5f0-9638af3a1896,1539897765652,1539897766447,795
4feb380d-4604-4e2b-aea0-00fd4affd6a0,1539897765737,1539897766534,797
be16f870-cc2f-4d95-8f06-502dc5fad10f,1539897766186,1539897766977,791
da0c899a-f771-476d-9128-c6ef11ab9c4f,1539897788314,1539897789059,745
d13a765d-2cee-472f-b48a-fe2a24c35300,1539897794100,1539897794860,760
a7bf1bce-3090-41b5-800d-7a00d594e2e4,1539897795923,1539897796928,1005
0c23fd13-786d-4682-964c-2ba5fed2fe61,1539897796069,1539897797065,996
0dd31987-ce67-4a52-a0c7-e273a40d0e4e,1539897785689,1539897786104,415
ae9efd9c-c01c-4d26-80fa-1b1176a9acb5,1539897776110,1539897776530,420
92adaff4-48ea-4f7f-9993-331a7e7335a0,1539897772613,1539897772929,316
a0320b70-0bf1-4e72-867c-a0a5d8f4558f,1539897794394,1539897795216,822
aaa00c81-bce0-4739-bd38-b7bed6bf18e1,1539897795102,1539897796083,981
5f20041d-3b0c-4b58-b522-6f7da2bacfe1,1539897759936,1539897761202,1266
5222ce66-a0f0-4cbe-865d-585fe5fc4012,1539897769725,1539897770503,778
da973363-ca80-42ef-b168-61a06761c758,1539897789309,1539897791010,1701
e37f944b-5a47-4276-9224-48155d5b0a84,1539897758753,1539897759940,1187
b9964afd-aff7-489e-9f23-912be622196d,1539897782237,1539897782551,314
2882c92f-f158-4ec7-a55e-d941aa1039ff,1539897782809,1539897783275,466
31c72e55-f3f4-4582-9c26-43355fabcde6,1539897753114,1539897753634,520
5c8af137-9c5d-48ba-9f5b-385726d92c97,1539897754101,1539897755480,1379
6dc53fa0-de89-4784-b357-0b9eaa1ed725,1539897766096,1539897766887,791
464bbcfe-89dc-4273-bb43-896e16a8f3d2,1539897766960,1539897767769,809
ce90eb8c-92f5-437b-ab5a-23a1150a7b3b,1539897798259,1539897799293,1034
d307377c-abd8-435c-aa3b-264c0ebf05c8,1539897788500,1539897789245,745
31fae548-7308-4543-95ae-28ad52aa7fa7,1539897793006,1539897793641,635
3c91fdb6-19b0-408a-a44f-a903c042027f,1539897777565,1539897778112,547
5dd5f2c8-b29a-4c01-a43f-f3b51fc837f7,1539897775526,1539897775931,405
210a49ca-a78d-4ad2-a0aa-c478049edbf5,1539897794955,1539897795906,951
e44cfff3-45f7-4e58-bc7b-5cb84b843eb7,1539897795181,1539897796151,970
39aa7ce8-0718-4fd8-bf66-dcf0002327de,1539897759707,1539897760936,1229
d7f33829-4da0-4f80-905b-e9d10b5f4a2d,1539897765941,1539897766732,791
89b07112-8679-4428-b46a-1fe220bc8088,1539897795818,1539897796807,989
e099bfa5-440e-4a56-95c7-e3017e720527,1539897789198,1539897790901,1703
16c2b5e3-c945-442f-a6f6-47a27e9654c2,1539897786021,1539897786488,467
5feabdfe-3dbf-4ae1-a8ed-64b28b879ab1,1539897753785,1539897755005,1220
22f78e30-6569-4276-9d24-b86ecf15a5e6,1539897794170,1539897794932,762
048ad57d-fced-4603-a9df-46c5eb532a1f,1539897801495,1539897801778,283
80103d29-1f28-4d33-9a03-969f88955fe6,1539897760080,1539897761325,1245
e86c7dbf-189c-45aa-b510-a65c083f00e1,1539897766810,1539897767587,777
f11cd735-0e4f-43ba-b6f7-cdc4b1d2e095,1539897788653,1539897789371,718
6ef00371-96e7-4a2f-9810-a91583809432,1539897757991,1539897759168,1177
1f149eb3-15e6-4eda-9b41-39dc9f8718f0,1539897776550,1539897777060,510
1cfbde0f-581c-45a3-99f0-4c7026bcdb67,1539897784218,1539897784624,406
161d72f2-baea-4149-b562-27fa3e8288f6,1539897792680,1539897793124,444
eb5e9d29-2cb9-4019-aab3-fa834273513f,1539897776658,1539897777165,507
19f4205d-0072-4402-b2b4-fe3d4f067dfa,1539897797438,1539897798523,1085
cc64e505-b05c-4af8-9317-824d3a481345,1539897786308,1539897786813,505
ab2efc14-257a-4c3b-bf69-1f7b70ef4339,1539897800415,1539897800648,233
35e3223e-dd0b-46ce-b92a-a433b5b07299,1539897765078,1539897765776,698
692244a3-12b7-48a4-bfc3-c7f07bda8a83,1539897752774,1539897753325,551
8957a7f3-1ff9-460b-b1d2-ada39566b2e8,1539897769309,1539897770205,896
958a9cd3-5ccf-454a-b71d-ecad15f5e62f,1539897775075,1539897775346,271
bf640a65-cfb2-4d52-a2dd-9ec70ad3fb91,1539897755487,1539897756581,1094
cbcf6470-bdcb-46b9-bc02-3c0fa24d20af,1539897788933,1539897789675,742
b7fb26b1-11a2-4f6f-a053-15621b62f728,1539897764763,1539897765068,305
a2ae99d8-9364-4fa2-81ba-c3282e5da9aa,1539897751519,1539897751896,377
852da0b2-700f-44b7-bb8f-f36545a2f6d0,1539897801859,1539897802197,338
aea7cc3e-3135-4c2e-9838-b0dec9a41634,1539897779975,1539897780746,771
abb7eb2a-52ed-4f10-97c4-7855cdc6cbc7,1539897766764,1539897767572,808
034487ee-5ae0-45ad-8484-348527edb188,1539897767273,1539897768028,755
bc8bfc02-0dfc-4a44-8208-85135e1a81cf,1539897768992,1539897769828,836
a0beb22f-3ee2-4aaf-85bb-293fb3e22d3e,1539897775699,1539897776057,358
11624eb0-ec65-4b0f-a81d-b722ca0406b1,1539897768916,1539897769766,850
c639b5ef-3282-42aa-b986-18cc2e044942,1539897757405,1539897758465,1060
e236887f-c4dc-4187-ba5d-000ded039e1a,1539897796287,1539897797209,922
47ca1062-1381-4540-9459-e7f234b447e3,1539897774015,1539897774459,444
f58ae461-a400-4aa1-857c-4fd8376c542d,1539897778188,1539897779021,833
4ba6eb5f-f9e3-4ba5-a759-8967cfabe91a,1539897786130,1539897786568,438

Average Response Time:,725.0
Minimum Response Time:,192
Maximum Response Time:,3141
TPS (Transfers/second):,19
Standard Deviation:,328.9286702923303

Total Time elapsed:,51072
Number of successful transfers:,998
Number of transfers with response time >1second:,250
