ec909314-9756-4921-ab03-240746dc6db1,1539953913368,1539953934925,21557
8b6aa582-f72b-4c2f-8255-7ac2465808a5,1539953911062,1539953912262,1200
327ada79-4df0-4069-b79e-b1502d1fde0c,1539953911475,1539953916140,4665
a6aaaf1c-bb9d-4f12-abe7-655945f69034,1539953913814,1539953939116,25302
5570d7b0-f4cc-4916-a363-95355496a1d3,1539953917228,1539953954140,36912
bba9dbc3-1e8d-4223-9f52-3d4fd343afa1,1539953914232,1539953942012,27780
7db389a9-aa1e-4667-bc87-0848d7170847,1539953912197,1539953923551,11354
dce4f7b0-0425-43aa-b997-1d464f30931a,1539953913427,1539953935726,22299
7248c5b8-7380-4f5d-8319-9d1c497d758d,1539953915735,1539953949539,33804
00774bcd-4fcc-4caa-9fa6-58741df534ef,1539953914811,1539953947324,32513
14de27db-1790-40ed-8b0f-c4d6a0297132,1539953916871,1539953953259,36388
e3488762-204c-4120-ba62-3bef8a75eb3f,1539953915446,1539953948975,33529
33eae2a2-eb90-4853-8c1d-65e2cd9390c0,1539953912614,1539953927719,15105
49035ae8-f208-4daf-8a78-f629ad6dce32,1539953911396,1539953915342,3946
fc5d7f8c-0d6f-4d1e-97d3-c3fb73e43b95,1539953915477,1539953949061,33584
7cc1b418-98a8-4648-921b-40a5f9fc91b0,1539953916965,1539953953462,36497
82f6d1dd-5d6c-4888-8e49-21e3ac5ff570,1539953915111,1539953948224,33113
34ede973-1fbc-4452-886d-9043280df591,1539953911252,1539953914016,2764
bc61bcfb-2173-4287-b5a4-c5ff28cdd4a4,1539953912712,1539953928695,15983
23a73639-bea9-4593-a916-45be9894c575,1539953912910,1539953929821,16911
d470714a-dac4-47fc-96d3-aa337ba7df10,1539953913477,1539953936205,22728
f7529d86-e38c-4974-acbb-70f646e45dee,1539953915141,1539953948327,33186
3f5e17c5-5cf5-4c96-bf41-97f70bad40bf,1539953911695,1539953918167,6472
2768401e-22d6-405a-ad7a-170e2484e6f9,1539953911135,1539953912891,1756
b2bb4fad-a3b9-44dc-889e-c30b1cf2853e,1539953911401,1539953915387,3986
bdf44d4d-ec5b-40ac-9c8b-555f207b6113,1539953912328,1539953925302,12974
6708b531-6c6e-4add-983d-a06c4ac49848,1539953912802,1539953929309,16507
68f19a78-a55d-4e1e-bef5-5c3c62b88705,1539953916839,1539953953199,36360
7198ef7e-0d9b-42f5-848c-9ae94153445f,1539953914757,1539953947044,32287
a0d24225-6d0e-46aa-9414-2290ad08c30e,1539953912428,1539953926291,13863
746eb524-b3a4-4377-8a34-0d7e2e60e5fd,1539953911554,1539953916718,5164
42809091-b6ee-4b8a-a442-e1024028fd1f,1539953915819,1539953949765,33946
573594ef-1e8b-445e-99da-bc17c4865356,1539953916209,1539953950941,34732
76367af2-9b72-4a72-a990-19cb36ebcadb,1539953913311,1539953934215,20904
0ad917c3-5806-4455-9afb-5589fc3e3a57,1539953915151,1539953948357,33206
254506a1-1c71-45ee-81b6-59130192c7ac,1539953916705,1539953952805,36100
b199382b-a332-4b33-80b8-c755084b8631,1539953914690,1539953946576,31886
43ae6b99-b350-41f8-95a9-b6288bd4dbe7,1539953913660,1539953938009,24349
00cc00ea-2f5d-4abd-8fb2-ff0e3c6bc9a0,1539953912574,1539953927282,14708
e69d4d75-aa45-4078-a3e7-9047a6a986a0,1539953911807,1539953919398,7591
8a009376-bba0-487e-8676-dcc8de9d6ff1,1539953916426,1539953952045,35619
e2c12523-0e0f-4d7e-9855-50462ed5c0e7,1539953912389,1539953926036,13647
e7287578-ebaf-417b-a0dc-5ce28ef7ad13,1539953916005,1539953950388,34383
f66fd9c4-ecfe-4325-b47d-9dce3dc507ca,1539953912047,1539953921773,9726
2a319494-84be-4884-892b-4a3744f5df83,1539953916407,1539953951933,35526
eaf3cd3e-42c7-45e4-b91a-7e2eda4788c6,1539953917059,1539953953716,36657
5c4a6fac-fff0-4ca1-a55a-3e382474b1ce,1539953911803,1539953919361,7558
97ae5629-bd51-4e39-bec2-199d9b72ff72,1539953914702,1539953946667,31965
b6b47ad7-5e40-4935-8c1d-8d7b277b33d3,1539953911813,1539953919449,7636
6b8a9775-13d7-484d-b523-cf179df7f77f,1539953916539,1539953952419,35880
00414538-cb63-4a13-9c89-536d9abcdcf9,1539953913025,1539953930715,17690
3e6bada4-55aa-4712-a8cb-3704561b3b77,1539953912193,1539953923454,11261
88be5125-907c-4ecf-a486-330c4c47ad5a,1539953913109,1539953931465,18356
57553945-b768-4a55-90c7-8b213d281d1f,1539953915993,1539953950345,34352
961e1a1e-16b8-4797-8ccb-1bb0485a4122,1539953913262,1539953933720,20458
319e84fd-f27d-47ac-a40e-43d4c826d72f,1539953912038,1539953921606,9568
ab3b4f11-22bb-48ed-b38b-c7a91f9c78bc,1539953915083,1539953948148,33065
61e1f79b-c8e0-4a9a-ba41-cc3667845488,1539953914646,1539953945076,30430
df57b138-95e0-42e8-80be-2080ed2cfa4a,1539953912155,1539953923102,10947
f295e8b9-054b-4af6-8aed-fb882b0faa95,1539953911023,1539953912049,1026
d82de84f-5502-4122-95e9-1ccbacc28566,1539953913360,1539953934829,21469
6e5c4f9f-83c0-4253-a4cf-ab1c4da550d4,1539953916884,1539953953295,36411
4e0bfa47-f609-4c50-92dd-1fa459e9f839,1539953915461,1539953949016,33555
d4893f2a-73c4-4002-b2c7-2d5858b572d0,1539953913451,1539953936022,22571
205ccf0c-1dff-4926-947a-a95082a4cde1,1539953911671,1539953918009,6338
3351a6a8-73b3-45bf-9301-529dbd50aaee,1539953911224,1539953913758,2534
02079947-56f8-446d-8a43-16342d18ba35,1539953913150,1539953932351,19201
fc4abf06-4f2a-4730-92df-3bcea94e1b23,1539953915197,1539953948458,33261
01c82d08-e1e4-4d0c-a352-3eacbb1141cb,1539953916205,1539953950924,34719
f0916074-ee2f-4468-95ed-4ba9cfbe5f10,1539953911334,1539953914810,3476
e0960f94-3bd0-4819-b112-ebf693752729,1539953914024,1539953939935,25911
cb3ad020-002e-4a16-853e-7760c2d9c07d,1539953913216,1539953933167,19951
6d92afe8-a3a9-485e-9284-0e42ba8d3e3d,1539953915033,1539953948045,33012
c7c53d35-8cfd-4fae-904c-5132327a9ab3,1539953915523,1539953949119,33596
b583c511-ccb2-41c1-8435-65ba533aa505,1539953914067,1539953940116,26049
4c3d2185-a648-4646-994e-15fcd34f5aac,1539953911736,1539953918539,6803
d3edfa0c-d49a-4c5d-bf0a-e91b39dabd98,1539953913251,1539953933517,20266
4d1472e3-53df-497d-8d4f-5ec30be9331c,1539953911973,1539953920877,8904
a5fd95ac-0936-4b97-8753-0ee047974a26,1539953913736,1539953938526,24790
c577b725-49f8-48cf-a63a-a46e16a55d31,1539953916148,1539953950739,34591
0d9a0c6a-ef73-4ade-8612-4dce18051bad,1539953911288,1539953914451,3163
8d171d98-0d1a-4fb9-bb08-8d77f9115b19,1539953913555,1539953936742,23187
2cec25bf-a141-425c-858f-ca244011c4be,1539953914433,1539953943327,28894
7ea22e40-382d-448c-adaf-11247761539a,1539953914891,1539953947735,32844
1ac67f3b-e069-423d-be04-05df74ef74b9,1539953914118,1539953940591,26473
89ad4233-c87b-4c14-a58b-256129646801,1539953911731,1539953918487,6756
034e0bbd-4b0a-472d-b2a7-b84ada51748b,1539953914900,1539953947766,32866
aeea0ade-c31a-4b44-96ac-665da152e4d3,1539953915135,1539953948313,33178
0d1386ab-1b0d-4dee-a3c1-ecb796411b51,1539953911779,1539953919046,7267
66fa181e-1cd1-4453-b35a-8e0ad3716233,1539953912318,1539953925218,12900
825fbad3-b6ab-49f1-b543-831d665efe80,1539953913091,1539953931359,18268
327dffbc-f4e4-4a5e-bc64-ea2f286bd89d,1539953915130,1539953948297,33167
bf22e877-458a-4a59-a584-f92c6089e74d,1539953912883,1539953929762,16879
aa43f20a-a0a1-4c37-947a-e7e164c5af61,1539953912359,1539953925678,13319
b1a6d51e-e976-467a-b70e-07c3eb8fd37f,1539953910934,1539953911443,509
ad62ccba-2ae0-4786-9364-6de3332420b0,1539953915237,1539953948538,33301
9754aa4b-c374-4757-a141-8585b77d4720,1539953917079,1539953953762,36683
c09dda36-d7f1-49c5-b9cc-72bef6598a25,1539953912773,1539953929061,16288
5b877e49-2f49-403b-b8f6-89c256b3c5a9,1539953913461,1539953936124,22663
189a0df7-a973-41f7-ad60-faf9972e3d19,1539953913010,1539953930543,17533
0204cc29-a0e0-42c5-8ead-73e1f44999d8,1539953916174,1539953950815,34641
835718cb-399f-45e3-801d-f0da5fad0a60,1539953911229,1539953913796,2567
e3148294-d24a-454d-94b9-736f85c82066,1539953914252,1539953942260,28008
8a7a5242-ab8a-4900-b677-0c91790e50f6,1539953914393,1539953943082,28689
54c668be-9b5b-4cb2-9213-7b13d1c2fc17,1539953913847,1539953939361,25514
005693ea-bbf6-4092-89de-422bcd03d683,1539953916340,1539953951516,35176
12871dc9-aba6-40d2-88ca-90064405033c,1539953914579,1539953944382,29803
4ed7a4c0-51cb-44a2-b4b4-bddb83dd3fc0,1539953911591,1539953917057,5466
c8b92934-7d56-4e43-b015-16ac53a1522b,1539953912569,1539953927195,14626
0886fac8-19ee-45fa-b1ad-392b618bc936,1539953911127,1539953912840,1713
d81372b0-16f9-4ece-86ce-ee0144bacb34,1539953912411,1539953926149,13738
f56fa69d-edc4-4aaa-aae8-dd43e8225095,1539953911257,1539953914067,2810
6a3eeb69-a551-4495-a094-d0b3b894afb6,1539953916037,1539953950476,34439
722e25ba-ba24-4a03-81ed-59208174bfb6,1539953912146,1539953923034,10888
7055d367-cecf-4e84-a5de-89034c00a62a,1539953914786,1539953947211,32425
01b5a57a-c7f5-4953-af93-ce99f3f9e72d,1539953911876,1539953919838,7962
38ffc878-834b-4887-af24-430b7d81291a,1539953912995,1539953930293,17298
bcb7ca28-24bd-469b-96cb-b82afe55f0a5,1539953916878,1539953953276,36398
0591b1e6-139d-4826-b229-2c18b93f1ba9,1539953914197,1539953941400,27203
745dbc4a-4c81-4bd6-a04d-7b8c47b97361,1539953915120,1539953948261,33141
24f75fc1-a9ca-46bc-aaf1-f63bc0b6862c,1539953913079,1539953931312,18233
40dc4940-bd91-4f9a-b81a-e5d6503aa80f,1539953916961,1539953953449,36488
e20f0412-a8eb-430f-a415-c5c43d2e08ec,1539953914966,1539953947921,32955
395a8273-b5b3-45b3-9a80-9a56ffd24bec,1539953914981,1539953947949,32968
acd83a7d-62d5-482e-9585-4d2f21c7c50d,1539953911293,1539953914545,3252
7d657962-7560-44d1-bb88-23402215b167,1539953916984,1539953953522,36538
d2340228-7166-4d77-a955-f23af1f94ec9,1539953916138,1539953950708,34570
58467e0d-3db7-44a0-ba50-0ebff154abb3,1539953912373,1539953925909,13536
088f5896-344e-499f-b6d8-3b1ad0a298a2,1539953916182,1539953950850,34668
cb63ff43-94fa-4826-ace6-a2c0166bc2c3,1539953913227,1539953933293,20066
6bcd787a-e6b7-444e-b96d-1171952e1291,1539953914669,1539953946444,31775
dc643df3-7486-420b-8cc5-172d8b133c26,1539953912833,1539953929522,16689
1fd60a76-f81f-4b66-988f-7113dac91827,1539953915320,1539953948733,33413
f0f33244-da28-45f0-b5a7-461443fcdc9b,1539953916917,1539953953336,36419
584277f7-7889-41a8-9f82-ead30a12c2ac,1539953912949,1539953929972,17023
1a6cd80d-26ce-4c82-a57a-cdabd237fd09,1539953916760,1539953952969,36209
1b6bc55e-decb-42ee-b8eb-e3c744b393db,1539953911209,1539953913635,2426
4f1dfcd6-0b41-45da-bfe7-68fed9b04c5c,1539953911083,1539953912447,1364
80d14a10-5f32-41a9-826f-8a10b73433c0,1539953911921,1539953920305,8384
197fd326-7718-489c-995e-480b2d697134,1539953916503,1539953952324,35821
3bfcde26-c062-4531-bead-779ef549e6b9,1539953915075,1539953948134,33059
27203428-723b-4969-8189-3a368fe7dd13,1539953915613,1539953949310,33697
08bf2444-6d1e-4491-9cbd-cdc2781cc274,1539953911190,1539953913460,2270
fd84856d-561e-4a43-bb17-037757fe9f7e,1539953914625,1539953944813,30188
69f4f5c3-a8c6-478a-a369-e73653e98b85,1539953916200,1539953950907,34707
f72f755e-3531-4257-b11d-e853e0f4e508,1539953911760,1539953918943,7183
5c2c6f01-ed4f-4c13-82ea-617f780cd701,1539953912000,1539953921203,9203
f7484e5c-db9a-4ce3-8e98-8f7874a16db2,1539953915303,1539953948679,33376
0f9c3e23-e2dc-4e8d-883a-9616c1e82c60,1539953912955,1539953930002,17047
5fc91b7a-545a-4a44-9916-21c3941640c3,1539953916119,1539953950647,34528
496659a1-6430-416a-b6ec-8ae17f21fcd7,1539953914603,1539953944672,30069
91c14c67-32a8-4492-b3eb-b6120e10b6d3,1539953914566,1539953944226,29660
bea3f339-7aba-43bd-b24b-63a7744aaaa0,1539953917023,1539953953622,36599
8e431bed-5f6e-4c07-a0de-f6d46c59d656,1539953914177,1539953941228,27051
630896fd-1070-4251-b244-610c514481e4,1539953913276,1539953933796,20520
06b326fc-ca60-4705-b1c3-8f3a43fabf98,1539953913568,1539953936884,23316
6b9e2c02-747d-4d58-8a72-720898179a94,1539953915890,1539953949976,34086
1fbfa417-acfb-4d16-9ae7-0376082973c1,1539953912136,1539953922887,10751
b73c15d0-62c1-442b-8af5-f624c0b6a46f,1539953914501,1539953943855,29354
43f70af3-7ebe-48fc-a8ea-f33780e52695,1539953914584,1539953944447,29863
308b2455-7545-4b2e-b811-c01fac841a2f,1539953915062,1539953948106,33044
78092e7b-5c2c-4a41-928e-54d53d019902,1539953911926,1539953920335,8409
00faec73-e873-4331-8690-f4bb0cb579a2,1539953912127,1539953922777,10650
1fb1d461-8639-423c-8f50-524769ceddb8,1539953915532,1539953949136,33604
76f9d3a8-a7ba-44c8-98c2-c0b2198ea967,1539953912043,1539953921637,9594
0f9b370f-6fcd-424c-b3d9-d0e605253ed1,1539953914148,1539953940930,26782
cb9daabf-0441-4bc4-8414-4ef73314bcc9,1539953916681,1539953952741,36060
cc332a7f-5d37-454c-9402-62cbfb8e5e8b,1539953916041,1539953950491,34450
b836df14-918f-4ac8-8d1e-8e5e8a6920eb,1539953916472,1539953952181,35709
4884851e-5a3d-4c0b-bd61-694e5b0aadb9,1539953916227,1539953950985,34758
201e1914-a700-46ce-a3c2-c1aac811c9a6,1539953912309,1539953925130,12821
837ec637-368b-438d-b953-9cab3df01b4f,1539953911689,1539953918118,6429
6b6a1aa6-4ea6-4c3e-bc08-5849b847c94d,1539953916498,1539953952310,35812
f0f3942e-b3a8-483f-a474-20dce3f4a26e,1539953916824,1539953953158,36334
13894d45-0cbd-4ab0-827f-a2678c7d4851,1539953914790,1539953947265,32475
709bd089-c56d-4cb7-9501-5e3b41fe637c,1539953917152,1539953953884,36732
102c7a69-8cfe-4409-8c26-ea313c08589d,1539953913993,1539953939778,25785
0542d1a2-9f6a-41b0-aeea-fec309a90047,1539953916290,1539953951240,34950
bc8f698f-7c95-47ce-b978-48a7be1cd9f5,1539953915691,1539953949453,33762
35b3b8a9-2e87-49b0-9cc0-231d70e098a6,1539953917094,1539953953776,36682
17429e61-355f-4318-9f96-8cbee80c56db,1539953917196,1539953954028,36832
29eb81fe-f5c1-490a-82b5-88d3d269d02c,1539953911710,1539953918400,6690
b27d2a5a-2be3-4449-9718-9d43ccaeb3c2,1539953914539,1539953944068,29529
aa02fce6-1379-4145-b0d5-52cce069311a,1539953917146,1539953953870,36724
cc25a215-9a11-4d62-9e0b-9f4f131966a5,1539953912656,1539953928135,15479
84e7a13a-70c6-4e9b-b035-fc457c13bbd0,1539953913686,1539953938220,24534
cbb85818-db60-4816-a409-cd81ade2b1b2,1539953914216,1539953941663,27447
9a0444a6-2a12-4d05-a32d-1231cb432b10,1539953911248,1539953913931,2683
468f719d-279e-4ea7-95f6-0287cf006144,1539953911029,1539953912070,1041
880a0ced-4f4d-4fca-b04e-ae005c033239,1539953915787,1539953949662,33875
fa0362f2-6a7e-4674-8bee-02394828ed0e,1539953912081,1539953922276,10195
c78242a9-69fb-48af-a1e7-82705e1ef39e,1539953912238,1539953924019,11781
00f366bb-ab7b-4156-a697-058486ab7bd8,1539953915849,1539953949867,34018
f4969d2e-2dc7-4eec-a6ee-422913a6b506,1539953915899,1539953950016,34117
0590bba5-ac9b-4cb1-b9ce-73cd0e2571aa,1539953916308,1539953951303,34995
b19c7196-015b-4be9-aa7d-b56920ecc25c,1539953915049,1539953948074,33025
55804461-1a56-4961-a9b2-a9fd5ecb2389,1539953917027,1539953953635,36608
eccedd3e-5183-4388-b3af-a84ea78866e7,1539953912349,1539953925497,13148
e91f3d39-24df-4553-81ab-f842b08fa63e,1539953915432,1539953948936,33504
ea732482-1023-458f-b096-88d40f057f0e,1539953914922,1539953947829,32907
11b1da5d-84ff-42a3-b102-749fa4c00fbe,1539953915740,1539953949553,33813
b4a66284-6916-4b82-9baf-7e3a22dde42a,1539953913136,1539953932091,18955
1ce0b5da-3373-4b07-a0e0-0caf283baf04,1539953915504,1539953949105,33601
7aa689be-2b73-4969-a4ae-909f2cc56fa6,1539953913456,1539953936068,22612
5936973b-3406-47ae-8b30-736712f3595b,1539953916191,1539953950878,34687
feee427a-1c3b-4467-ad7f-d146ad9f1bf5,1539953911846,1539953919650,7804
97549584-04b4-4fe8-8de8-e9f8e667470a,1539953914855,1539953947651,32796
46477d72-78d0-41be-b4b6-c47b2d046265,1539953915869,1539953949900,34031
0df3c208-24bf-41c3-81a2-f3bddd3e6249,1539953913141,1539953932182,19041
df14c755-2303-4e04-972e-fabe43ff348f,1539953914113,1539953940501,26388
b0906c39-9214-4547-b119-c09444e8e819,1539953916286,1539953951197,34911
455fe7f3-c913-4819-8749-be468793eead,1539953913346,1539953934650,21304
91d31212-b5ca-478e-b3a8-00873c552ec4,1539953911931,1539953920428,8497
4718b6bb-c0ae-4561-acbc-8475980fbe97,1539953913113,1539953931505,18392
d64e1b4e-a010-47e4-90fd-8caf354c97b0,1539953917157,1539953953898,36741
dd08bb07-b0eb-4524-b2f4-b4435ebda976,1539953913546,1539953936648,23102
77d38c29-65a0-459c-98b9-b0b663a73323,1539953917166,1539953953928,36762
8493e6d0-236e-4612-b7f1-a7faae4c4698,1539953913446,1539953935971,22525
2cd3e746-5782-4e10-8172-b7aae63daf5d,1539953913703,1539953938347,24644
b8e1140a-4544-4090-8dc1-b58fa145aa62,1539953914077,1539953940131,26054
c487a6f1-c46f-485a-a987-500f27de61b2,1539953911243,1539953913898,2655
76a6c7c6-ba9f-4a1a-94b6-415f918df82a,1539953916164,1539953950780,34616
69f51fc9-b401-4528-93d7-4134ec520ba9,1539953911609,1539953917224,5615
38058c7e-9010-4423-8e5a-3eb64472f95f,1539953913872,1539953939516,25644
7b8d8a17-fd1f-4a1b-9b21-e85e4281ab91,1539953911563,1539953916776,5213
0909c74a-85a4-4e20-a4a3-b2d313f81252,1539953915160,1539953948386,33226
9461eb4f-004d-4399-8d74-038c9596be90,1539953912247,1539953924100,11853
53402623-12d6-483c-8400-93b84079831d,1539953912932,1539953929879,16947
e8ac1f6e-e0b8-4f64-8665-d9f0331ae531,1539953915805,1539953949717,33912
8d49b962-3fdc-4f7d-9436-684ed268de98,1539953911367,1539953915089,3722
c6a6f367-d7ab-47d8-bda6-0fe49042fdcd,1539953912131,1539953922813,10682
bab2e226-93c6-4073-a026-cb806e86c453,1539953911425,1539953915706,4281
85fd1c76-3dde-4f63-86d2-2ad5d13cfad7,1539953912010,1539953921327,9317
36e0e7a9-fb87-4700-be71-5bfeca613399,1539953913397,1539953935374,21977
cdea4509-967f-4a93-baa1-2dd70cd5a55b,1539953914458,1539953943514,29056
d89e65d4-5d88-4566-91f4-b938332ca1c0,1539953911701,1539953918277,6576
974e6944-ffe8-4a5c-af00-c790d19e622a,1539953916331,1539953951484,35153
a744b6e4-f988-4e65-b3d0-ea034a53d709,1539953916187,1539953950865,34678
35243c05-edbd-43bd-a2b2-1fa58c8758b0,1539953913837,1539953939296,25459
c1e648ec-1003-4a47-b220-fb87e03799d6,1539953916720,1539953952863,36143
8e9acbb0-83cb-4fbd-931a-42f460036186,1539953912647,1539953927971,15324
899082bb-3088-4b40-b216-77f1122c5ed1,1539953916816,1539953953117,36301
6753b390-af12-47f9-934a-ea1089790eb3,1539953911078,1539953912348,1270
c6e3c072-dca0-4015-ba6e-429e6df01921,1539953912294,1539953924944,12650
09849998-923e-48d1-8800-6cb624812edc,1539953915093,1539953948179,33086
5d5a182e-7bf3-4c07-92e8-0d21c1cd0069,1539953912266,1539953924401,12135
4f5780ef-567b-4379-98ee-e235acf2908c,1539953916129,1539953950682,34553
f8ed3aba-4d5a-4b96-9422-610a9c252c9e,1539953911238,1539953913874,2636
8c7cf6b9-f6ef-487b-aae8-3222faf7a71e,1539953913117,1539953931600,18483
9590e234-629b-46c2-a35c-d1bcb92e1dd3,1539953913841,1539953939328,25487
bedae155-7024-4e1a-b8bc-5de06d8f7499,1539953914463,1539953943542,29079
2b768e80-27f9-415f-9b97-7b3008bd3780,1539953911627,1539953917705,6078
c3256cae-3327-45c0-b911-6f4054fc35a2,1539953916533,1539953952406,35873
31b9fb62-3f02-45d6-9ad0-b53d30c12fd9,1539953914533,1539953944007,29474
1520ef10-7294-4dd0-aea9-2728e40b8bb5,1539953911298,1539953914575,3277
af1d56fa-7bc1-421a-b57a-aec87aecea19,1539953912603,1539953927611,15008
21659d60-04c5-4b38-b0e7-0a57d72edbe9,1539953916009,1539953950402,34393
6eb8e52d-b0c5-4eae-9d3f-d2e370af8871,1539953912262,1539953924254,11992
a6ca93c5-c38f-49cd-928a-973cbc971e36,1539953913179,1539953932648,19469
bf44cf8c-a347-4042-8265-2363016831c4,1539953913196,1539953932877,19681
23de028c-9f8a-4067-9d21-b694ad3956a6,1539953916169,1539953950800,34631
a1759fbe-0f19-4d91-8bbc-8bdfcfc1ad70,1539953911172,1539953913305,2133
679c85a7-828a-40c4-9914-d127af6b6db7,1539953911434,1539953915828,4394
d39763be-b307-4e64-9d3c-12803060fc5a,1539953911661,1539953917917,6256
768a08e9-eb4a-4ab4-a6f5-eafb17eca99c,1539953915659,1539953949393,33734
2fa0a7e9-194e-443b-87bb-c31a3c5d38f2,1539953912721,1539953928733,16012
f1e51ae9-2a0e-4012-832d-c612ee972743,1539953914186,1539953941359,27173
7c166671-ca2f-4a22-b09f-bbb809ab23f6,1539953914247,1539953942214,27967
b4820fde-1611-407e-9d4f-fc3c028af336,1539953917142,1539953953856,36714
38489791-467f-4286-9a4b-1417e09f48b7,1539953916829,1539953953173,36344
47dc212a-1966-42c0-8298-d103d6f48657,1539953916124,1539953950661,34537
5f4f0cf5-8e3f-4bb0-8207-798a3591849f,1539953917129,1539953953821,36692
2f185da5-da45-4f82-84a6-eec0cc33a1e6,1539953912579,1539953927354,14775
e0842cae-aa7a-46f1-803e-ea1895946521,1539953913827,1539953939178,25351
29a5a02b-3f7f-4465-b7d3-3e46592013b7,1539953915268,1539953948613,33345
f8ab0c15-21f8-4e25-9d3c-0993ec87d69a,1539953911895,1539953920098,8203
307c9af6-167f-4296-9912-f3e270fe556b,1539953915777,1539953949631,33854
72a3d4d4-7fdd-4dd6-8fff-53feacf76901,1539953910893,1539953911135,242
4021d776-64ed-4b44-9b19-5c48be2ef596,1539953910946,1539953911543,597
38555f90-114e-4e91-9688-b5ba9bd311c5,1539953911271,1539953914248,2977
a5134a39-8bce-465d-8631-8dd53895e14c,1539953916799,1539953953067,36268
978e61c4-49cc-4039-a41b-84ee7a95ee5b,1539953911957,1539953920662,8705
4c8f58cf-2a4c-407e-8175-f5dcd88f5f80,1539953914695,1539953946606,31911
4eaaec24-4455-4226-8174-e78581f56dd4,1539953912688,1539953928381,15693
2841150e-3f23-473d-915e-f94172d5a3ba,1539953915943,1539953950210,34267
518835f2-0f6d-433b-946c-34303e119a7f,1539953917000,1539953953564,36564
61b38084-c1b9-41b3-8365-df457319ec8c,1539953913634,1539953937852,24218
d91d5d66-b950-4fbc-929f-d4190f9d4159,1539953916928,1539953953354,36426
bc104227-b9d4-44df-a78d-47fd819f2046,1539953913002,1539953930334,17332
d03999b1-836e-4933-ab28-8ea5a08e3e14,1539953913211,1539953933111,19900
286cb3ed-b630-4bf0-bb03-944ff50d1e22,1539953915171,1539953948413,33242
4636b921-f5cd-4426-94f2-2af8936fca70,1539953911527,1539953916557,5030
8d81961c-ec43-4dc9-b1ee-b5b0a90e709c,1539953911185,1539953913426,2241
bf406abe-44cd-4e8f-9b31-64c20c8b9478,1539953914824,1539953947354,32530
8bee14b7-09d9-48c2-aa4e-b2588eeade14,1539953916195,1539953950892,34697
fe94ea05-b9b2-436a-a009-4c0e556d570b,1539953913591,1539953937266,23675
7830300b-7bed-4538-b7b5-42f5c17329e6,1539953915482,1539953949078,33596
0dee3b5e-877f-46e9-85e0-e2eb41817fcf,1539953916346,1539953951567,35221
4f14131f-4c52-4cea-a45f-eef048970868,1539953915102,1539953948209,33107
ece773a3-152f-4d85-ac80-f441f6144243,1539953913257,1539953933626,20369
b365445a-3c69-49de-92ac-4363bba03a01,1539953911383,1539953915147,3764
6d6fdb14-bdb5-41a0-a909-e24b99215a6a,1539953916527,1539953952387,35860
f27b32da-d853-4dbb-9896-698edcd102b3,1539953917162,1539953953911,36749
4b0eca1a-1471-4d54-9a20-9b20f3100122,1539953911420,1539953915599,4179
3e19e3eb-25f4-4983-a9d6-bb3e8729b242,1539953915601,1539953949284,33683
5a08035e-aaa7-4136-b1c5-3f3894290604,1539953915836,1539953949823,33987
15d3dcac-bf25-424e-8704-e6ba9945af3f,1539953911549,1539953916664,5115
3968e810-d840-4dba-9bdd-3a10308e1e83,1539953914722,1539953946866,32144
161c17ee-e738-402c-8b97-eb8bd4cd6ea0,1539953912437,1539953926369,13932
837b37ee-ea66-4fc4-862b-6fe7890f0b57,1539953914519,1539953943961,29442
0462f422-98a9-4898-a57d-1eaec19b6337,1539953916970,1539953953477,36507
0bd35f74-8120-476b-91c2-9ba4edb1d6eb,1539953914164,1539953941091,26927
b5c96456-5804-4f78-b423-83a31f5ae609,1539953916676,1539953952722,36046
054fce78-f152-4ae0-af7d-d8184fb39d7d,1539953913020,1539953930679,17659
7cf1c8b5-9906-4dc0-9ca2-bb1c8845e166,1539953911797,1539953919225,7428
521005ac-160a-4dd8-a419-c5dbf19092ee,1539953915832,1539953949807,33975
515c5688-727f-4513-85e5-0f4a8f78f8e2,1539953916102,1539953950603,34501
b6f8241b-5b57-4bb2-b8ad-24544a31e335,1539953911909,1539953920240,8331
25b32d18-0533-4e40-aa5a-614c2e9ff842,1539953914332,1539953942863,28531
795c68e4-016a-4cab-9793-88727a19418e,1539953915053,1539953948091,33038
17f422cb-a22a-485e-895c-b6d1b3266ca7,1539953913351,1539953934725,21374
8d1d7e03-7162-4920-81ff-825260fe2b38,1539953916018,1539953950432,34414
107ffefc-89f8-4a9e-b791-45c84c3f2926,1539953916716,1539953952837,36121
39c2ad33-fb4e-4688-9a2d-aacdc5d06948,1539953912454,1539953926470,14016
dba54ff8-c0e8-452a-9984-d0e7a77e2d8b,1539953916326,1539953951460,35134
43eb61fd-5eca-46ce-a666-3c38fb16fbaa,1539953915115,1539953948241,33126
92d3e228-0cfa-4f76-8cf2-4df87abb1d2f,1539953912503,1539953926738,14235
9d59c7df-bf3f-43ad-bb7a-35d13aacbf37,1539953914445,1539953943373,28928
291df966-5cc4-46aa-b6de-a75b5e2d6d4f,1539953910929,1539953911393,464
34010452-e727-4c3b-a0cb-f26b83d046d1,1539953914927,1539953947849,32922
4cce0732-b601-4a54-b6f9-5d23664ba78c,1539953916357,1539953951637,35280
ef507c1c-4c5b-443e-9d83-5ff19613bab3,1539953913126,1539953931727,18601
fdd450b1-94f0-4f3c-87bc-1ac8017c16ed,1539953915677,1539953949424,33747
278f3a62-f8c4-4df9-95f7-811a2c451d8e,1539953914281,1539953942417,28136
444a9062-2c45-4ecf-80f3-5c7117616ca7,1539953912637,1539953927878,15241
03098067-079d-4515-b953-de27e1418f98,1539953916791,1539953953038,36247
8a6debc3-baec-4f5b-b119-2e73f1599764,1539953915176,1539953948428,33252
c5dbdd9c-de8b-4df3-a095-f120f4743a81,1539953915635,1539953949365,33730
36e9a823-7761-4432-a165-487befeed22b,1539953916667,1539953952695,36028
178597a7-aedd-4f68-a345-d7af4a353917,1539953913853,1539953939425,25572
30eb9e6d-c952-4fb7-9ed1-d7835551f671,1539953917182,1539953953973,36791
a544832f-6439-43bd-af32-b6a481c167db,1539953911642,1539953917849,6207
27fbb6f0-2ceb-46f0-8ea7-8d1b9b037c2b,1539953911312,1539953914623,3311
3a604840-f81d-4e8e-b230-777f521a318a,1539953913280,1539953933874,20594
8384a8a0-55a9-41a6-a102-e63e36938d0f,1539953915098,1539953948195,33097
0608c562-2e20-4ca8-b380-dc50070e6aff,1539953914105,1539953940460,26355
d4cdda25-c745-476e-8b3d-be55c04b33f6,1539953912186,1539953923439,11253
11e7bd67-d896-4f4c-b908-ae7e2caaf992,1539953915782,1539953949648,33866
9fbb05ea-ca2e-4ebe-93c8-4b813fe160d4,1539953916321,1539953951425,35104
6571d47f-fa13-4d5b-b4b2-97a1af6bdb8f,1539953916268,1539953951126,34858
d81fd2cb-8c90-47c7-9a72-245284723627,1539953916272,1539953951140,34868
8801f8d9-b81c-4c67-a375-2fb377b2170c,1539953911088,1539953912493,1405
530fe7fa-90d4-4506-a1f1-de2076fdb258,1539953916811,1539953953096,36285
1ca33828-950b-47cf-8b04-5a71d8df6673,1539953910978,1539953911724,746
348f436a-5c08-4418-9ad5-6bce116bf2a0,1539953915389,1539953948834,33445
698fefa2-ed08-4a2b-b477-ad1d3d4ad57d,1539953914336,1539953942938,28602
c35cbb4b-be26-4c65-b756-a337e0cad30e,1539953914727,1539953946906,32179
e15c7cea-3865-4edb-aab4-b94f65d3abda,1539953912991,1539953930276,17285
66f7dada-9438-4005-aed4-d2efbc35ec88,1539953916312,1539953951318,35006
da3d1a23-26f4-42be-b47e-3a85c498c64f,1539953911204,1539953913579,2375
cbf559b4-1da2-4cb9-8e11-fddb7f86bf90,1539953916236,1539953951025,34789
23641f13-0bef-4d74-9fad-b0a95b30187f,1539953915725,1539953949501,33776
03e8f514-9748-49d9-8576-5557ecb5a77a,1539953912220,1539953923791,11571
078434fa-e62e-4383-a6d1-4c96475e2c56,1539953914310,1539953942663,28353
ec1e60ce-5cbb-4bca-94f2-6ded85ca2ea5,1539953917210,1539953954079,36869
f07a4189-f23d-4bf9-a934-f0a98ef4661a,1539953912085,1539953922317,10232
0e12ee47-98a4-4c70-b051-87675bb86154,1539953910966,1539953911628,662
bebe1bc3-f219-4a56-92e5-80fef50ba64d,1539953911587,1539953917033,5446
05608e96-0929-4aef-ab01-0e86b2ff5581,1539953911388,1539953915191,3803
fae9cdf7-f5cb-450a-8966-9ad36a6369d5,1539953913422,1539953935691,22269
84475e18-cc7a-4838-98d1-23536597bbe0,1539953911451,1539953915947,4496
608e21f2-bd7c-4f39-b893-1ef41631b8d6,1539953912015,1539953921398,9383
2008a318-8ccc-4ba2-a3ca-02f6efb3bc16,1539953915553,1539953949181,33628
1dc04a79-d74e-4373-9a08-d6248d88f5d6,1539953911978,1539953920989,9011
3ed76d10-bd88-4050-b561-b72b862d14b2,1539953911523,1539953916480,4957
74f7784f-1922-4638-84ba-5900d04e59a8,1539953911604,1539953917193,5589
389fa866-c6a9-461b-9515-f134ab6d7907,1539953913232,1539953933352,20120
a0b070a6-c2d0-4aba-aa0a-5ab70b5a0a90,1539953915765,1539953949579,33814
70ecb0a4-7e49-4841-b9e3-59f6c5e380f5,1539953916222,1539953950969,34747
4318222b-a91a-43bd-9a2f-b8262484390b,1539953915437,1539953948949,33512
2edcdc05-3104-4fe8-ad94-25de2c16dbd6,1539953917241,1539953954185,36944
f7c96161-08e5-4fa2-8a29-ea91f44f430d,1539953914575,1539953944316,29741
341c28fe-b5f3-46bf-9cfe-6f044e1b67d5,1539953911284,1539953914406,3122
4b2f2092-6148-4070-bdb8-b6d88d29bf1b,1539953915397,1539953948853,33456
fb58c490-11f6-43d4-9f25-7d11f0be93b7,1539953913803,1539953939020,25217
cf7227d0-ce48-40d9-be42-562eee8973be,1539953915791,1539953949677,33886
a8afa8de-419f-482b-b0dd-770495c7b9b9,1539953912810,1539953929372,16562
48d02a28-1531-481b-a014-3a97f5facea2,1539953914942,1539953947878,32936
b96dddc3-5f4f-4fde-8a62-eaae27f62deb,1539953911962,1539953920699,8737
8a5257f2-4e56-47b2-b691-8dd33734b99b,1539953912589,1539953927514,14925
dbfbc828-7e3c-4679-84a0-004cf24e7d47,1539953911456,1539953915979,4523
555d3281-42ff-4939-8c5e-4d3153fb2cf5,1539953912662,1539953928204,15542
178a6552-0757-4dfb-b5ba-b51b87910d71,1539953915753,1539953949566,33813
1f44e1d6-d2c1-4d7d-a6fe-5c18292c1805,1539953916594,1539953952536,35942
d24faf58-18c7-4033-8fb8-b55ad919e0c7,1539953914932,1539953947865,32933
052cf5fe-9b5e-46ca-962b-8d5e019e0c8a,1539953911573,1539953916885,5312
c1e9206b-a74b-4c03-a028-97d32b7b5643,1539953916956,1539953953435,36479
288017db-0c47-4e14-b131-092727471f14,1539953916550,1539953952435,35885
0422d8e1-cae7-424b-b924-f67736a4af92,1539953915218,1539953948506,33288
6c2dce07-6279-4757-a9f5-3dd6b995e679,1539953912304,1539953925056,12752
9c32cd90-c02f-410a-9a49-7c0b80418cf7,1539953911005,1539953911893,888
2d3fdf4d-4af4-4126-b691-1b848b38e9c5,1539953916776,1539953952997,36221
7f4c56db-1de6-4002-849f-b0894cc51acb,1539953914972,1539953947935,32963
f44decc5-4a0b-4b84-9af6-7a6228354cb7,1539953914454,1539953943467,29013
2c75addd-28a0-4c41-b4a4-bf6425d0e55c,1539953915939,1539953950196,34257
a38a24a5-3858-4f11-8258-9d55827ca7c4,1539953912449,1539953926413,13964
788fee8a-c5aa-428b-9e43-de0c99399624,1539953914153,1539953941022,26869
9172aabd-1d0a-4d4b-a9f4-9c72497c3cb2,1539953913577,1539953937104,23527
379a1e3d-67a6-4580-a3a0-f320588dafb9,1539953916047,1539953950505,34458
79139b23-fb6e-4778-96be-7c2c6e3478cf,1539953911480,1539953916188,4708
9f1d00c4-2d83-4a43-82be-ac86ab0aee6b,1539953913102,1539953931428,18326
08b5dd03-379e-4d3a-bc8b-51417bbdae20,1539953916488,1539953952277,35789
537f19ce-4a0d-4635-8eec-ebe2f0ef660c,1539953913525,1539953936556,23031
e2b66232-45ee-47e7-adf1-942b891c9704,1539953911632,1539953917764,6132
b992bfcc-01db-42a7-be71-874ae6bcc595,1539953913192,1539953932830,19638
81606df4-52e9-4c22-a639-7220c7e557f1,1539953912421,1539953926229,13808
7bd3387b-e91b-4cb1-b80e-9e37671ae2ed,1539953914008,1539953939834,25826
03fa46ed-2c5d-4613-9b77-8bd4dad099ad,1539953912981,1539953930140,17159
aa5d676c-217e-4be3-a80e-6fd1287154ad,1539953913441,1539953935884,22443
80b41145-ce28-4a66-9e70-416f42b31438,1539953915880,1539953949945,34065
860fc81f-8473-427b-97fc-1c054d9fed8e,1539953915352,1539953948780,33428
a6c724d5-7237-4c5f-a72d-7a86a4923b46,1539953912959,1539953930040,17081
9e18a31a-331b-45b3-b75d-a583abfc11a1,1539953914241,1539953942121,27880
416e85f8-ab36-4796-b170-2a4dcf7c9131,1539953916946,1539953953398,36452
6055b530-c235-43e5-b89e-33d6e55d0f66,1539953911657,1539953917879,6222
ccaa41a6-8d9d-4991-aeb0-085ce0b42965,1539953912026,1539953921498,9472
d8e52f1a-eb99-4137-a579-21aa67540b07,1539953914423,1539953943267,28844
7d26b009-8e0a-42eb-92a1-16c5458d0ee0,1539953916281,1539953951180,34899
fbe535db-375d-4146-a58a-2525272d114d,1539953915466,1539953949030,33564
dc65b7b8-c30c-4945-a2a3-c0efa4ebaa99,1539953914207,1539953941539,27332
41d5e543-735f-4387-a867-90f1113b64ef,1539953914289,1539953942492,28203
48920b72-0586-4d48-ac09-f5dd52bbb0e6,1539953912243,1539953924054,11811
a453cf55-6a2c-4269-9590-7dc72650b502,1539953913316,1539953934295,20979
06e1e0e0-d653-44fd-b56c-8930f265cd0c,1539953914017,1539953939915,25898
de21a03d-cab7-40e2-8b4e-1da34616c4ae,1539953914988,1539953947964,32976
9a06d36f-7101-490b-b27b-1a08227d969f,1539953912850,1539953929653,16803
62d8ed66-9e79-4889-b3a7-9206542a62db,1539953911261,1539953914141,2880
6e22b546-86c1-48ac-a9ee-528ed5a187d2,1539953915908,1539953950060,34152
5f93f14f-60c4-4e5c-8d8a-9be5c6f13ddc,1539953917050,1539953953690,36640
a989f32e-5001-48ba-8f7d-cef9a53343df,1539953916581,1539953952503,35922
22c81877-2c5a-498a-9953-c81d595dee6c,1539953915537,1539953949152,33615
13a0cf7c-ed19-44b1-ab41-cad629643176,1539953915311,1539953948695,33384
90d3a6f6-baf4-49c4-b17f-00106a745283,1539953914685,1539953946562,31877
f62b4cb2-2b15-48e2-a6f0-e1bb0bce1b27,1539953913301,1539953934150,20849
26a5918a-5569-421b-892f-47fb80ba8aa7,1539953915422,1539953948910,33488
c72e13ee-18bf-475f-b95c-e5e402a5e052,1539953913159,1539953932486,19327
97bb2c16-7d4f-4b00-8aa5-a749deb1ee05,1539953913775,1539953938764,24989
750e945d-c400-4b6e-9c5c-cbc10cc5f52e,1539953913711,1539953938394,24683
57d817e0-9cb7-45aa-a62c-be6da7ec7fb4,1539953913030,1539953930860,17830
cbd0330d-6667-44f2-b6d1-8e51cfdc8efc,1539953914325,1539953942757,28432
827835da-cf90-4bd5-8222-130f9d0ce0cd,1539953914473,1539953943638,29165
a368751d-501a-4416-83cb-8ce916a27a7d,1539953912397,1539953926096,13699
20f07e1b-dd12-4eb8-9930-a44ee1cbc9e3,1539953911484,1539953916208,4724
1d77e16a-4ed4-4894-ae2e-f66d1b7f5eb5,1539953915345,1539953948764,33419
28cc38a8-b1d9-4f4a-b0a4-4dba3300d52c,1539953913690,1539953938256,24566
b61efbde-ad60-4c1a-a26c-156932fced95,1539953914409,1539953943155,28746
bc896a30-c5dd-40e6-ac7c-adaa097b8ae8,1539953913355,1539953934772,21417
c1184111-868f-4f28-9309-346845d9a537,1539953911741,1539953918557,6816
2f7f8302-a70a-4094-b0b2-53c151b92fe3,1539953915967,1539953950288,34321
241a3728-c580-4ebb-9c6a-5a67e178be08,1539953913060,1539953931084,18024
32dfcf7a-45ed-4204-bfc1-8f8e53d96d45,1539953914838,1539953947486,32648
063636c1-ac62-4974-9928-3fc8e650f9a3,1539953911764,1539953918987,7223
939125d1-37be-4cd6-afcd-bd83f7355c30,1539953916455,1539953952132,35677
e4cc752e-ff19-43c0-a7f5-1eda1e87e8c4,1539953912354,1539953925557,13203
5bb7c78a-4adf-4baa-a66e-41f61551b348,1539953914612,1539953944721,30109
38bbcb31-edbf-4603-b6ed-0b9bf21c1ab9,1539953915544,1539953949169,33625
a3f3652f-ba51-4a7c-ae9a-c42fd503295e,1539953911158,1539953913152,1994
34cbd5ed-713f-4d76-9df3-68ac59177867,1539953913407,1539953935496,22089
0a67f373-b7ea-4145-af52-427715f93de7,1539953916795,1539953953053,36258
b8e43222-eb8b-4f8a-ba87-2e98d854317e,1539953911685,1539953918073,6388
02e6a56d-b519-48d9-805b-f1ca83312001,1539953917013,1539953953592,36579
0cad526b-5d7c-4e70-b1f5-df5f620b7bd9,1539953914571,1539953944275,29704
13669ad2-d9da-481b-bce9-9f17537ef793,1539953914875,1539953947704,32829
3f8f6841-6438-4f6e-813c-a3a8dc0d6fa1,1539953917034,1539953953649,36615
99417d82-50de-469b-b36f-8aadfd1175d2,1539953915593,1539953949268,33675
9405b484-b1cf-498e-8210-b50aabd6c088,1539953917205,1539953954063,36858
96a684ed-a4c6-432a-aa48-ca472da52ebf,1539953916698,1539953952784,36086
fd398d37-9f0f-430b-ae35-96e58944a47c,1539953915875,1539953949931,34056
12915973-1b1d-43bb-a670-b58f3418a707,1539953911851,1539953919719,7868
e5edafc3-b66e-4073-a11e-d05502dc37d8,1539953913497,1539953936391,22894
73ae630e-2f7c-4763-8c56-4f8339e09f62,1539953916786,1539953953024,36238
d9ae257b-bba4-48fa-b9e0-1c55490d264c,1539953913466,1539953936157,22691
f2672c6e-094f-4c8d-a86e-fb3da8cb4ee4,1539953914993,1539953947980,32987
2eaf3d6a-08fa-455c-80c4-4035f9d0a33b,1539953912824,1539953929481,16657
2502fbde-94dd-409e-9bb9-60a2c7cc716a,1539953914917,1539953947813,32896
e3c1f0b8-3b0c-45bd-be74-1ecb45ea6cca,1539953912785,1539953929089,16304
440d3644-50c1-4fd4-9044-ac1e0f24a40d,1539953912207,1539953923633,11426
119d7547-2e0a-46a9-bd6b-2eb3db06d748,1539953916143,1539953950722,34579
ef2babd1-fdb5-4b84-a526-8bb794cdfe93,1539953914868,1539953947691,32823
ccee76a7-fb07-4857-a972-683dee43ea96,1539953917177,1539953953958,36781
63e778da-0b75-4451-866a-ecc79b707168,1539953916711,1539953952821,36110
cb8e0b70-aefd-4fbd-8dbd-d804c4dae306,1539953914895,1539953947749,32854
952c9f34-4cbd-45b9-b168-9b78ef6a335d,1539953916295,1539953951254,34959
4829135d-5590-4be7-9b0d-6afea407b2fb,1539953913503,1539953936431,22928
d48169ad-25e7-43ad-982d-dfa0eec28cfe,1539953915959,1539953950255,34296
d27d253c-4f11-4eb2-8bb9-25ddf92a4b9c,1539953912794,1539953929278,16484
fc496a50-6f1e-42fa-b69d-38206e537489,1539953911406,1539953915456,4050
602bb5ca-130d-4167-8c78-e727b4002cd5,1539953912706,1539953928625,15919
3a91db05-8e4b-47a3-97c1-83c8f366e505,1539953914512,1539953943945,29433
47f7f0da-1919-44c5-9ded-956485b2d74d,1539953916937,1539953953384,36447
96e0e715-6ddd-43ee-b1ed-4d19e98d3e1d,1539953911539,1539953916613,5074
ef57bef8-fadf-4740-b41e-0dc0ec356f10,1539953915773,1539953949609,33836
52036e80-3b0a-4b40-a624-20f22073570f,1539953915249,1539953948570,33321
7405e4e1-3586-4451-a50c-82974ba43467,1539953911429,1539953915753,4324
8f14d24c-dd44-4322-bda0-987b383466a1,1539953912900,1539953929805,16905
2e7e3b9f-0ad9-4957-85d8-8db791625c08,1539953914128,1539953940810,26682
b173a184-4095-4d78-abeb-a7b444d67f89,1539953915929,1539953950182,34253
4ac58a3c-b89d-4eab-a7c8-9ce012603edf,1539953912891,1539953929778,16887
d72bd1c5-8941-4a9e-bc50-e4601fe5f0b6,1539953916026,1539953950460,34434
d677bf80-a6b2-48cb-b44b-517acc377018,1539953913559,1539953936822,23263
aa75c9d6-adb8-4490-bb19-16444bcfe3ce,1539953912071,1539953922140,10069
3c5853bf-685c-4567-9433-bd4ee37296df,1539953914449,1539953943404,28955
c6ec2376-2e9b-4db5-9060-89c9f9070675,1539953915972,1539953950301,34329
32dbc2a1-739e-48e4-bb57-61dcb0f164ce,1539953916465,1539953952165,35700
6dc8bd7f-7279-4e75-9854-926bf0ea639a,1539953911600,1539953917178,5578
197b2d90-8e06-49eb-8acc-77d8fa70f0b3,1539953916516,1539953952359,35843
bbfa1afe-4bf9-4afb-a397-3143c99d5294,1539953911046,1539953912164,1118
c763c4cb-6d56-41dd-9a0c-e0df39e4be13,1539953911140,1539953912945,1805
96b427bd-5859-4e09-801d-57664f78eedc,1539953914316,1539953942678,28362
6620c43b-7b0b-4855-9c64-4d927fce8fa5,1539953914227,1539953941919,27692
d8e45480-7b79-4fe5-8670-62b8946ebd9a,1539953912729,1539953928766,16037
edae356f-f927-4239-8868-d03b1aad729f,1539953916277,1539953951154,34877
87c62d71-3d9f-46cb-80d7-cd415e088234,1539953911117,1539953912754,1637
8ff21e24-c40c-4330-9d17-098842ba0383,1539953913336,1539953934553,21217
43f038f4-c130-4763-ab8d-d95d1102f9c3,1539953913595,1539953937330,23735
f7826c7f-e307-4ffb-a501-87c01ebb8315,1539953912625,1539953927790,15165
af3e7f3d-276d-4046-84b0-6fbb3ebb477a,1539953912333,1539953925376,13043
4a650c0c-c2ee-49e9-b885-55d5d07927c7,1539953913820,1539953939164,25344
66e5cbc9-da5d-4785-a69a-dfeb6e65f0f8,1539953911726,1539953918445,6719
aa2500ce-dd8b-4b5e-9c20-77da17847c36,1539953912841,1539953929566,16725
5af327f5-0cda-46e3-a874-a227746eb761,1539953912141,1539953922988,10847
1185f122-26e4-44bc-832e-1661922ad7b1,1539953915619,1539953949329,33710
f449b94c-dd47-4bd9-ac61-c4c047b15412,1539953913681,1539953938180,24499
4def3fe3-f77b-4a94-9cb9-4e74b26fae4b,1539953914834,1539953947393,32559
9d84a990-d6ba-408b-a8eb-bbb2d06f4e0c,1539953914843,1539953947553,32710
e1208b1d-d898-4775-8719-08fdfb5ea6a0,1539953915557,1539953949196,33639
f3c4c832-76ae-4023-ab3c-6883327ccbfb,1539953916259,1539953951090,34831
1cfa3ec2-f255-4ce3-853f-25777fdffdc2,1539953917223,1539953954122,36899
a834ff9c-1352-4a20-baa0-02478186e395,1539953912514,1539953926766,14252
6a6d4424-e528-442e-8142-199513d929be,1539953916241,1539953951039,34798
38fd737c-896a-4bf7-a761-d359580f0217,1539953911501,1539953916394,4893
f0e894ff-a3e1-42eb-9758-aac897773f1c,1539953914055,1539953940102,26047
714d5084-cc8d-4503-ae3a-9c74c4698937,1539953916158,1539953950765,34607
40ea69e7-e4e4-4552-a4e6-382668c6e942,1539953916418,1539953952002,35584
1fa561e6-8608-4f62-a334-58723805f07c,1539953911512,1539953916430,4918
66356433-7696-4893-982b-7417350229b5,1539953915955,1539953950241,34286
2256ddde-b9dc-4c1b-b12a-5685114a4d53,1539953912299,1539953925010,12711
a8edbe12-e20c-4334-ba17-d5a0b0d7156d,1539953913044,1539953930901,17857
d657e76f-6593-498b-b126-b223ca19a0ee,1539953911355,1539953914984,3629
406bc675-cfb4-415d-8045-0d7f0a0ea8e9,1539953914485,1539953943667,29182
c3116cad-e40b-4dcb-8f03-3250f21320aa,1539953915581,1539953949240,33659
4b2d4287-e73b-4e48-a93e-ae29c3db075a,1539953916640,1539953952638,35998
60cfc931-708f-4ec9-ac45-9041ade7e606,1539953916153,1539953950752,34599
0d949f8d-fc7c-448b-a62b-afc803d0254b,1539953913341,1539953934617,21276
c530c9fa-c7cf-48f2-9770-8fb5fba297d9,1539953915497,1539953949092,33595
9518d85f-4898-490e-8f39-5530e1f1b3d6,1539953915769,1539953949594,33825
f42daffa-5967-4276-8806-8cc756c58ad7,1539953915630,1539953949346,33716
99c338eb-ec80-4501-af32-c01850382881,1539953916693,1539953952770,36077
cca9dd84-aa8f-4ceb-baea-6c2c986de0eb,1539953911359,1539953915056,3697
b26d8c7a-fc02-4a49-90f6-fff7d616f367,1539953911317,1539953914659,3342
460930d9-db2f-4973-9d33-52a733067801,1539953914270,1539953942383,28113
b4789f18-0539-4429-973b-3dea68a92744,1539953914706,1539953946701,31995
cafb5194-e138-4110-a265-5f82131ee02b,1539953911947,1539953920538,8591
9ea79e3f-4485-4443-b6a9-eee8d27f2c5e,1539953915417,1539953948896,33479
d71865f6-207e-4501-bc2f-3a16adeb5cf6,1539953917137,1539953953838,36701
c0940cc2-30dd-41e4-974b-1a9c0e5d8720,1539953915442,1539953948961,33519
43eadc3f-469a-4393-9389-1a534fd63fd2,1539953913600,1539953937390,23790
1a4678cb-6f72-4878-b80c-3e230fc964ec,1539953913669,1539953938071,24402
d169add6-31a4-457f-818e-01fb2be41230,1539953916460,1539953952148,35688
001b671c-1529-463d-9b35-251e6ebaf77a,1539953917040,1539953953663,36623
a7b9f607-292f-47a8-b5b6-7adc923b525c,1539953917018,1539953953606,36588
8fe10526-d07b-46c3-9bfc-d6729df4085c,1539953913295,1539953934108,20813
06fc7ed1-3324-4062-9566-b73c060de4a0,1539953914904,1539953947780,32876
fbdf7928-9ac6-4a22-b288-625f42faefbf,1539953911416,1539953915552,4136
8de14f4c-46ed-445c-ae35-de44d9c4530b,1539953915070,1539953948120,33050
caea3368-1e1a-4ef3-b500-37c749a36422,1539953910973,1539953911673,700
1759d21d-b47a-4d3c-a3cb-2d59c2ddbcaf,1539953915814,1539953949751,33937
d3d4fbde-f2b9-400e-b4f4-3432a7a20544,1539953915427,1539953948922,33495
41ebc040-8c8e-48b0-8898-077c501c5556,1539953913286,1539953934010,20724
1d4991d7-4b93-4764-9a87-a1dc58ad1420,1539953915166,1539953948399,33233
5d774633-1d3a-420c-affc-ad325122f42c,1539953911706,1539953918330,6624
1a9d0aa8-962f-4f8e-81fa-4e5f73dc339c,1539953911219,1539953913731,2512
dd356ccf-b121-40fb-8ece-566bde7498ac,1539953911745,1539953918596,6851
41b41117-70d0-4b38-9868-d0a71bafdcea,1539953916834,1539953953186,36352
be2e01b6-9e6e-46ad-8391-b040ac3f4a6a,1539953912020,1539953921431,9411
0411bb67-14cc-4f67-aaf6-56972bf48940,1539953915810,1539953949733,33923
1911fdaa-21e8-4eca-b9b3-3959316d4176,1539953914651,1539953945140,30489
9fb456fa-8085-42e5-b711-abb0b88ac125,1539953913809,1539953939056,25247
2dc14087-b9cd-4a6d-8a5c-37412246815e,1539953914489,1539953943723,29234
6d1ead8d-84ad-49cc-a657-36a42365420f,1539953913242,1539953933474,20232
d6bc2652-b3da-434f-8c46-0e353158ff38,1539953915025,1539953948031,33006
279301e8-ff06-4f5d-a72f-2916fce93155,1539953916232,1539953951010,34778
1c141677-1b72-4522-82ff-59fb2447f5b0,1539953913049,1539953930944,17895
2a2b2400-ea72-4961-a6a4-f5b2ac7c7c5a,1539953911793,1539953919162,7369
87987925-927f-433a-a69d-ae2f04c318d6,1539953912344,1539953925448,13104
17b542fd-6cae-44a6-81b3-26acaad6756c,1539953916845,1539953953214,36369
1a17d48f-dd1b-4303-95e5-fe7b7a30254e,1539953913416,1539953935539,22123
42f0039c-451a-4eac-961f-263e7065da63,1539953913097,1539953931397,18300
976bf398-7bd1-47f3-88ca-4e84e0934a12,1539953911901,1539953920171,8270
27c62d44-6a73-4219-bbcd-72680dd5c2f7,1539953915921,1539953950155,34234
28d7de73-5c0a-4d58-8c55-06d2c613d68c,1539953914885,1539953947720,32835
50e5dfe6-6ad4-4236-9112-24dd5d305da8,1539953911995,1539953921122,9127
baa31ef1-a7c9-464f-9c7e-472ea2fa1007,1539953914182,1539953941289,27107
4863d6dc-57bf-4311-a03d-5fdabd01dbbd,1539953914594,1539953944537,29943
0bfbfe6b-651c-4fc5-959c-b196e5f4a37a,1539953911233,1539953913838,2605
55578ca3-3892-4895-9b73-e35e8654fcce,1539953912284,1539953924826,12542
6c704d04-4dec-4c2b-a70f-d1b69f7ac126,1539953912750,1539953928910,16160
d461f3e1-2983-4b91-b2ab-11f40b5a6db6,1539953913055,1539953931036,17981
4a3603e2-3359-4b03-8828-b50e3fcc7f88,1539953912937,1539953929917,16980
c21ab1db-43d9-4273-b95c-fb1fbd4ba657,1539953913373,1539953935044,21671
f00db38b-ef1b-49f6-8a89-52c610e6db50,1539953911618,1539953917488,5870
ff4a0d6b-4cd0-4474-b048-7341bc6aa9be,1539953917064,1539953953729,36665
02f7a241-5fef-478a-b1c7-19e68000cf95,1539953913223,1539953933220,19997
730e7d25-d635-4c3f-8a04-1301d93f0d9c,1539953912159,1539953923139,10980
da2152a1-4944-4f38-a953-702c73f29601,1539953914913,1539953947797,32884
827fc098-f8ac-4db8-b382-63d62de9ead4,1539953911568,1539953916846,5278
db7f8a9c-6d10-4219-8f8f-b6baa6d66948,1539953914642,1539953944971,30329
ab38c3b6-aad5-427c-975b-83ff5c6e07e4,1539953912584,1539953927467,14883
aefed802-3187-441a-8fd7-e6ae844b6a4c,1539953913271,1539953933781,20510
6a14047c-613b-4d1f-9477-329fac01b556,1539953911824,1539953919526,7702
d8db47f4-ddca-4331-8690-e0ee7adcd54e,1539953916559,1539953952448,35889
5afd284e-9679-472a-b523-24177f026bcd,1539953911559,1539953916759,5200
9f9dd4c5-fb8b-439b-8a52-87f445edd628,1539953912215,1539953923746,11531
3c574774-6516-47fd-8a5b-aba414160190,1539953911784,1539953919113,7329
3daa18a3-0fdb-4474-9342-706d21ac2da0,1539953914494,1539953943800,29306
fa3fc2aa-718a-4a37-aae2-8bc5c0d8fbb8,1539953914589,1539953944506,29917
ea9a70e4-dc32-43dd-8197-58a2a08cd95d,1539953916362,1539953951709,35347
d7649b62-9f17-4b45-8cdf-466119153eb2,1539953913724,1539953938487,24763
b09810e8-fd15-4096-ae2d-128a0aea2eb0,1539953911052,1539953912180,1128
db66b794-ac2e-4e92-a20b-530b5e1ad3c6,1539953911105,1539953912661,1556
10727b02-9fa5-4850-a736-8a24e018b742,1539953911439,1539953915889,4450
df0c7c87-7b24-4505-8f6f-935b58a19f7f,1539953912113,1539953922619,10506
9f48986f-6787-44b3-afac-a85a9f7fe017,1539953911582,1539953916968,5386
f56c0d01-7cc2-45e6-ae17-b02e472ca3c2,1539953914468,1539953943574,29106
d30a8d2e-03c6-4f70-9fd5-66c03cdb01d5,1539953915412,1539953948883,33471
9c54aed8-f1dc-4391-a4ce-8422a283b649,1539953912684,1539953928316,15632
7c08df48-0c95-42ed-98c9-63f7d58ac932,1539953913514,1539953936495,22981
9290673d-e3ed-4aa5-9399-4a6236c84f1a,1539953912229,1539953923906,11677
7fd2245f-7b06-404b-aaff-c355a4e50797,1539953911470,1539953916122,4652
70bd6cb2-93d7-4e1b-aace-e38f51496ba9,1539953912323,1539953925262,12939
4b97f64b-d1f9-4e01-b6bf-21b31f1f5537,1539953912976,1539953930106,17130
c23e14d2-4ff4-4f0c-818b-05c7855ba874,1539953913984,1539953939738,25754
af89b0ba-c1e6-4505-9cc3-4b4aaf3cfa49,1539953916755,1539953952954,36199
0061fc7a-f0f7-42c3-9a4a-5b45553f41f5,1539953915000,1539953947997,32997
2cba151e-05d2-4e79-a885-dffda5f0a4d6,1539953913200,1539953932978,19778
486c6415-138e-4b87-91fb-cc8123193381,1539953917045,1539953953677,36632
ffcb1116-a439-42b3-946d-d30c869448ad,1539953915258,1539953948599,33341
95e5fd45-83b3-4998-9a2e-e6d3aaaf7d39,1539953916522,1539953952373,35851
644bf1ca-5785-4bbc-a01c-05d185bef668,1539953911214,1539953913693,2479
6ca8832e-7619-4949-a252-1244d510d7ce,1539953913432,1539953935759,22327
13955c9e-45b6-4f37-84f5-bb5b62806a19,1539953916431,1539953952078,35647
26f4d6e5-3d72-4c5c-994b-2c9f53263253,1539953911149,1539953913022,1873
bc5e841e-d597-411e-bf16-71eff9a4f7e2,1539953911327,1539953914750,3423
6918e860-e608-4375-b543-fd42202ddc39,1539953914860,1539953947671,32811
3f7a37f8-b17c-461e-b65a-3dea9f9e841a,1539953913070,1539953931207,18137
9d436b1a-53eb-48cc-9269-678d9174694c,1539953912062,1539953921996,9934
7fdedc1f-545b-41de-8452-6de5844d1eef,1539953915013,1539953948013,33000
9f370ba0-8b8f-457f-98a1-59301b7aca5e,1539953912969,1539953930061,17092
96473634-6d6a-4e68-a28d-89f3c1a0351a,1539953914562,1539953944163,29601
d7476054-ed04-49c1-95fc-1a06365b4406,1539953911577,1539953916923,5346
8f2c15d5-63cc-4c56-831f-559bcd1f6d51,1539953913573,1539953937020,23447
8cd2d33d-1fb3-412f-9c9f-778c06cd34c8,1539953916741,1539953952906,36165
0d32c285-0843-4575-a370-450f3552813c,1539953912382,1539953925958,13576
6b2b5530-2820-4513-a64e-65c43cd54e13,1539953916351,1539953951599,35248
1175a96c-3a0f-4c70-b0e9-192917ef46cb,1539953915378,1539953948822,33444
63707d63-8c63-47c5-b07a-de4001168bc4,1539953913122,1539953931654,18532
f98cf09f-895a-4ed5-bb32-5858a40259a5,1539953916626,1539953952612,35986
840da317-c34b-420c-b43e-0f82c452baa8,1539953911279,1539953914356,3077
be2ac6ea-a1e9-4c90-bef0-f62f69f9f704,1539953914712,1539953946751,32039
0805d889-c727-4b5c-b857-c3e1a9420e53,1539953911057,1539953912225,1168
bef79049-2f77-4a7c-8d7e-9fa461db88bb,1539953913779,1539953938781,25002
5ecf3253-03cc-4e13-a0e4-f64b1a4c4e6a,1539953911167,1539953913276,2109
5dc6aa17-5e6e-4472-a3b4-fe539a3e7705,1539953910959,1539953911612,653
2a220cd9-f1c6-484b-bb8d-35d147a32b80,1539953916861,1539953953246,36385
266b10ed-f1de-4eb8-900b-b08f2c9e50cb,1539953911342,1539953914866,3524
60348680-4032-46af-b58e-033e95103637,1539953913437,1539953935850,22413
4d8982f9-6551-4b4e-8968-762978868b27,1539953912819,1539953929404,16585
ef3310fa-b871-4f1e-8909-e223afccabd6,1539953913075,1539953931243,18168
223225df-e0a8-4f26-85b1-a1df9f0f0dc3,1539953916686,1539953952757,36071
5fd23b29-ae38-468c-b5a3-06bca0abf252,1539953911095,1539953912544,1449
daf84362-1765-46f7-b6db-6e0452a5e76b,1539953914637,1539953944935,30298
f1d4a032-b122-4ff8-b145-96fff1420abd,1539953915146,1539953948342,33196
909fa46f-f2bb-4c21-9d7d-0d4e50657a14,1539953915827,1539953949793,33966
50d6b083-ce6c-46d1-ae2c-ab2f98f601eb,1539953914608,1539953944693,30085
b924e454-1567-42f7-ac73-d6a12cc386a0,1539953916647,1539953952651,36004
1add5a26-804a-4894-95ca-d2e14d8ef687,1539953916662,1539953952681,36019
a41f01de-3699-45ba-9d19-e22350e60868,1539953914657,1539953945180,30523
cb331232-2467-4d5e-bea8-edf8cd3f5ecd,1539953913972,1539953939642,25670
2224fb9e-12ef-4244-8f07-c7bbb0846c6e,1539953912122,1539953922699,10577
20b7ff39-7d3b-4248-9619-200f6dd624e2,1539953915716,1539953949486,33770
9ea79786-1d2c-4ab9-b09b-013cb663c75f,1539953915925,1539953950169,34244
13ead3e4-d4f8-4f3d-ab3b-b287512489b2,1539953911070,1539953912302,1232
fc8ea7e2-9d46-4d99-ae8f-0ac37f1833fa,1539953912459,1539953926506,14047
ff0e4d66-5a45-4124-9a35-991fa04c1227,1539953911465,1539953916083,4618
58d8f43f-3fd4-4153-a464-9b3c5f7871de,1539953915976,1539953950316,34340
2bb8fde5-829f-49f6-a80b-1797c0526ffd,1539953914098,1539953940306,26208
6e5eac3c-810b-445a-ae0c-fe67215b7fb7,1539953914771,1539953947179,32408
d60a0b1d-5f51-4d38-b09d-39cd7fec8e0e,1539953915277,1539953948626,33349
32e9a118-dac5-4ada-a731-9e8fd2f072bd,1539953911266,1539953914184,2918
2e0efb61-c3b0-4933-8cd4-fa7e59a7985a,1539953913145,1539953932240,19095
8e5b357e-11ce-4695-888b-d21ca39e7949,1539953914046,1539953940068,26022
42cb3367-675f-4981-9a44-f99961a58a7d,1539953916600,1539953952551,35951
363a519f-e5e5-4454-8358-cb3f79960798,1539953911017,1539953912014,997
b18abad7-f46f-4355-a13b-a93b05504307,1539953914033,1539953939974,25941
264e9297-8976-4b4b-adb9-eb05513e622d,1539953915845,1539953949851,34006
ae78ed8d-d26c-456c-94ca-bd1d2dd70e73,1539953911941,1539953920483,8542
0e563ab9-011a-430f-ad2a-3ed26295eefe,1539953917071,1539953953749,36678
c8334e6c-5a37-466e-a09f-a6ee571e28e9,1539953910989,1539953911813,824
609a76b8-6327-45d9-ab9c-0bf7d336eb2f,1539953912108,1539953922574,10466
c460123a-1274-4a05-9c42-e005444f5e1e,1539953916436,1539953952095,35659
eed28738-5ce7-4068-a872-56e50c6a6594,1539953912542,1539953926981,14439
a05a7498-e8ba-4a66-8072-b8a0d9974a64,1539953915456,1539953949002,33546
3751c5bd-823f-47aa-9984-25ca4303e8b1,1539953916299,1539953951268,34969
2e8bc876-2ef7-4c93-9795-2d1a1b3b6bcd,1539953914306,1539953942630,28324
258ff5b0-6966-42b6-ac67-ce3aa720e140,1539953912057,1539953921945,9888
84d6f980-7488-44c6-bdea-52e910767a2d,1539953913378,1539953935075,21697
25b9ef1f-4ea1-49ff-850b-7d702cc0b457,1539953910908,1539953911230,322
4b41326c-d5f1-4130-ad32-21b0e0b84a3b,1539953912367,1539953925832,13465
c098d994-f619-4b37-8c12-58ed38ffd781,1539953912099,1539953922499,10400
5554eccc-602e-4d0d-9973-e4490aed214e,1539953910923,1539953911355,432
9c7c8769-7460-40b8-b034-72156347c6a3,1539953911199,1539953913546,2347
eb2fdc90-7294-47a0-a570-8a3d9d804ffa,1539953912173,1539953923295,11122
2050717c-5c7a-4035-bed5-facd385416dd,1539953913614,1539953937600,23986
cddfc7c2-4442-47a4-afb8-c0c3f0e1e386,1539953912094,1539953922459,10365
8ad60bcd-bd81-4ee4-9ea9-2d6e621408f9,1539953913331,1539953934436,21105
e19f962a-8fc3-4709-8c67-78a08372f439,1539953911544,1539953916646,5102
b0e82ccf-2432-492e-b52f-59eb94af28c0,1539953914629,1539953944874,30245
cf6a1065-2ed6-4db6-a7dd-770171220864,1539953915213,1539953948488,33275
416e4d86-a326-4adb-9d09-6f24c14d3bb3,1539953913656,1539953937959,24303
5db8522c-12e8-426b-a185-2b44e9b1a011,1539953916098,1539953950587,34489
1d562a20-057e-4a58-8198-5a410747e1a7,1539953911623,1539953917561,5938
9f89dcc8-66d9-4a49-8fc0-f16ff30590af,1539953917099,1539953953790,36691
1889cba3-9c51-4109-9b4b-028b4f6bc0a3,1539953916109,1539953950617,34508
cac4b15c-8770-4cda-b6ea-519ce255476d,1539953914091,1539953940244,26153
855dbbdf-1e49-4804-82cb-c6e25fb90a37,1539953913391,1539953935188,21797
5d0b41a5-9554-44ae-b5ae-97451889599d,1539953917054,1539953953703,36649
d4cce3a4-9184-420b-9d38-f1a577cd046b,1539953916897,1539953953309,36412
3d10cce5-21aa-49c7-9a7d-daa8d8e334df,1539953915667,1539953949406,33739
6166bfb4-58b7-498c-88ec-78b2d99c66e4,1539953912789,1539953929233,16444
b01c0ada-961c-4ce5-bd01-505da18c24be,1539953915088,1539953948163,33075
e9997c7a-e5a1-4dcc-8b42-f54c13ad5d8e,1539953915950,1539953950225,34275
b783450e-345d-4036-aba6-52061b918580,1539953912289,1539953924895,12606
fa7b8343-d53f-44d3-9a97-9419f71b7e59,1539953913237,1539953933437,20200
822b543e-3e31-4354-a775-bd14609594fa,1539953913537,1539953936579,23042
401a5c06-0596-487b-a85f-fa21210c927f,1539953916980,1539953953507,36527
415009fa-ce82-4dd9-a95a-62cc626d30db,1539953910984,1539953911779,795
c3cd64c1-cf3b-468f-acdc-3e2c2dd244d7,1539953911411,1539953915498,4087
325f7b7a-b28b-4607-a8e3-62a88ddc972c,1539953913861,1539953939480,25619
dd6ca6af-f11f-425b-9b68-08788119e9ad,1539953911841,1539953919592,7751
dd5c4bf8-4579-4002-87f8-f2646992dbe0,1539953913650,1539953937943,24293
e686f444-6941-4573-bc17-6f1f8db2bc39,1539953912632,1539953927846,15214
7be617d2-9efc-45ad-8860-92bf233b15c2,1539953912225,1539953923846,11621
8d371d36-75b0-466e-b270-d32329baabe5,1539953917172,1539953953945,36773
f7d9fb74-a533-4374-a4c9-e08c31d11a2d,1539953911000,1539953911875,875
b0757991-fb8f-4762-ac53-b3377f38bfaa,1539953914159,1539953941058,26899
3b514262-af0f-4bd4-a54c-140803cfeeda,1539953913290,1539953934061,20771
2a7917bd-85f3-47fa-a431-f6af8642dce9,1539953914621,1539953944759,30138
c23c719d-69df-4124-b3db-613a96fc1d6c,1539953916093,1539953950572,34479
a774c18c-a619-409b-b991-fc36c6d5b1b9,1539953916069,1539953950543,34474
a50d11c6-5ba5-435b-bc24-650e36bb760e,1539953911817,1539953919482,7665
0e0a6813-12ab-4b27-960c-a1dfc1b9d4b4,1539953915917,1539953950140,34223
6e51807d-3ee2-44e2-9edc-e1492237a8d3,1539953914780,1539953947197,32417
36bf95b4-5b12-4c24-9932-4945f0260b97,1539953912253,1539953924126,11873
76ced183-80ad-4642-8d9e-fa55382f5c14,1539953912845,1539953929601,16756
ad3edfd0-d318-4c7b-8305-b985186b8029,1539953917192,1539953954012,36820
d5ef23f1-8145-45d8-a5b2-6484d686c004,1539953913604,1539953937477,23873
575a771d-d81e-44da-89ad-4a5bdf6b3597,1539953916402,1539953951900,35498
43e34e2a-51d8-4c37-aa2e-166a929fcf94,1539953912470,1539953926623,14153
55592a3d-accb-4f20-82f2-45d17f2a82e8,1539953912693,1539953928443,15750
c7f69484-43d8-448f-a713-281425df4a59,1539953912860,1539953929732,16872
b2174674-9edb-4e26-b2d8-2bb49b0050d0,1539953917219,1539953954108,36889
13a6b9aa-7e0f-418f-8faa-5a66883c3301,1539953915356,1539953948794,33438
d315ef06-fb98-4fe8-85c5-1da2afa38709,1539953916317,1539953951366,35049
01572fc8-2394-4978-8b0d-47a381a403d7,1539953914680,1539953946523,31843
8ef0382f-1637-49b1-8534-782e3557315d,1539953916807,1539953953082,36275
bc487266-3d22-4aea-9d90-76d11308ae5f,1539953911374,1539953915111,3737
7d030811-275b-429f-9c5d-1c5dab67fead,1539953912164,1539953923196,11032
d433eae8-9f4c-4352-bece-a862fee2650a,1539953911112,1539953912691,1579
afdb2ae3-eabf-4f03-b578-98604159672c,1539953911041,1539953912106,1065
dd64a977-9a9e-4f9e-a4f1-4d64ecc97b16,1539953911750,1539953918833,7083
1e512ead-c3ab-4abf-a07d-f5af57842acf,1539953912339,1539953925392,13053
5551974a-db3c-48c4-be0c-6477c4f4478b,1539953916013,1539953950417,34404
629da192-97fb-46f4-a985-ed833272313a,1539953916820,1539953953144,36324
017b0aa9-f01f-4ee5-990b-daf26d9898a9,1539953915989,1539953950331,34342
a6941698-cb2d-4dc1-9978-a70122bb5415,1539953911494,1539953916322,4828
37909ca0-0fc2-49b9-b656-0efc94543abb,1539953914133,1539953940858,26725
d1a56ed2-0b95-4841-9390-0faedc835fe7,1539953917113,1539953953805,36692
a879ea99-b3ba-415a-812c-8ccf8fde5ddd,1539953911989,1539953921043,9054
71717fd2-33e4-4ad5-b612-1d318f2a2383,1539953912855,1539953929689,16834
cb210a95-4b3b-4610-ad6e-e01b69d6fb3f,1539953913247,1539953933488,20241
e538d2a5-086e-4a57-88c3-cfcbf867babb,1539953916178,1539953950836,34658
cf703bb5-4ebc-4890-aaa1-7c608b5b147d,1539953912674,1539953928241,15567
3b85c219-e433-4a55-97d1-2057f0492c98,1539953914954,1539953947892,32938
cd234ab1-e87a-4784-8198-00281507078b,1539953915589,1539953949254,33665
20b5c465-70d4-477b-913d-e7f118792014,1539953910903,1539953911178,275
89c6052e-e37b-4402-b45e-745881d8caf5,1539953914299,1539953942556,28257
93ff2829-242d-442b-bc0a-1671df4e6a05,1539953914552,1539953944101,29549
ffd74921-9e8d-4572-b2b8-488efefb80e7,1539953916394,1539953951854,35460
b0e0fb90-2b86-4262-ba52-23decb187ae9,1539953912005,1539953921252,9247
b1b1f153-e5cb-440a-b7c6-ca87b0c252df,1539953916509,1539953952342,35833
5251355f-be51-4503-9981-705b35256629,1539953916589,1539953952520,35931
52737672-6e0f-4fa1-9794-db50b6aba88a,1539953916853,1539953953227,36374
0afd6660-1fac-4dc8-9b30-eff3cd8623f0,1539953911275,1539953914303,3028
2e82e74e-0c3c-479e-95d9-a635ff5c82a4,1539953912257,1539953924183,11926
5dad9eb8-2d79-4667-9538-ae7fcfadebfb,1539953912536,1539953926932,14396
ce983f8d-738b-4bd6-b831-ae488fafc5e4,1539953912233,1539953923926,11693
b8b4ae2e-5d2b-4e1e-ab71-c10252046255,1539953915608,1539953949297,33689
60955167-db73-4f98-a61b-b5e42584c4be,1539953915731,1539953949524,33793
9d79d1ab-1241-42c8-8724-f9c503198b6c,1539953912530,1539953926860,14330
df43b591-475f-415a-a092-4687c883f808,1539953914211,1539953941615,27404
fd03ab9f-0af3-44a2-97de-3fbb37b4a332,1539953911153,1539953913106,1953
77bf8663-fd16-4399-9d17-e9ded5219dec,1539953911888,1539953919972,8084
0dbe0b4f-2770-40e0-908b-ade42148fb0f,1539953914345,1539953942965,28620
f4e74ff6-41bd-4a73-bd1a-f251c0e758bd,1539953915336,1539953948748,33412
60e5154f-e054-4173-886d-d4bb180953a0,1539953912764,1539953929024,16260
93625639-0e3e-4a40-94e4-f9bc1ee562b5,1539953916443,1539953952117,35674
8c5fb831-9b8b-4b0a-81c7-73df7c89cd67,1539953916492,1539953952293,35801
abc9d9bb-1fe4-47f0-b09e-37e278b1d92a,1539953914767,1539953947107,32340
971d41be-14c8-4579-a3cb-5ae20a8002b7,1539953917236,1539953954169,36933
bd2269fa-38a9-4617-98bf-8587bdcc00e3,1539953913770,1539953938716,24946
54592cf5-0084-4802-8920-94f710e148dc,1539953916570,1539953952476,35906
a25ecd4d-57fb-42f6-a3e8-71799ee71527,1539953912525,1539953926827,14302
179b4ee0-2a7f-4ab7-a985-7cd4484381a8,1539953912489,1539953926702,14213
c8c9fcb8-9cd0-46aa-9ebe-8b637609c64f,1539953914664,1539953945294,30630
2548571a-0561-404a-a747-975a215d25f2,1539953911830,1539953919555,7725
00b0bfe1-71fe-4960-8ee4-2451af802882,1539953911099,1539953912597,1498
eea6ab4b-fcb5-45f9-9d8b-4d0e7a853602,1539953914805,1539953947296,32491
7d9f570e-4e6b-4db3-bbb7-e623ca81a069,1539953912755,1539953928977,16222
15670786-cc39-41e4-89de-48527569d4f9,1539953911447,1539953915912,4465
99a8962a-3aaf-4b97-872a-9b56b533d814,1539953915705,1539953949468,33763
4066a959-4ee0-4f4e-86d6-eb0a7233c669,1539953913978,1539953939691,25713
20f7d3f1-9f5f-4d89-b4fc-7389e53492c1,1539953914961,1539953947907,32946
aa3703f8-1439-442d-abb8-82363ad2097e,1539953916615,1539953952582,35967
2780b6cb-fe71-410b-94a4-4319b07c51e8,1539953912479,1539953926666,14187
f7611b5b-5ca2-4dbb-bdc3-174ee282e46c,1539953913798,1539953938929,25131
f1909941-a805-42c8-8e61-d86d2b6339f2,1539953913266,1539953933746,20480
5a7482a5-0d0a-45fe-8c9a-77f20128c107,1539953914401,1539953943125,28724
979be657-1c38-4c1d-bde9-7dd564108343,1539953915402,1539953948867,33465
6a8f6260-e29e-43c6-89dd-08ced266fcaa,1539953914851,1539953947584,32733
42bc87e5-fa41-4d19-b258-b3f76e7d183c,1539953912416,1539953926179,13763
bdc3b912-22aa-42db-9a60-2a4f3d246937,1539953914351,1539953943002,28651
1336b81c-4995-468a-964b-1eab43d42b77,1539953913695,1539953938317,24622
30ff93d4-bb2e-4ee6-9d02-1d5553405d0e,1539953916000,1539953950367,34367
bcfecd5b-ced5-43ef-b5e2-7e440071839f,1539953916022,1539953950446,34424
6c2a6999-4f6e-4582-93b0-30454ceab0c5,1539953916374,1539953951750,35376
51979a2d-668f-43f4-a453-ca9ac5c0f20d,1539953912552,1539953927067,14515
0c7e3768-f45d-45f4-b1f2-847c04fd3a9a,1539953913187,1539953932690,19503
c5dca761-7666-40c4-b686-7855e9576188,1539953912561,1539953927124,14563
2f100519-1e9f-48d2-8b35-ddba2959cdd8,1539953915045,1539953948059,33014
886ed3ac-a98e-4b88-b285-dd6910650f7c,1539953915681,1539953949438,33757
22ac6d98-2ffa-47d2-9f46-698998061f09,1539953911596,1539953917124,5528
7301514f-d87c-4470-b983-71d52270b1e1,1539953915823,1539953949779,33956
9f389c2a-ebec-4394-af30-f55dc883d188,1539953915227,1539953948523,33296
d7910207-249f-45c3-a954-9c8e8e766da4,1539953911754,1539953918903,7149
802fcf24-e672-46cc-91dd-0930f4443d73,1539953913743,1539953938561,24818
3098012e-d275-4875-a05c-5e4c746a8339,1539953916901,1539953953322,36421
0f8f05f9-4b25-49f1-8b90-a6e80d54b6f3,1539953913385,1539953935144,21759
b841f5a0-eba1-4a4d-a597-b950ed224407,1539953911535,1539953916597,5062
d91558bb-7b3e-4b88-92df-49194d107e56,1539953915895,1539953949990,34095
5481fae7-05d5-4d7b-8a4a-b5ee5ce58780,1539953911460,1539953916031,4571
21c2ecff-5d34-4466-a465-3e9eb1674cb0,1539953913174,1539953932559,19385
16680841-f936-4a86-a7df-07941319cb70,1539953911666,1539953917971,6305
29886123-7b36-4667-bc80-3ffb76a5e7b8,1539953916482,1539953952211,35729
fe955e16-de03-40b0-92e1-bdb359ff5e7b,1539953915903,1539953950034,34131
af1a733e-8e33-4e0b-901f-5d55e95ad684,1539953917187,1539953953996,36809
6c985568-aa25-4e77-ae14-9bebf05c2689,1539953912076,1539953922215,10139
555e065f-7a1c-49af-a3c9-a7e073d3a0db,1539953912746,1539953928867,16121
1d75bb73-4526-4581-847c-fd8201c2b94a,1539953915647,1539953949379,33732
7fa76163-a8ac-4af9-8104-b553c649b62e,1539953916217,1539953950955,34738
68a30d44-4ec2-4dd0-b7e5-81243a167ae3,1539953916251,1539953951069,34818
f5bd86c8-bd9e-4118-b8d6-36124903979c,1539953914599,1539953944593,29994
dc8d2d9e-032d-4fd1-ab2c-e56b1e792e1c,1539953914221,1539953941702,27481
528313b9-1197-4f10-909e-9c2cec1f8fbd,1539953915963,1539953950268,34305
49139280-061d-44f4-9651-aeecbcb652ac,1539953915471,1539953949044,33573
fe8fd557-cf48-4afd-9fcb-8a9e89883a8b,1539953913645,1539953937901,24256
7552daae-c52b-4457-8277-1e48e39eff0d,1539953913791,1539953938864,25073
5cbf8587-429d-4681-bdae-fda14821d0f9,1539953917201,1539953954049,36848
d5ed953d-05e0-4a31-b99c-4fbf218885a3,1539953915241,1539953948552,33311
fefac36c-b0d4-42b5-bcb7-16f80c77c1d0,1539953912090,1539953922380,10290
9114d5a7-f89c-4e37-a544-1141010dbe1d,1539953914742,1539953946976,32234
3db7e4d3-7ecf-445e-a58a-a5804143f413,1539953911194,1539953913504,2310
a41c0218-284c-4f20-805d-f9c854bead57,1539953914674,1539953946502,31828
45cc2610-372d-4719-b40e-15e64dd46962,1539953914361,1539953943034,28673
17ab2195-8028-4b09-85f6-66ba5caab37d,1539953912702,1539953928513,15811
611e74ce-ce69-4b3f-8de9-b1ecfbf38548,1539953911489,1539953916257,4768
27fb7ee9-616f-4668-a3a4-bb0a2c53fd5d,1539953913131,1539953931950,18819
7e3a1f7a-9892-4d9f-a2f7-f1d16c1917dd,1539953911861,1539953919756,7895
2d03bde5-c71e-4dbf-9076-7832f0b4bb59,1539953916304,1539953951284,34980
db4765e4-6f60-4ace-8a0d-cfff5525ccb2,1539953914202,1539953941519,27317
1c8ef5a9-c24a-43e8-b62a-7852afca2bd0,1539953913402,1539953935447,22045
77c8c6a8-535c-4f7c-b04a-038281131939,1539953916114,1539953950633,34519
6eebb980-a1d2-4ad6-af51-5e522cc754ec,1539953913321,1539953934332,21011
5aa6666d-87bb-4f4d-9273-9f42c4416577,1539953915297,1539953948657,33360
9a9c1150-c3a1-4edd-bb38-9472c2c58058,1539953911162,1539953913237,2075
ec07cf0b-13c9-42ac-a478-0b92406b8bb0,1539953914260,1539953942319,28059
45db9f5f-5584-489b-8c79-10f5a391ee78,1539953916246,1539953951054,34808
d6546908-fd59-436f-a7a4-955653ee657a,1539953915854,1539953949884,34030
d82c8f2d-87ae-4060-8f7d-11410c926f33,1539953911613,1539953917335,5722
fedfee07-fbec-41c4-bba4-eba63cf2a0f2,1539953910940,1539953911485,545
710e0f90-deda-446f-af89-1db32e191343,1539953915801,1539953949703,33902
bffd66d6-da87-42c1-b280-71117c726464,1539953915125,1539953948283,33158
7ba53afa-2e8a-4a86-81f5-78a595000d89,1539953914717,1539953946807,32090
3fbfa4a1-3e2a-48f1-91ec-8b5ad2f256fc,1539953912211,1539953923665,11454
36719e42-ab72-45cf-b917-586614257c88,1539953916089,1539953950558,34469
f4f2cce5-51fb-42dc-869f-2b9862f414d8,1539953911176,1539953913350,2174
603e039c-ef0e-491d-b110-c41764ac2c70,1539953913306,1539953934181,20875
870bb3ca-0b7c-4745-846b-cb8eedbf201a,1539953915562,1539953949209,33647
b3c21e05-f372-438f-8df7-80001ad07be9,1539953916576,1539953952490,35914
d23cdcc9-8c79-4773-90e8-e5252ec2f937,1539953916975,1539953953492,36517
8b33c240-f10b-4d14-b380-fea0aa49ca36,1539953913609,1539953937561,23952
9b941383-4456-4a55-9724-ffaa3526a957,1539953913629,1539953937822,24193
2449b2c0-352e-4997-9588-d3aa330cb392,1539953913750,1539953938592,24842
e1eb05cf-d8c4-4306-8109-b2a7f207e46b,1539953911637,1539953917808,6171
55ddfeb3-c9e8-4117-a120-6d9f98b0f476,1539953913624,1539953937743,24119
843af0c4-2ca4-43b9-952e-b0b601588bbb,1539953916771,1539953952982,36211
5fd1aeea-0eaf-43a9-ae09-e480f6fae2a9,1539953912642,1539953927925,15283
8d4dc21a-9e0e-43fe-a636-d49c79ee815f,1539953916745,1539953952921,36176
9529d59c-d7d2-467c-8462-406a071a5cda,1539953915185,1539953948441,33256
d1622a16-c2ce-45c2-9a13-8367c3a53812,1539953913167,1539953932522,19355
ef117918-7497-406d-8814-7f7f0ba80291,1539953916477,1539953952197,35720
60e281b1-cf61-4e17-b65b-b86efc44a0d7,1539953912053,1539953921897,9844
92bc5292-7aa4-460a-8606-8ef093bdc6c4,1539953912313,1539953925170,12857
c1ca998c-0803-4253-abd3-26e93f6c9bf9,1539953912271,1539953924606,12335
1af16d54-fd2f-4c64-8f0a-087afeac49a2,1539953913326,1539953934397,21071
8dc33f83-401a-4cbd-bafc-1e121be9a7bf,1539953915840,1539953949836,33996
7e657ab1-52a0-4fa5-b860-f0accf3bcd2a,1539953912620,1539953927734,15114
e948ef5b-71ec-43e2-9bab-4c1d68832cee,1539953912609,1539953927677,15068
70aaad32-3235-4a45-bca6-f13a8e6813e5,1539953915913,1539953950121,34208
32cca873-6e73-4e9f-be68-8613a93d754d,1539953916991,1539953953535,36544
189a1e6e-02b7-4801-b7d9-1cebd83c29e7,1539953916565,1539953952462,35897
8088f977-a108-4ebb-872d-c3687874693f,1539953917214,1539953954093,36879
e1e8babb-cd17-4c0a-9ddb-e8293000c82b,1539953916635,1539953952624,35989
dd033f8d-36a3-4b30-901e-f6418d9fa8b2,1539953917232,1539953954155,36923
5d6fee78-a314-45f6-aa98-c6d63bfa88a9,1539953912151,1539953923058,10907
b7d24d62-a64d-4b2e-90f1-5b388384702d,1539953914001,1539953939808,25807
b41d5900-a834-48b8-8578-2d82da32a5b1,1539953916388,1539953951824,35436
52a65d93-214a-4868-b8c8-a6fc814dfcfb,1539953912067,1539953922093,10026
20c389b3-ae2a-4d3a-a065-bb2262af783e,1539953911967,1539953920800,8833
7bb8f1ca-ad47-40c1-8ca2-cef32dea9807,1539953912181,1539953923383,11202
a44a2bcd-3f2e-4b56-b676-951b1437ed4c,1539953913481,1539953936311,22830
0a7ce259-abbf-409d-9130-9f451e405745,1539953912279,1539953924748,12469
65e6006e-4c49-4e32-be55-816fd8947a7a,1539953914733,1539953946948,32215
9f19655c-1e83-4472-b42b-6a611df00f68,1539953912118,1539953922651,10533
b761248a-d348-4df0-9c86-93a19c5cffdd,1539953912679,1539953928257,15578
b3c48dc1-1e05-4edd-97c6-7680a31ece39,1539953916621,1539953952597,35976
e262e6a1-7cc2-4c0b-992e-7d9640c2074b,1539953912927,1539953929837,16910
ba5db8e0-13b7-4d4e-b9c2-011ca7789f8d,1539953916932,1539953953371,36439
58e8bff6-b632-4239-9d85-bf67189ef521,1539953912986,1539953930196,17210
c6c6482e-735d-4d50-a8dd-3987d04e5109,1539953912520,1539953926797,14277
4147da8b-585a-4060-9632-83fe315bda7b,1539953916951,1539953953420,36469
24ddc091-a70a-4ab4-acd5-e4dfa6eff6ae,1539953915361,1539953948808,33447
9e9bf991-5d3c-46ab-9798-2ccd6b0a3ef5,1539953911952,1539953920570,8618
f1d3879c-2ff8-4d0b-a185-070827177516,1539953915253,1539953948584,33331
9bd3f732-0f24-4efa-a5a9-d435372633b6,1539953912465,1539953926563,14098
311af127-9393-4f67-9a32-dafc51824cfb,1539953915567,1539953949225,33658
597a3a36-b2bc-41ab-a1e0-2d6d61c6d5ed,1539953915209,1539953948473,33264
86b56280-c55c-4127-819d-af77a8716742,1539953915796,1539953949689,33893
c32f69eb-fbaa-417e-aed8-5c4c448d462b,1539953912169,1539953923262,11093
736439d9-d415-4229-9501-63d3b630bff1,1539953913582,1539953937161,23579
352c21fb-cf6b-4373-832b-610113c4a60a,1539953913784,1539953938812,25028
68818384-dfa5-40fa-8b0c-ce459ebd13d6,1539953916995,1539953953548,36553
0b1fa3e9-bb94-4a97-b008-b818566a0ffc,1539953910994,1539953911833,839
dc854d66-c457-40c0-af47-eef4282361e5,1539953916780,1539953953010,36230
ee6d49d5-215b-4533-85c5-00e1887fe00f,1539953913551,1539953936712,23161
7ba5a472-8680-4555-8187-f73a165a0ef7,1539953915451,1539953948989,33538
f473dc6a-9bd0-47bb-953e-b286546e6a7a,1539953913154,1539953932392,19238
03ea15da-ed54-4541-91ee-8a9559949dcf,1539953912031,1539953921575,9544
ea44ec1a-ad93-4afa-a6f1-8d88e95692a5,1539953912103,1539953922534,10431
51abf718-6c3e-4ed3-ab4b-34703e368ccf,1539953916651,1539953952666,36015
45468983-812f-4f3e-813e-52ad953e8571,1539953917005,1539953953577,36572
33ecd2ea-6859-4cd4-9528-85e4e638c948,1539953912736,1539953928798,16062
c712bff5-f646-414b-b512-8d1bcce21bb1,1539953913618,1539953937702,24084
0e33f904-33e2-4a69-8918-b0a7fe8290ef,1539953916671,1539953952708,36037
8d8c0704-bb53-4c91-9605-501c2ed1ecc8,1539953915886,1539953949959,34073
fd2957f0-5897-4698-97c0-5f784c777e89,1539953916064,1539953950525,34461
263847ac-23ca-4f24-85aa-6c35a1146316,1539953915155,1539953948371,33216
b51848cb-ba30-4e7a-af27-d98d9c3405a1,1539953911916,1539953920268,8352
bda9ecb3-3182-4a34-ba55-89aa425ea901,1539953913586,1539953937231,23645
499a9fe5-ffe1-4762-9f9f-a92d7bc82b95,1539953911181,1539953913382,2201
9af4fae7-6dc2-40e5-baeb-c868d7785ab8,1539953912275,1539953924640,12365
b0b2105e-0f62-4ca4-a3a3-c190f52d5978,1539953915316,1539953948716,33400
47a1e1dc-24ee-4039-815f-07b3f4d49606,1539953913758,1539953938697,24939
9d6dbe78-1c54-4332-a2dc-b8a8b9cd1841,1539953913065,1539953931132,18067
54876e1c-f98a-4edc-9dd3-b16b32899198,1539953913541,1539953936615,23074
c44a9df3-5985-40b4-a385-52a9fab98c10,1539953914170,1539953941184,27014
cc40f25f-3653-47b8-8699-1ce92abc12ff,1539953912652,1539953928079,15427
44499855-fddc-4bf6-9996-dde8c7741ef2,1539953916610,1539953952568,35958
f8bd33c2-a09f-4888-ba63-7af3b1a5f165,1539953916263,1539953951110,34847
37051b7a-91de-4104-a600-57e24a39c1a1,1539953912202,1539953923601,11399
510197d0-0927-412f-9046-6e9f1413ed3e,1539953913015,1539953930567,17552
8eefa62b-c0cd-42ba-8288-f8d90c20ffdf,1539953914417,1539953943228,28811
85cdd5cc-2ee5-45e8-95b6-85eab0b5dae4,1539953915284,1539953948641,33357
1dc0c100-88aa-45f9-bb4a-d8c7949ff28c,1539953913206,1539953933040,19834
4c43be43-1ad7-4f65-8dcd-6a2ac2839b27,1539953916750,1539953952938,36188
3ef2127a-3e59-4884-8c3e-f8505df5087d,1539953911011,1539953911938,927
d16e80b1-6c75-41fe-85df-a8ecc6c20e9b,1539953914236,1539953942074,27838
a351f6bf-f534-4119-9433-2a919cb2bd6d,1539953916729,1539953952882,36153
e394d6be-75bc-40d7-8802-e03c2ab4236e,1539953916134,1539953950695,34561

Average Response Time:,23117.0
Minimum Response Time:,242
Maximum Response Time:,36944
TPS (Transfers/second):,23
Standard Deviation:,11828.79531868663

Total Time elapsed:,43292
Number of successful transfers:,998
Number of transfers with response time >1second:,979
