afd5549d-e5ca-4a66-8852-08f6544f2854,1538148951499,1538148951835,336
653a3479-b261-4cdb-aac7-607191fd5597,1538148973009,1538148973300,291
6deb1584-8cae-4633-acf4-55d974d78a61,1538148974239,1538148974512,273
b898fa07-2cde-4fce-a553-c1add44aa44a,1538148967806,1538148968068,262
66de263d-0184-4ec8-825b-d0ba8499c045,1538148960414,1538148960737,323
7212fc5f-63f1-4bdd-b397-97dfa3f70a12,1538148964997,1538148965305,308
ce520eb1-e0c2-4fda-882b-886797cb04c0,1538148950817,1538148951157,340
63792984-9750-4182-9d53-a7c51fa4be9c,1538148969061,1538148969397,336
b732043a-141d-44f7-88eb-e0b74747fcba,1538148978424,1538148978713,289
4a81cdb3-355b-4dfa-afa6-ca447939ffa9,1538148968656,1538148968985,329
93f016c1-d7ce-4132-8da3-3834493b7e72,1538148954966,1538148955245,279
0e14e270-0d9d-485d-9991-4de26f9e8924,1538148969579,1538148969901,322
c0814592-5697-4850-8fb8-0ca1668bff58,1538148961652,1538148961944,292
074378e7-915b-41ee-94fd-d09ad881612e,1538148953496,1538148953759,263
cf9925fc-6a57-4832-a399-d6744a2d3ee2,1538148967868,1538148968138,270
5b017124-a408-4001-8703-76131175c022,1538148974960,1538148975216,256
b1f484ce-a1c1-4e67-b093-8e8da4d8ebc9,1538148978754,1538148979048,294
20bd841f-3f3f-4cc2-9f85-18da2e5d8ddc,1538148974295,1538148974601,306
1c6b91bc-0fbc-4829-ab30-ea40f41f6053,1538148952820,1538148953110,290
a80725a6-bf3a-4aeb-b0af-f5ae21a84e85,1538148950642,1538148950922,280
22ec84f1-eadf-47f6-8a14-1d40d9aff55e,1538148976117,1538148976389,272
9a0dce7c-5643-451f-a264-e5b1b72b68eb,1538148955418,1538148955798,380
8e8bd7b4-58ea-41f6-9d1d-a361da61feca,1538148962539,1538148962820,281
b64c40ed-18b2-4926-a7a6-f10429e61c1c,1538148969972,1538148970225,253
80a3f9b6-02be-41ef-a34d-f2f7dc9dc753,1538148977697,1538148978011,314
b6df09b9-1946-4452-a929-30bdddb6477f,1538148969414,1538148969765,351
cdff1dc3-4e12-4768-baea-ba4c625507db,1538148976456,1538148976766,310
57d9fec0-6580-45a7-859b-73a07aceca5d,1538148978975,1538148979233,258
c77bc876-a1ba-46d2-88d0-159d59e495e5,1538148967585,1538148967853,268
7299e7d5-7555-4f4f-a11d-50427d63d50c,1538148955247,1538148955712,465
9621820a-270e-4b3a-bc9e-b2625b6181da,1538148957531,1538148957951,420
16595bce-501f-4809-932c-ae0966b77f3b,1538148961820,1538148962098,278
16fc3a2b-2c01-490e-83c0-49c3a79922d8,1538148950435,1538148950721,286
fac1ba2f-80f8-4c26-ba32-79a80fe17382,1538148966072,1538148966376,304
0bcba37f-f25b-4f0a-80f0-9d53653426b1,1538148970138,1538148970457,319
8f24298b-585d-460e-bcf0-20a73ae52618,1538148965330,1538148965621,291
d324bf57-b163-46a2-b472-e1a7cb9f180e,1538148953782,1538148954049,267
959f0a4e-b7e1-4b7f-92e1-c28cae55bca5,1538148950269,1538148950558,289
b4676aab-08a9-4742-8747-44db26dab9dd,1538148971802,1538148972238,436
06ecb720-63b6-4b4a-a402-85a0b6664d9b,1538148979087,1538148979352,265
f5cd4e4e-fcce-420a-9f05-9319ccaf9a3d,1538148961427,1538148961772,345
57d4490f-14ad-4ba6-ad69-43d024f303f2,1538148973228,1538148973552,324
a9272ed3-212f-403f-ae51-cdaa8135b097,1538148976061,1538148976344,283
4c4de264-3aa9-4b53-a67f-a54bad47a1d0,1538148961931,1538148962201,270
88440d77-67f7-4922-b914-6727ed471314,1538148955303,1538148955745,442
21e11407-d685-4189-9aef-5bbc8ed5e4e0,1538148965552,1538148965835,283
8e1277e5-23ac-4dab-8187-44774d50f55a,1538148951334,1538148951641,307
92e68321-a49c-43c2-b5d4-c165488de7be,1538148971298,1538148971638,340
3458d579-e880-4396-8958-932c91fcd26d,1538148954511,1538148954830,319
e84e8937-fb7a-46aa-b525-376df432d843,1538148977474,1538148977756,282
b69cb723-e998-4740-8128-2e5d401ac0ca,1538148979693,1538148979958,265
a4429a28-c57f-4237-815a-32d0b4b7acc1,1538148960874,1538148961228,354
4c5ada74-2ffb-4306-b63e-acbf094026c3,1538148956381,1538148956704,323
9f3731d8-37b7-4a34-baca-dd55440edb74,1538148966768,1538148967048,280
7770a9ad-7adf-4f93-a4dd-74a5b848ad66,1538148955936,1538148956231,295
5fdb8552-2b04-4ce6-b908-75cc5697300e,1538148974349,1538148974660,311
60a0dea6-9ae3-49c0-84ab-fe0eb14ac653,1538148951112,1538148951419,307
6a36852c-b1d7-4c04-bff2-9be7570a0903,1538148974404,1538148974758,354
c2aa8644-5241-4b18-b5af-94c6a7f9d930,1538148955880,1538148956195,315
a97a810e-9220-466a-8168-b3698bb254b1,1538148962704,1538148963016,312
181ebbc0-661a-4226-a409-0198eba907df,1538148969750,1538148970011,261
c4c34a75-ecdb-42f4-8f6a-e89d87b82c60,1538148962484,1538148962792,308
acfbcaac-660f-4058-804c-578a85e691c3,1538148967476,1538148967765,289
c6f38154-30fe-4438-8bb6-b67a1ca7f0da,1538148960297,1538148960636,339
8d6e96a0-94cf-4251-ad88-d78333366634,1538148952501,1538148952916,415
37e56351-4dae-4e35-a886-a6e2cf3f0479,1538148964110,1538148964989,879
c257733c-827b-46ce-9776-3944c3505188,1538148976797,1538148977127,330
e56edb92-87dd-4d81-873e-17ffcbe50c65,1538148958243,1538148958548,305
ea4a40b4-7bf3-4932-a1fa-cd5f496098ca,1538148952164,1538148952613,449
7b4f1acb-3858-4ceb-b7fe-2240530c238b,1538148962262,1538148962544,282
79a48547-3e14-4f8e-b629-2383b1a0f7c4,1538148976400,1538148976677,277
09230a6f-030c-4b4e-917e-1894997c4601,1538148961316,1538148961697,381
bf7f1df2-17e3-4ea9-81d0-f01e81cafaa6,1538148972380,1538148972730,350
b0b13d60-d12c-44ea-8048-7d2da092aa60,1538148978166,1538148978442,276
4bf1f773-a830-474b-be1e-415551ab08f3,1538148970194,1538148970497,303
a32a544c-f330-40b6-9a01-d75c54b115d5,1538148967071,1538148967387,316
98f3c5b1-36a8-40a8-84cc-059661b3e5a1,1538148977308,1538148977580,272
2c07844e-0587-42bc-9374-14be071ce7f3,1538148949988,1538148950382,394
541f3688-a4e8-4db3-9219-15948cda9571,1538148957291,1538148957596,305
421f8165-1672-4f6d-9293-d9d93f12ff81,1538148958353,1538148958634,281
4a818962-b0c7-40d3-a6cc-a64ceb6a9cb5,1538148967978,1538148968228,250
c9a482c4-0655-4502-bfdc-c265efd31e75,1538148954567,1538148954865,298
ed3137db-8e6e-4a03-846b-1b9e388e30bb,1538148963210,1538148963499,289
ce960a98-2b06-4491-a1c6-93ae12ef7839,1538148957747,1538148958006,259
a1bbe4a3-d27a-4196-9762-089dd19ce980,1538148958521,1538148958795,274
26a453e9-fc0d-4973-a83b-283671151325,1538148972778,1538148973053,275
767a822e-9c4c-4159-bfcc-c84d4b7ba80a,1538148960236,1538148960589,353
a9d83067-b7a5-45be-8786-003a2946b8ba,1538148965275,1538148965549,274
e11389ad-1d08-47a1-9073-ddf298307d8c,1538148950491,1538148950887,396
094ba07b-e1d5-4bbc-8f15-96ec6ee315c8,1538148963376,1538148963727,351
7ba3dbab-c410-42ee-af01-8a7120093112,1538148976631,1538148976983,352
8f656e40-edbc-44f3-acfc-cf355da95b9d,1538148953268,1538148953559,291
a1f00357-ab71-4cf7-8bdc-2c5d41d704a4,1538148967531,1538148967780,249
81666c70-f96b-4ba7-ab87-8cc34f066ec2,1538148951223,1538148951530,307
d25c0036-5b0a-4ad4-b828-1ddaea6b8093,1538148963999,1538148964300,301
347eb329-ee06-45f5-8547-594b522371ce,1538148969469,1538148969781,312
e38089a2-88e1-4320-9931-0ae8d4ed2349,1538148949870,1538148950268,398
ad5cf52d-c2b0-4f61-a482-e90f9316a3a1,1538148963597,1538148963898,301
8adcf34c-6479-4ab6-9632-49bdf635ff4d,1538148955081,1538148955349,268
9dfd477e-b0ea-4ba1-8fa5-8288c4b7cb04,1538148958696,1538148959008,312
09f30e10-9a81-496d-9eac-5c5dd555a2b5,1538148972547,1538148972805,258
fdf31bf1-39b5-4a17-ad46-23e0e5c7da9d,1538148979637,1538148979935,298
67ea8aed-e133-4ec9-969c-cb61503d5289,1538148963321,1538148963678,357
8af0e92d-ee13-4c5f-9d2b-83f39fda8356,1538148971017,1538148971332,315
5706d180-cdfd-45fb-9fa9-7e6ddf948f02,1538148968436,1538148968764,328
bab6c968-21fe-4673-bc37-cbc3aa2e346a,1538148973064,1538148973380,316
f149cfbd-8fbe-45a2-9806-6d8511e6b330,1538148959946,1538148960240,294
7530a804-8a82-4571-bdd0-c780e687af43,1538148951998,1538148952446,448
49d129f1-6d8f-44fa-9331-d94a1267d6b6,1538148956989,1538148957234,245
c6ce9f60-3f98-4d45-9f38-7e0d6e7dd38e,1538148955192,1538148955620,428
539b4ebb-0f55-4818-a433-6ac4a248a8a5,1538148976686,1538148977003,317
1d8a5727-fdac-4caa-ab05-2627aa9e8f85,1538148977642,1538148977962,320
bd681b3f-e8c7-47c5-bcc1-cffd39fae0bc,1538148960001,1538148960294,293
37638d9f-10e2-439e-be4f-008259e20d57,1538148971412,1538148971724,312
59a0654e-9560-444a-a34d-254e1990cfe4,1538148959420,1538148959720,300
88cd4334-d448-469b-bfd3-9a323d3892a9,1538148958188,1538148958490,302
a2f2d07e-6ab8-4f68-902f-771ea4c623b6,1538148975609,1538148975886,277
ce24a9eb-89cf-428d-9750-7d43fb8741d9,1538148970565,1538148970820,255
c073f355-bd1b-477c-bd93-bf01baf7e4bf,1538148966709,1538148967001,292
992428b4-0e79-470a-9b21-241d2255b73e,1538148967421,1538148967712,291
e33711c1-2b3c-4f72-b248-fa68ce1d202a,1538148975441,1538148975735,294
e97c768f-7465-4ba0-b193-cee39aafb4e3,1538148972435,1538148972758,323
f89d8134-b032-4405-a60b-b377aeebb9b1,1538148973506,1538148973847,341
85fef11c-2b24-4d25-b572-ee8e46ebe243,1538148960175,1538148960468,293
54685f9d-7cc9-497f-bfc2-1bab08f1855d,1538148979417,1538148979692,275
b3e69eea-40cc-4e84-8c7f-1ca891703fd2,1538148960120,1538148960448,328
0bde2f80-1f8a-4e7e-9171-1bf91cecc9ea,1538148966482,1538148966804,322
1dda0827-8f80-46e7-93c3-2100eabdd103,1538148963660,1538148964020,360
d9bcbbfb-4f24-48e5-b807-e55603a0053b,1538148974460,1538148974806,346
d415a5b2-4350-43ee-b52a-7d31a07238d7,1538148969351,1538148969710,359
a56dcddb-4810-456e-8bcb-ff314ed534b6,1538148954289,1538148954613,324
aa474302-fa29-4b0c-9ae4-97547759ec09,1538148958298,1538148958600,302
4d9e749c-a55f-4906-908c-0bb7817f592c,1538148972132,1538148972529,397
8a459ef2-7c31-4eba-b972-744f5ae8d353,1538148967641,1538148967955,314
66cc79db-8c01-4856-8e71-33a75013ff12,1538148952931,1538148953191,260
7da87e18-dbb3-441f-983c-b18987138931,1538148966302,1538148966594,292
3b0e5bdd-ac0f-4b12-ad2e-9867c1e933b1,1538148950045,1538148950419,374
47451a4d-007b-4d1c-b511-1833e9b5b91a,1538148955599,1538148955914,315
10c9f8e3-7acd-4799-b981-2f63439efe35,1538148956603,1538148956886,283
3e620e59-fe4a-44c8-86c4-6419d08f99d5,1538148957967,1538148958277,310
e311f84e-3b96-4722-866a-2172e74b3274,1538148968034,1538148968382,348
ebea7d60-84ac-4855-b6b4-22cfbaa3bd3c,1538148977193,1538148977446,253
fcc9e7bf-10b3-4c91-a212-b685db6ab94e,1538148972602,1538148972885,283
b01c7507-1a15-42ae-81a4-3972e4da1c5a,1538148952987,1538148953288,301
052c365e-1ee5-4cb4-8ce8-6f51f4dc4547,1538148958915,1538148959205,290
69027b84-948a-41f1-bda5-b55a60af6f6a,1538148962429,1538148962685,256
f9e0a356-5227-40fd-889c-1201bc0984de,1538148975552,1538148975839,287
f0e9a3dc-8260-40a1-b6db-c54df0e91465,1538148965608,1538148965876,268
b2c91b88-5025-4a2a-9262-fefe80247233,1538148971522,1538148971827,305
9653b66b-45ba-4817-88ac-d6281d1c4b55,1538148951722,1538148952001,279
f6754022-1846-4c2a-b804-2afcc81b08a6,1538148969003,1538148969311,308
1d436d91-f100-4030-a94c-135cc42455b6,1538148960528,1538148960876,348
2245112d-1fa9-4134-b75a-632d95fbee5d,1538148961986,1538148962248,262
a007e8f6-70a8-4e8b-b0ca-82669b345009,1538148953441,1538148953740,299
3f4cfb82-7c45-4801-a290-d4ecdda6f70e,1538148961205,1538148961617,412
4bb81823-db0e-4735-8aed-6c61f9364545,1538148977891,1538148978175,284
7d1af484-b880-44db-971b-731eec0cc1e1,1538148952764,1538148953044,280
10685212-ab54-4c7d-b639-7861f7986c51,1538148952109,1538148952564,455
8b83b99c-41e1-4004-b8a4-f26323faa6ca,1538148965107,1538148965394,287
e2a0753f-1d1a-4ad3-af81-b6492e8e1e60,1538148978810,1538148979098,288
d5a04e7e-c1d6-4934-8217-f4419b7e4671,1538148963487,1538148963812,325
528415a6-d6f9-4394-8eee-d26c32980a69,1538148973783,1538148974130,347
adb7604b-cdce-42db-b4c6-2762c43e5db3,1538148971633,1538148971893,260
d2dc328a-8b2a-497c-a351-be12e3a18ae1,1538148951389,1538148951661,272
47b0e9a0-c6cc-4e2d-a82f-94dcb332a84c,1538148958464,1538148958761,297
5bd71372-bc8c-4c05-968f-cfa5b4a68d42,1538148954681,1538148954980,299
9d5d5a2a-1a0d-451a-92b4-5895ddf2fa3c,1538148973340,1538148973656,316
98254435-0dbc-4bde-a226-b7f94bc7196a,1538148957045,1538148957373,328
8842cf98-503f-44fe-9782-4e4ba3f3f725,1538148969230,1538148969597,367
4a68f71a-b881-4ce9-ab78-504a1a481636,1538148957235,1538148957509,274
85677e36-c248-4d72-9887-c453752fecb5,1538148977752,1538148978075,323
3c9c8cc8-38ba-45bb-bff2-6787556b2c00,1538148968768,1538148969156,388
358af4d4-1368-4bef-a1c9-d78ce8225cdc,1538148975075,1538148975338,263
bf3435db-05ac-4e72-877d-ec81464c1d72,1538148977587,1538148977909,322
a603f2be-2422-4e27-b095-396e1a8339b1,1538148978920,1538148979194,274
4990964d-49b2-4e87-975b-368f33b2ca46,1538148953213,1538148953473,260
c52ccf8c-087b-4169-b5f4-2c954bcc6f80,1538148968712,1538148969044,332
71213941-d1cb-4893-90c4-61da9a4dea3b,1538148963880,1538148964184,304
f28ecd53-7032-4a2f-a9ac-644b5b04d50d,1538148961540,1538148961881,341
ad580ffb-dc50-409c-b82f-985cfc9751a2,1538148951611,1538148951925,314
3319fb4c-5f18-4929-823a-ba2781f9d191,1538148959205,1538148959555,350
366ea25f-8c14-4726-ba00-08fdbef5e56e,1538148959649,1538148959952,303
c110efb2-8cc1-4259-9609-ad7804ff91f6,1538148961094,1538148961500,406
681fd508-176e-4304-a0e4-9cf359cf1ba2,1538148972953,1538148973224,271
12dc9601-153e-4863-a8c8-a416f90a3432,1538148973396,1538148973696,300
3c9e18ad-b9e6-4a5e-bb6c-8b0f04f8ebb5,1538148955023,1538148955334,311
25a2e930-517f-4811-aaf1-465e3da1e995,1538148974071,1538148974322,251
2569fc8e-331d-4c29-bd2e-c6c60346ca01,1538148978369,1538148978642,273
6c88772f-9ace-4b47-abc2-a4aa12481246,1538148971912,1538148972342,430
07670757-625f-47f9-9955-26395689adfd,1538148958409,1538148958713,304
fa14277f-05fe-4e15-ab59-2b715ce30a3b,1538148959765,1538148960086,321
05e9c20a-5ec8-4944-a0a6-91f3297a11de,1538148951778,1538148952053,275
4c5758c4-607b-434c-bc8f-9cd626470b96,1538148962875,1538148963128,253
1386c01c-e445-43cc-bcae-4ec394344f1f,1538148959093,1538148959405,312
55d34ca0-2dd6-4d6f-91a2-86ab9b7c3372,1538148955712,1538148956046,334
1c0781fc-d4ca-43e8-a8db-89d7ae1611cc,1538148974626,1538148974946,320
f850e863-247f-43ba-b1ec-e0b55399eef7,1538148968865,1538148969216,351
46f900d9-1652-44a7-b808-dce484702825,1538148978479,1538148978730,251
f9c0de56-5792-4351-ade7-181f93b1e715,1538148949925,1538148950304,379
e3b4cfd8-9b77-4f5c-8844-636ef279f9fc,1538148969917,1538148970169,252
05b08962-ca92-41d7-8d27-5ba94e8dc587,1538148953607,1538148953924,317
f3a909cf-193d-4f03-aa94-cc0806216805,1538148954799,1538148955107,308
fff7e2a5-c788-4d6a-9d6a-2a7ece482464,1538148963542,1538148963837,295
9989a5e0-8339-401a-b9cd-64a080215b03,1538148962929,1538148963185,256
d5b15cb6-a4c8-4b6d-bfa6-3042908d6d15,1538148979582,1538148979851,269
7e3c82a9-efe9-4f70-961d-016c7aeefcea,1538148957402,1538148957705,303
b7b49dfc-0b9e-4751-ad96-155c03309d4e,1538148971467,1538148971766,299
ffdc2335-38eb-45aa-ad0e-ec16e22fd2f2,1538148976228,1538148976488,260
70127d47-3a84-43a7-b249-39dc2db9ef45,1538148963095,1538148963404,309
2d473219-d946-4b78-bf6d-26249e069a56,1538148956102,1538148956388,286
5e0580ba-0081-4646-9ac9-3591ea87d652,1538148977027,1538148977287,260
53987f9a-45ed-4486-8ffd-1c874e448693,1538148950213,1538148950514,301
572f895d-fdfe-4833-834a-f9fdb705884f,1538148971688,1538148971963,275
8df62dd7-5872-41e3-b4f2-f3f90e0961c7,1538148965961,1538148966217,256
0ad63ab7-495d-4724-98b1-6ae97ff0862d,1538148955473,1538148955840,367
cd520c7c-93f8-4348-8557-04f99cd13722,1538148965906,1538148966201,295
fad9e4d6-8cd9-4445-8280-4cbbf67e6601,1538148957460,1538148957737,277
fb2bb062-af81-4a16-9e0f-f91512a425bf,1538148964054,1538148964331,277
eaf022c9-841f-4253-8e57-5c2de9572ba1,1538148963265,1538148963608,343
fb8f173f-af4d-43a0-9802-7f9360f97a4d,1538148957912,1538148958178,266
e8bb2fe6-c7c5-4ecf-ace6-f0d735a578c6,1538148959883,1538148960208,325
3d22dd61-ab50-4539-b6d4-0d4664f49cb8,1538148961707,1538148962053,346
8005d130-0eed-4935-b9f0-b9b6d9e71afa,1538148961761,1538148962084,323
96d350fe-2c78-4835-84cc-8201ce31e064,1538148971128,1538148971421,293
6d9359eb-d73a-4e82-9c6f-9350d9c48dbd,1538148954123,1538148954408,285
1a8fd9e9-bd09-4b62-8d74-af3dc1b7d415,1538148951666,1538148951939,273
52526649-5f6a-4c44-81b0-eed8577970b5,1538148972022,1538148972401,379
47b5789a-fd88-416e-b510-daff8ceeb80d,1538148976916,1538148977191,275
3b39601e-fb90-4fb0-bcf9-8e76adc259ca,1538148968546,1538148968832,286
c5fcb3ef-6dab-4cd8-bf17-a0201a8302e4,1538148976287,1538148976615,328
cffe722b-6300-4b3a-8d26-9157ed316910,1538148958078,1538148958360,282
1049547f-8ff4-405f-9ad2-7ba1d4f13c12,1538148959267,1538148959592,325
f4d6c1d4-d9df-406a-bc34-4d8e7d0542ed,1538148976972,1538148977259,287
9bb3808e-8373-46e2-acd4-f4672d98c7b5,1538148976741,1538148977072,331
351f5a13-f555-4368-8236-f725ac0110b2,1538148971183,1538148971514,331
de1b2557-d2b8-41fe-b2c1-5f9980e0bafa,1538148968934,1538148969289,355
f0ca30ec-a77e-4f4c-a338-bbb878406d2b,1538148962595,1538148962870,275
122e9beb-e06e-4faf-adb3-419ed6719a33,1538148975697,1538148975954,257
f3f1110a-f869-45d0-a121-3954cf34f0e3,1538148957107,1538148957386,279
f2a83b02-6667-4eee-b89e-bd6e2c17cb40,1538148973960,1538148974246,286
601e598c-f4bf-41f8-a914-8e7f18bef33a,1538148972188,1538148972558,370
000263d1-697d-4b5b-b180-673362458327,1538148973561,1538148973914,353
d39d4702-1372-4f49-8b17-b2ca1d2a8e96,1538148954855,1538148955121,266
9ffa3137-a68d-4bcb-b12f-4e5bd81984da,1538148962820,1538148963109,289
be9ad67b-1846-4d61-8274-74a19de1b39f,1538148970083,1538148970357,274
cf42d110-ec51-4534-be5d-e5a9552094d2,1538148959710,1538148960020,310
d689029c-85eb-4ea8-b029-923764dc8f26,1538148966426,1538148966670,244
29950d8e-4f6c-4cac-af9b-d9aacffae908,1538148973672,1538148974004,332
06f95739-5b7a-493c-8407-6189bfc3dada,1538148956216,1538148956512,296
0a12a054-26e4-4a5c-a154-0573472d9e8e,1538148976858,1538148977177,319
2ff10b00-3dff-4aa0-b479-a12740497cd6,1538148979363,1538148979663,300
4bcc1cce-a224-4115-9662-0fd089a6dc3b,1538148969286,1538148969649,363
9d206be7-da9f-413c-bfca-36fb13bfed75,1538148956492,1538148956775,283
60299454-491f-4baf-b0d8-9d43496597d1,1538148979252,1538148979518,266
e0f1c9ac-a3d4-468b-8e9c-0036c42364af,1538148973174,1538148973451,277
68d17d44-d11e-4d69-b8c5-cf7d0196eb05,1538148979198,1538148979493,295
24767358-8a98-4b25-944f-9cb388ea762d,1538148956325,1538148956613,288
c2092b96-509c-4064-8ae5-fba5dd601d60,1538148958806,1538148959080,274
979bab5a-7d59-4b45-88ba-481d864102b9,1538148960352,1538148960672,320
26f7b1a1-6b49-485a-8e3e-0edc0b138c2f,1538148966945,1538148967260,315
31c0fccb-4bea-445a-b95e-d2834394dc29,1538148952705,1538148952956,251
c78ceae4-d357-4805-bd0b-6d27e6a5ded6,1538148966538,1538148966828,290
bd614aa5-4f9e-4929-9f16-a816459eb097,1538148970620,1538148970943,323
4d135361-5903-4c65-af21-12f5870a3975,1538148950379,1538148950657,278
72c32bd4-e81f-465a-b9f6-8a4a0f134f0f,1538148974850,1538148975122,272
d4afd782-6171-4f94-9041-25ef7e409999,1538148977082,1538148977391,309
3146c71f-6abf-44bf-947c-53f414a2c2b8,1538148967000,1538148967331,331
edc9e2d1-213d-48cf-ade4-8a5e25e58553,1538148976173,1538148976462,289
6827ff07-e209-4e75-983b-80e454012f26,1538148962650,1538148962969,319
0e932953-9009-4eee-8f03-49176f85fdc4,1538148957347,1538148957612,265
804c0c8a-a081-4416-8301-7676b7c6b2bd,1538148963825,1538148964135,310
84fcaf65-a3e8-43f4-8e49-3fb350b8c542,1538148953718,1538148953990,272
b5e3c247-5ad2-439f-85a4-4f7f45b0f7fb,1538148971238,1538148971580,342
a54ee20e-2b19-463a-9bf4-a7b8b4e7dd62,1538148960811,1538148961176,365
3d3dc2ca-b6a8-4534-9048-52f51294ddc6,1538148966889,1538148967180,291
4c9d6f8b-d51b-4185-8952-3320bdb84383,1538148969806,1538148970060,254
604b599d-9ec8-42e2-80cb-c38de6e10531,1538148956271,1538148956552,281
aea7bcfa-d0ef-4c3a-9c29-48b3ced9795f,1538148953662,1538148953973,311
80cd5a1c-69ff-438a-b4cb-659573d6f2c6,1538148951943,1538148952384,441
bba39bed-e54b-4875-bdc8-984dc5e2200d,1538148957802,1538148958107,305
cad763c1-1ec8-4f44-b8c4-62f4ba6955fe,1538148954344,1538148954693,349
caf630a1-44e4-40d4-8488-8d554264cbad,1538148963040,1538148963357,317
04e6ac21-b111-4411-b01b-214956cc609d,1538148976345,1538148976650,305
27802df7-519b-4460-afb3-f81f72f8233c,1538148960057,1538148960384,327
d7ec5e71-dc7f-4d37-bd15-5ba19777047c,1538148962765,1538148963069,304
4c3cb9ba-f9c8-4b3d-b158-70ab5db60a15,1538148956548,1538148956856,308
b0f9c645-cd15-4c78-bfb2-79cac412507f,1538148968323,1538148968675,352
7a65fdda-a42f-412e-8653-cf75c338c04f,1538148961597,1538148961915,318
dfd97552-9bcf-4d6f-b1ae-e0d146ad817f,1538148975185,1538148975447,262
30324d3f-3227-4c2a-a5fd-3a35d7d4e317,1538148950100,1538148950433,333
a7c2486f-42de-431e-80a0-66dcdda791ae,1538148975385,1538148975644,259
74067bed-0d6f-42a8-8d0e-f57f12a4b013,1538148951050,1538148951318,268
45b34267-66e3-4866-bbe5-5c7d1eca33db,1538148978221,1538148978528,307
faf784e5-40ea-45e7-a963-6890e82541a3,1538148975246,1538148975604,358
b46509a7-1015-4a48-bc9d-832e94e0cbf0,1538148959537,1538148959854,317
f47e9342-293f-4ff9-bf8b-ec46fc879f82,1538148965779,1538148966115,336
9de75643-7bfc-4e68-8816-0244bc4d7100,1538148974739,1538148975041,302
9589f166-5d70-4283-8243-67b80226b08e,1538148966188,1538148966456,268
e8e24368-fd38-4d01-a9f6-6f32cd301b59,1538148963770,1538148964076,306
97750fa3-dcd9-4ca4-919f-ec3b4e6bff97,1538148959149,1538148959468,319
61be1135-08c2-4bb7-8751-e227b8680778,1538148974571,1538148974900,329
ee3e714b-cc18-46a2-bdfe-cc0caa24772d,1538148960929,1538148961289,360
77de09c6-e204-4d6f-bbe3-019178c03f41,1538148978313,1538148978593,280
c31e1249-3cb7-4e95-a8d2-7f72b6aad6f3,1538148962318,1538148962622,304
3e1c1eb9-0305-4944-8879-078eca454893,1538148970794,1538148971071,277
15a10316-92d8-4ae2-a32b-485e5a4ee9f5,1538148965052,1538148965345,293
3cc34fa4-8a11-46eb-b13e-9f7764b67324,1538148972491,1538148972791,300
2fc4c3ff-6870-4cc5-8f9e-e4e2bcff42b2,1538148970906,1538148971252,346
434bd229-d992-4b3b-8925-5ccd3f67b0d9,1538148952876,1538148953159,283
cf425a5b-dabc-4732-883f-81bd217edc52,1538148962985,1538148963251,266
ddcab025-47b8-4083-bff5-730e5a897172,1538148977248,1538148977546,298
74fbb2ea-0c4b-446a-bd6f-b91854e04408,1538148967365,1538148967637,272
4539bf08-1fd6-487e-94d6-2522a85e8d78,1538148967696,1538148967989,293
4551bc14-5333-41de-a253-5e7d6cbbbb6c,1538148959327,1538148959688,361
3c2f58a4-4a69-483d-ac68-284e41f14880,1538148971353,1538148971651,298
5909365f-2c1a-4845-a86e-a5e85c669505,1538148954401,1538148954761,360
2bf376b1-baac-4129-a718-5a5695d3bfbb,1538148972898,1538148973164,266
253a663b-d6a6-41ff-9f6a-7deb215d460a,1538148975497,1538148975815,318
152ff0a6-8cfb-4b15-9234-4ac85e85c7dc,1538148965850,1538148966172,322
ebc5f53d-2455-46ab-ad0e-8fab0c53f16f,1538148967310,1538148967616,306
f15f1265-722f-48ea-9086-657ed9f138d7,1538148970738,1538148971041,303
c71d857b-5329-496a-a537-009332eb12cf,1538148973727,1538148974043,316
e0cbd435-2524-4ce6-95c8-8a433d3c04f7,1538148951278,1538148951582,304
27429433-42eb-415a-bf0e-4a4c003c1b4d,1538148954911,1538148955186,275
1b8e0955-f8f9-4311-8a13-59a7babe8c6a,1538148967127,1538148967456,329
da325f4d-f95a-4e5f-8145-917280fe239a,1538148978865,1538148979170,305
9bd0d3ba-ba7e-4cbd-9527-4cba948094a6,1538148966832,1538148967132,300
06239c04-3be5-4718-a6a5-555eb6bf2709,1538148958641,1538148958951,310
ccc315ba-de09-4d06-b25a-017342171907,1538148960984,1538148961328,344
469f3506-cf6e-4059-8fc9-748666c9ca1f,1538148951167,1538148951435,268
37e82a5e-ff6b-4c20-954c-87f6ce17ad44,1538148977137,1538148977414,277
4c0a01f3-a026-4efe-872c-78e31345498d,1538148978055,1538148978357,302
1ddc197b-16ad-438c-9879-8e7772f84b54,1538148979892,1538148980162,270
5e4f0496-4f64-4afc-b77c-f955f110fe64,1538148952330,1538148952717,387
fc471f75-8786-4927-9863-ba17ffb4e69a,1538148962207,1538148962514,307
3203fcf6-eb43-40fb-859e-d5b0a3344497,1538148971577,1538148971843,266
7aed4380-8309-4c93-bac2-abbbd8037e2f,1538148950994,1538148951272,278
299dccc0-c4d2-44f6-b972-8bfd4ef4fd04,1538148960583,1538148960917,334
4c31d43d-8829-4f3a-aa67-c27eadfbb6ea,1538148974795,1538148975072,277
20811c7f-f9e0-4e7d-b982-b469f77cd71d,1538148958133,1538148958424,291
ed0fe58b-fff4-4830-a2f4-40ff7c43f194,1538148974016,1538148974293,277
bb53ef31-9418-4f4e-bda5-c5302b4cf9dd,1538148958861,1538148959145,284
63bce170-2fa9-4f53-baca-6076467a5794,1538148956658,1538148957188,530
726eca61-8fc1-4515-9600-e2811e7c0fac,1538148975820,1538148976093,273
f9ffde26-aed7-4d2d-bb61-7325ca9ccb88,1538148954455,1538148954776,321
0025f5c6-af88-4e4c-9a04-9d3038a6ddd1,1538148973285,1538148973588,303
dc7e934b-6663-464e-8582-49a05060eb31,1538148957857,1538148958150,293
b92c3756-e6af-4c17-8266-9fc3cc2e20f1,1538148974126,1538148974371,245
83772b33-1ea0-4c9a-aef3-3017beedfb18,1538148955136,1538148955418,282
3ca9df43-ee7b-49e2-9453-fceca3c870db,1538148979142,1538148979401,259
f49329fe-72d7-4f9c-8384-cf06ba583bb9,1538148958022,1538148958334,312
4afa7270-96cd-4c3a-886c-1cc7c5f20de8,1538148950699,1538148950951,252
1cba97e5-48cb-4511-ad4e-25a946164356,1538148954012,1538148954264,252
937e8b1a-cea0-4ff8-b857-b657aa01b5fb,1538148959594,1538148959920,326
b7a5cfbb-4d75-4d95-ac46-cf3c398875ee,1538148970028,1538148970245,217
f1b9f24b-159f-4fde-8c4a-3e8292423557,1538148970249,1538148970545,296
030c1e07-e040-4f6e-888e-cf31d91b8a43,1538148966366,1538148966640,274
60417bc4-6b0b-40b3-b002-20dd6076039a,1538148952054,1538148952514,460
5634ce64-cc3f-4a46-9b58-e7aeeb02a9d0,1538148969690,1538148969975,285
1eb5ef19-0a2a-4309-b3ba-4170514e517d,1538148977419,1538148977693,274
c0361fd2-60bf-41b3-aa3f-2bf2a58d68cf,1538148962374,1538148962665,291
10af4ea6-2159-42d2-a896-71434a004eec,1538148970360,1538148970662,302
c33d3df1-d496-4a6f-bf7a-328fcce6fc3a,1538148970509,1538148970801,292
652ebec1-f396-4e88-aff7-0c361c83e612,1538148955991,1538148956289,298
2d00b83f-b96e-4033-8557-d5305ee41d52,1538148964942,1538148965186,244
1d8a26e4-3289-40c7-bbbb-97a7a70ec668,1538148965217,1538148965532,315
f66cf98e-28af-4f34-8034-8b43fc875695,1538148972713,1538148972962,249
9a543437-c9dc-4505-ad60-4c63031a78fc,1538148978699,1538148979019,320
fc18eddf-f50b-489c-a1a8-979a1e478175,1538148954067,1538148954369,302
63b477a9-c0cb-4e8c-b717-ac6aaf13c6a9,1538148971967,1538148972385,418
8e5b70a2-196d-4d58-8ec0-89065845d882,1538148975021,1538148975266,245
33b354ac-86e5-4a5d-8df2-f29d6b990b90,1538148949751,1538148950206,455
401cb702-52d8-4bcd-9a5e-79789fd881e3,1538148960694,1538148961045,351
6cc5fcb4-479f-4fad-865c-a79e11590366,1538148966243,1538148966508,265
992fc0a7-b2a9-40b6-add6-1681bfe936ca,1538148975992,1538148976251,259
bffe682d-1f93-4e3a-a314-2afa9cedb3a6,1538148961039,1538148961400,361
9c428a4c-9bbf-4986-a8b2-c65c71e4e2c3,1538148969862,1538148970121,259
20e472a0-53b4-47bf-8f55-07a23ffdb098,1538148974906,1538148975201,295
79393383-cf09-48cb-a288-e5995f5df4f6,1538148971857,1538148972311,454
47bf181f-f27d-4065-8e7a-d7fa773425ad,1538148966017,1538148966292,275
ba0e7139-1818-4222-900f-1fb7fb13450d,1538148950937,1538148951212,275
c595ce91-00ee-4386-b54f-b344f6e03bd9,1538148968379,1538148968722,343
9099d34e-d7db-4c2e-9928-db20efddcf19,1538148951555,1538148951876,321
dd03884f-6ced-47b0-ac31-d91b0a255c61,1538148977946,1538148978217,271
1d93f99f-273a-44bd-b59f-4384da48d084,1538148977835,1538148978144,309
a616f723-1059-4773-9f0c-86cc78982158,1538148959479,1538148959764,285
d9761872-6bdc-4a7d-ba1f-6ebe104a2c35,1538148964775,1538148965032,257
977af7e0-6e20-47e7-891e-1100ee8c02f1,1538148978589,1538148978896,307
a15c6ff2-2cc9-4c89-aa2a-d282f92cd5d8,1538148953323,1538148953587,264
370e7003-b337-46bd-b587-aad6563a9046,1538148951888,1538148952342,454
e0adf4c5-7410-446a-9576-8be61a771e61,1538148969175,1538148969529,354
0bb878e4-37e2-4d8b-a769-128ed290e5a8,1538148953157,1538148953438,281
f940d005-cf8a-42e9-ab4c-34d1f856220f,1538148953098,1538148953360,262
c88558e4-30d5-4986-bdca-031152b3e379,1538148967237,1538148967540,303
31064b2c-91ca-443d-8047-e141ab47070b,1538148956436,1538148956736,300
0c6113b4-7e17-4474-9efd-95434c58ef3a,1538148963150,1538148963419,269
a1230d10-7d37-49f5-b877-cb42aae9027a,1538148979947,1538148980253,306
ab7115b9-5fef-4033-b83f-3f5e608745d2,1538148953552,1538148953825,273
2e400c2a-db16-4865-b245-5040f770a42a,1538148973451,1538148973748,297
2e977f6a-e63d-48da-817a-5022697dd803,1538148964830,1538148965114,284
d24f72cf-8912-496b-985b-9c1783c1df00,1538148962042,1538148962320,278
4f7ede55-6e38-48db-a811-1a146785bece,1538148979748,1538148980108,360
63ab1ca5-d2e2-4069-9b39-0a42c74b166c,1538148952219,1538148952656,437
bc76950f-52ec-44af-a9e6-bd8785be5076,1538148969120,1538148969473,353
f13fa47e-2edc-4fcf-a331-0ca3c56cd9e5,1538148958751,1538148959054,303
38f2b21a-c249-4ec5-901d-56fb28bfc0a8,1538148950158,1538148950476,318
0a9c1c18-0565-4433-92dd-5a5883300102,1538148954178,1538148954505,327
6961130f-503a-4003-ab47-1cfd85233827,1538148959820,1538148960120,300
84cdc44b-75ca-45c9-bcdf-b0c23fa59bf6,1538148961261,1538148961640,379
81c5b1e3-c773-4073-970d-c70f4a394939,1538148955656,1538148955993,337
561fdaf0-23d4-40e4-98ac-64cce657c56b,1538148973617,1538148973934,317
27a8033c-7860-4cd9-b901-d8191e7daaad,1538148964885,1538148965172,287
06d29e96-1fdf-441d-953b-45d4f1791318,1538148961371,1538148961759,388
669a9a46-69f0-491e-8ab4-3f45a514c81f,1538148963938,1538148964278,340
8b508be4-d991-4e76-bc77-7ca185394e56,1538148976513,1538148976802,289
6275c8cc-813d-4935-9ec4-db4501a6038b,1538148972836,1538148973101,265
c10ea782-24f7-41e0-9900-e94d92a635e6,1538148958586,1538148958813,227
0bdfab42-fca6-4e91-995c-d138740a2d14,1538148953043,1538148953315,272
61adb9fe-0aca-42d4-9324-8694118dd7b5,1538148979031,1538148979328,297
c8aca4eb-d8ed-48d0-9917-60bfa343c977,1538148972657,1538148972906,249
a4cca9de-5251-4100-b739-d31b6b44c55e,1538148967922,1538148968205,283
9f1a19d1-3a2e-4913-877c-d1c52ef84f7d,1538148966649,1538148966968,319
86e8875c-68b8-4a4c-8e5c-6bfad4c2d937,1538148952386,1538148952741,355
8f70e1b6-d0a9-410d-b584-8084378a6cbe,1538148975875,1538148976121,246
cc5407aa-806d-4075-9bec-30e7cca273a8,1538148951833,1538148952290,457
b6579bee-7e13-4d66-b587-c2e9df06dab7,1538148965664,1538148965957,293
4e87a827-9398-40fc-9b63-6d50a13d08ec,1538148968601,1538148968906,305
43002076-3f0c-4e65-94cd-6f1fa653727e,1538148970962,1538148971279,317
da45f695-d88b-41df-87cf-032210e1a7b7,1538148962152,1538148962473,321
c8d7fff0-469d-4a47-99c7-3c1509ee5a6b,1538148952446,1538148952768,322
7e6afa1f-d9bc-4d97-bab2-503033fd255a,1538148961875,1538148962167,292
677c9cac-4f28-4683-9541-9bb2d53e243b,1538148970305,1538148970593,288
eff7af73-efe6-4904-ae5c-8247502ec6d2,1538148954623,1538148954898,275
1faef621-8ab6-43f5-9af3-749580a16d0d,1538148976576,1538148976830,254
134e4083-220f-46dd-8c49-752b94228a0e,1538148960749,1538148961065,316
9faa801c-e835-40f9-9478-225b865f0410,1538148975753,1538148976020,267
397166b8-8c72-4ba2-a64a-f54f0f7e0edc,1538148954738,1538148955041,303
c1f6bb6a-fa72-472f-b28f-131b88ec5370,1538148963431,1538148963760,329
2203717c-297c-48e3-b34b-86073e65cc30,1538148966126,1538148966390,264
9f884128-2531-4d2b-8264-9ca5621f8a3d,1538148961150,1538148961573,423
d3adeaac-e06a-42bc-a244-69ad9d2b420a,1538148963715,1538148964036,321
9b4e6f6d-1664-4fd7-a35e-97d311df1ca9,1538148978001,1538148978269,268
98ae1327-4aef-4e79-8834-e78272ada527,1538148979528,1538148979823,295
815e1189-3c98-4d41-9d48-c1b622562fe4,1538148969524,1538148969856,332
f0c11b44-c28a-4d96-9487-bf44eb875df8,1538148971072,1538148971397,325
6469eb14-0efa-4c7b-8e47-4398c84d3182,1538148956047,1538148956365,318
c918cedf-bd47-4353-a7de-db0f2b4d1b2c,1538148978644,1538148978913,269
9ee92945-bb60-4817-8d29-be7c36a55eed,1538148965720,1538148966009,289
c625ec4a-ae1a-4359-9458-c1133eefb049,1538148977364,1538148977661,297
648d8a36-6ff6-450c-9119-5bf54aca1955,1538148961483,1538148961839,356
e9b687b3-9f7a-441b-ba04-8a04c24bf557,1538148958978,1538148959380,402
a9bbb670-aea2-4c01-9ab1-5a113aad0768,1538148968200,1538148968577,377
c458868c-ae32-423f-bf03-e3e50d9738d6,1538148956161,1538148956420,259
ebf1f28a-5ba3-4d56-a7b2-d481cd070a60,1538148962097,1538148962342,245
5acca5f0-d41c-4259-a30c-b9dede7d2e46,1538148967182,1538148967477,295
d07673da-eb3a-450a-ac94-6a920a3ef58a,1538148970682,1538148970978,296
042672aa-435f-4e0e-85c3-e1eeb8342208,1538148953951,1538148954238,287
681b4e1d-5d6a-48e1-9221-8dbf419f8ec7,1538148968491,1538148968805,314
462a8f66-656a-452b-af30-4a43f6637f94,1538148970850,1538148971170,320
f923548a-fd39-480e-acc6-7742c1af4e30,1538148975931,1538148976201,270
f1e1c80a-ea0f-4ffc-b88a-a5853a44e7a0,1538148957177,1538148957474,297
bb894b5c-29b4-46fe-8e52-a73e2b3fe2ac,1538148960639,1538148960989,350
0c10e521-1820-4923-9ad9-ee0fa15fb11b,1538148953892,1538148954166,274
3a09e6e9-4b12-4e80-9e8f-4fea03015eb0,1538148974516,1538148974825,309
cc16cf7b-58f3-48df-b1b1-e37f57ee7655,1538148973119,1538148973433,314
f8fb6553-854e-4fc7-a1f3-0de6495ae26b,1538148977529,1538148977831,302
f4991ab9-f5cf-4c55-8f5c-99b310c3eff1,1538148969635,1538148969929,294
62e58531-b6b5-4a83-83d0-84a9ed5b53f3,1538148968265,1538148968632,367
caeb1f9e-9595-4d7d-855b-4e69a8019e0d,1538148979307,1538148979581,274
7e9c71ec-acf7-4e78-befd-4e9776ba3abe,1538148954233,1538148954584,351
7c7d9659-ace2-47eb-a5bd-589a4692334e,1538148968089,1538148968449,360
2c15e509-cdb4-4c62-bb05-a467c87120c6,1538148950878,1538148951189,311
6c1ddf47-c4c1-44bb-9100-91a6f43fc30a,1538148972078,1538148972487,409
6fdfd8cf-1fec-45fb-a904-e81af6f33f82,1538148967751,1538148968014,263
bfd5204a-d642-4e22-8265-b3e3386e979e,1538148953386,1538148953629,243
38fd2f21-4ffe-427b-8e7f-fe3fa9ff77ff,1538148949479,1538148950123,644
9471d9ba-8c3b-4401-854c-43b4bbec2aed,1538148950754,1538148951029,275
5c64e67b-9d74-42cf-b603-76a682c9a721,1538148971746,1538148972169,423
f793da93-ac5c-41e0-b083-738f424ef086,1538148953837,1538148954123,286
92639fa4-2c81-4030-b265-5b542ac98396,1538148955532,1538148955854,322
1694b8a1-7311-44c1-b303-181013da83d6,1538148975130,1538148975380,250
cc1623b3-ffa5-497c-b1d7-5e99a5deb479,1538148952275,1538148952699,424
5e2834b2-b04f-4309-a409-d7337139379b,1538148955767,1538148956074,307
2c100c29-0424-434b-9b51-f7e1ed1b7364,1538148979473,1538148979746,273
bf2cf5c7-3c1e-40ee-b203-807b086a1aa6,1538148955359,1538148955785,426
4fb777a6-26e7-4b22-9f9f-d2f0fcae8eb6,1538148949686,1538148950186,500
19f70ccf-7fbc-4230-9fe5-428cb7c97886,1538148955825,1538148956144,319
4f763dbc-a19c-424b-856a-f64a929a34b9,1538148960473,1538148960813,340
425fa474-91fa-4ebe-9751-76fae5324e5b,1538148968144,1538148968508,364
b14a95eb-b79a-4fa3-bdee-0238527af6bc,1538148978111,1538148978386,275
80d101aa-71eb-4aef-8fa8-d4dee4fd9928,1538148978534,1538148978805,271
38df96d8-79f6-4dbf-8b5d-55dae06cc464,1538148950324,1538148950577,253
2500a582-62da-404c-b493-119dd60c5f7c,1538148965162,1538148965439,277
f04047ec-b78e-48de-b062-9d52ffe31d11,1538148972242,1538148972648,406
1430aa25-ddea-4861-94ae-34e8684dec90,1538148974184,1538148974471,287
c943d2e0-d5bb-4759-9d75-3a6275b537cf,1538148949814,1538148950237,423
11226807-bec2-484c-8c15-70b2d8c623d8,1538148951444,1538148951798,354
e728c787-3c1f-43bf-864c-2d577fe6d6a3,1538148966593,1538148966893,300
45e25a69-aa0f-4c30-a3f2-ba860fab2ab7,1538148974685,1538148974986,301
0c535892-d336-4d1d-91a6-e47f2acd16c2,1538148973905,1538148974156,251
,,,
Average Response Time:,311,,
Minimum Response Time:,217,,
Maximum Response Time:,879,,
TPS (Transfers/second):,16,,
Standard Deviation:,187.5542588159,,54.9109782746
,,,
Total Time elapsed:,30774,,
Number of successful transfers:,500,,
