af7724b5-c093-4c85-8fd4-e97e5792eb41,1539793626804,1539793628937,2133
897cc27c-0dd0-4271-9c8b-7db9a9f3fab8,1539793630057,1539793660042,29985
99695766-2c4e-4051-bd68-4cc64bc5bb95,1539793627516,1539793634914,7398
b8142371-184e-4d77-bf45-ac303270ec0d,1539793628182,1539793641348,13166
eae1ec6d-7487-407c-aca3-6ef354d4ce40,1539793628972,1539793649304,20332
19711005-85ad-4348-bcb1-183ef59dd378,1539793629629,1539793655891,26262
04b70f08-efea-4b7f-9b6b-147d5c317c1a,1539793628155,1539793641159,13004
1f7fb426-795e-430c-b044-b29b7bef140b,1539793630049,1539793659906,29857
505b03e9-4ca4-4226-a508-5c41e9a2be3b,1539793628824,1539793647834,19010
4419c3e1-f59c-480e-91f5-b4fd5876cc7e,1539793628581,1539793645475,16894
9085e146-5216-4087-ba88-d3f8ea2143c2,1539793627253,1539793632880,5627
41bf5c8c-343c-4051-b0f7-784b6004950b,1539793628838,1539793647921,19083
c3ad4d48-ec2f-4db2-8781-6f0266abd9f4,1539793627855,1539793638453,10598
d2854a4c-7d4c-4355-9d11-ad0addc8ea8c,1539793628120,1539793640858,12738
58038e29-40f6-49f2-9802-3743e1139966,1539793626999,1539793630381,3382
7bc293af-66a2-4037-99d5-eed130fbc406,1539793628514,1539793644641,16127
1715a512-9c46-4a28-8e94-5fab689db1f6,1539793627021,1539793630603,3582
5feeb3dc-9e2f-40cd-af8c-2258addda84f,1539793629129,1539793651010,21881
9fbfa078-6fbe-4d67-823b-7fb324eff072,1539793627325,1539793633465,6140
ce503b3f-bde5-40e4-acb1-551a2d5bcf23,1539793629433,1539793654125,24692
c022b114-4cac-4f34-949b-cd04288f7352,1539793629587,1539793655519,25932
103de3f9-20b3-4224-acc1-e93fe50949cc,1539793626646,1539793627538,892
def33ffb-6ada-4ee8-8dfa-529aa6e9e2ff,1539793628045,1539793640237,12192
f9ed9d6d-7b7c-461a-8533-8c4ae3cc239a,1539793629056,1539793650240,21184
760c35bf-5cb7-4860-8718-85295919bf49,1539793629607,1539793655706,26099
504fe477-b615-4f2b-ace3-34c4ca3d1c8d,1539793628169,1539793641220,13051
ffb20c93-1e96-4288-ad95-aa212f1d9b25,1539793628340,1539793642925,14585
a96dad3a-6a31-42a7-b3d8-4e702601429f,1539793626579,1539793626976,397
7d062156-d942-494e-874d-cfdb958303de,1539793629867,1539793658431,28564
65213998-20f6-4ff6-835c-6f6667f33593,1539793630871,1539793666178,35307
cb4dea32-7d3e-43b6-84a5-409ee3685db4,1539793628112,1539793640794,12682
b18e52d4-c48f-4c12-a143-bd0b7bc64eec,1539793627204,1539793632308,5104
4728d596-866d-4d77-a238-dcdc4ad5e1fc,1539793630843,1539793666079,35236
8817bbef-9f96-4516-ad12-001fb281a2a8,1539793626744,1539793628396,1652
55e1bf48-e94f-4aa4-bc6a-72a233825189,1539793626978,1539793630215,3237
db68c20e-a004-4e15-9b1c-28d35f98cdc0,1539793629495,1539793654783,25288
2d511954-56c6-4ef5-8a00-0c97c4994fb3,1539793630195,1539793661362,31167
285a969d-aa35-4c34-aa16-a831a27f2916,1539793628456,1539793644178,15722
a582fb6a-827f-415e-8d6e-c47b552e172e,1539793627822,1539793638161,10339
9722c336-5c5b-4344-9e29-bf1eae3d1e24,1539793630942,1539793666406,35464
b7b5989c-36ba-4d38-ab0b-18c25d673a0d,1539793627768,1539793637553,9785
f77a6e76-06e7-4fca-aaee-75286d581df4,1539793629755,1539793657187,27432
3593ece5-27f4-451e-b5cc-c0d8815d4e7c,1539793627989,1539793639667,11678
4b63c011-67b2-4b62-9561-2054d9074909,1539793630913,1539793666313,35400
fdf6f219-4193-459c-9a0f-7b027e9cd09d,1539793629424,1539793654048,24624
ae41de21-e88f-4403-b4cf-68c7f69e4b4f,1539793630008,1539793659611,29603
38e0a6ee-da3f-4c69-b65a-4f15ef06500b,1539793628095,1539793640621,12526
4a319ff7-62c5-4cb1-974a-9a1d499fcea0,1539793628881,1539793648409,19528
184463a1-3b93-46b3-97c8-fe5d0e83228f,1539793630486,1539793664197,33711
1d202ba2-8e70-4002-ae87-b778838f5e1e,1539793630083,1539793660242,30159
420d6351-9a90-413b-bfae-5c5c0c656d88,1539793628235,1539793641853,13618
c9ae6c29-0e98-4289-8423-65c89e037a25,1539793627898,1539793638926,11028
35e86546-934b-4af4-ba02-a1abf7a16df3,1539793626969,1539793630176,3207
3c383ec8-46a7-4f03-a7da-2eaf2a50c31e,1539793630539,1539793664657,34118
4211cd6d-5a32-4daf-bc9e-de457a62927a,1539793626775,1539793628667,1892
c32433d4-af46-493f-a8fa-753b5edbb14d,1539793627293,1539793633157,5864
5aa00d40-d499-484b-bd99-9cda01f019cf,1539793626904,1539793629672,2768
ace071c3-4dc7-479b-986f-733c8480cc86,1539793629017,1539793649874,20857
e3578b61-c151-49c1-af45-7701e6efa9db,1539793629179,1539793651596,22417
39cf9ce2-fdf4-4cad-aca8-6ef4fc328a04,1539793629646,1539793656025,26379
82176bb5-b6ca-475a-8c39-b4304c20af10,1539793629475,1539793654563,25088
75a942a4-5ef5-4b1b-b897-725e2b7d062d,1539793626682,1539793627914,1232
7e3c9b1c-42d0-444f-8690-33d86990744f,1539793628151,1539793641116,12965
f6ea2150-2ae2-43b5-9452-b3c77f68d531,1539793628564,1539793645177,16613
f6d112c0-ea47-42de-8b13-c42fd31bfd35,1539793629220,1539793652192,22972
73692073-48c4-4f16-b9f5-271b85f0f9ce,1539793627149,1539793631890,4741
b916ac06-986e-4291-9e2b-49dd20365e98,1539793628720,1539793647033,18313
04f01034-963a-496b-beb2-f79c34c33bf3,1539793627779,1539793637703,9924
97e21266-56b0-4079-9f01-ade3167fd4b9,1539793626628,1539793627373,745
7c0a1df8-2521-4664-8067-95df35f5af49,1539793629859,1539793658355,28496
695d4e3a-9311-43e7-ba81-f2448ad9bf1f,1539793630946,1539793666423,35477
51844e5e-96b0-41cf-ba35-b3c1cfad2d73,1539793626934,1539793629893,2959
af716af2-9cf9-4770-8e27-dbe2621c9849,1539793627026,1539793630633,3607
e9e04144-8064-489d-b779-f070942d32b7,1539793627539,1539793635037,7498
94e44c92-8262-4196-9c1b-3b815373ac3d,1539793630390,1539793663108,32718
99c836b8-5fbd-48c2-9f79-e01ad53fa3f6,1539793629525,1539793655148,25623
7ed7b242-3fdb-4089-a1b0-340a70fcd352,1539793626917,1539793629761,2844
8eb6719f-d791-40e2-9b6a-a61e36a01586,1539793627111,1539793631582,4471
e70bad2e-6e73-4ee4-aaf5-13db5b05cd4e,1539793628436,1539793643958,15522
8548eb55-9748-4eaf-a782-fa796cbf9235,1539793629295,1539793652941,23646
c1d6f59f-2222-464c-b9bd-1810666bfc09,1539793628332,1539793642846,14514
c6110737-160f-4695-a9e9-5ca918019854,1539793628328,1539793642833,14505
1a148bc1-c374-424d-a63a-0bf7809695d9,1539793630934,1539793666379,35445
eced3169-7630-42d2-b581-9add5a9e8b8e,1539793628643,1539793646295,17652
7c5836f9-5f25-4cef-896a-85a975d9f330,1539793628704,1539793646939,18235
5359a4df-9043-4d5b-877e-54d496bbea7a,1539793629348,1539793653439,24091
37c764b1-d2d5-47e7-89ea-61ae4e6624da,1539793629323,1539793653232,23909
0deb4364-1cd4-4ad8-906d-bd7bcc645c96,1539793627425,1539793634031,6606
2e95f307-dd19-4cfd-878c-43a0194c0ae0,1539793628473,1539793644316,15843
ecfcd385-17d9-4914-8d0f-0e93efa5279f,1539793628378,1539793643322,14944
5a91d24b-8ad0-4c45-b8a7-196a5a5637e5,1539793628647,1539793646323,17676
a86514e7-732a-4b59-9746-b42cd4829a07,1539793630744,1539793665705,34961
a388bc75-4319-48d3-aa5c-334c3dd01eac,1539793627712,1539793636926,9214
9c9b2270-2038-4132-9239-54876b0061ab,1539793627012,1539793630502,3490
610f56f2-cdb3-4528-92fa-1b8571ff559f,1539793629921,1539793659039,29118
3102cd6d-4399-4532-9f5f-93ec1d84152b,1539793627158,1539793631946,4788
0884dd30-d91a-40cf-a4d0-da549c0ed1b3,1539793628274,1539793642309,14035
d6206e65-dd3f-4273-b152-4c72762b341c,1539793627674,1539793636442,8768
2513adad-8108-463c-bd8d-4a639e662d20,1539793626753,1539793628503,1750
56cfd7f7-08c5-4fd4-ae53-803e9f8b6068,1539793630125,1539793660740,30615
cb64946e-eb29-42c6-9bcd-dd1ad8b50ccb,1539793627224,1539793632504,5280
4d294abd-526c-4299-9791-cde4cfca3dba,1539793628369,1539793643209,14840
a383e2f4-bfcb-4689-99a3-8d62bf6c5d26,1539793629336,1539793653331,23995
46bb3433-d327-469f-9caf-e9feca3a9707,1539793630457,1539793663798,33341
d124a69b-563c-453d-913c-ae37335fc14f,1539793627379,1539793633940,6561
19174cc9-9147-4abb-85e6-e5513770d355,1539793629001,1539793649624,20623
dce30a7c-f9f5-41b3-9f7f-5369aa6e88c3,1539793627199,1539793632265,5066
a3c20ff1-290a-4ff9-9e17-4965c0faecdb,1539793629075,1539793650420,21345
0d59cc84-a81f-493d-8a35-65235a05d5bc,1539793627508,1539793634842,7334
4755f431-87eb-4c3a-9ec6-3285c1710cd4,1539793630651,1539793665420,34769
67f93963-ddb8-4b36-acd3-390b80132541,1539793627525,1539793634959,7434
fe8dc098-1643-4215-8bca-8f29ff7b0701,1539793626664,1539793627703,1039
7a0c98d2-56a9-4d70-b8cd-8ef8e277f8a7,1539793627616,1539793635778,8162
d51df17c-422d-47bd-8e75-bb8a965285ec,1539793627968,1539793639486,11518
98d19a08-eaff-42ca-84fa-4a91b3ccbb67,1539793629407,1539793653942,24535
a2d0c3b7-4a8d-40b2-b396-3f061e075904,1539793629719,1539793656723,27004
2af41b5c-b89d-4195-b679-cbf37def6c49,1539793629884,1539793658577,28693
2cd47e7b-a88f-40c6-a1ec-e6faef12035b,1539793629204,1539793651957,22753
3f4ff06c-78eb-4f26-a51a-0bfc211282fb,1539793630263,1539793661884,31621
daaf502e-c264-44f7-9fe0-e4dc8d3c4a24,1539793629999,1539793659553,29554
8fde4083-298b-4121-9bc2-0b873e684b7e,1539793627877,1539793638674,10797
6ffc1205-0c9f-4ca3-81b6-a5cbda8d1569,1539793628871,1539793648327,19456
fc54e755-f639-4d93-b639-cac96d95b497,1539793630892,1539793666247,35355
881b0db9-b1f1-41ca-9bcb-148eeb069a91,1539793629987,1539793659438,29451
19ed7f8b-459d-4d7c-940f-e4c02e1d4c38,1539793629134,1539793651103,21969
4199dfd1-0dd4-4a77-b7fb-38edce4e85fa,1539793630772,1539793665843,35071
fd3e0313-6680-403a-94c4-e0ae8b948bea,1539793627474,1539793634412,6938
20ffff30-1cd7-40a1-b46f-98f9eb6494f9,1539793628504,1539793644541,16037
f4f5380d-26c7-44f4-b36b-cae55c7313f8,1539793630137,1539793660837,30700
6324ddbb-97f3-4276-ad82-1d5e78cfff20,1539793627338,1539793633589,6251
d0a1b861-6f72-4ba5-8606-1bd0fc8cd2fc,1539793628210,1539793641603,13393
2cc0eb21-8517-482f-b071-bb32ebb93cf9,1539793628639,1539793646166,17527
d9a93d40-a7ce-46a3-a533-9f73ad310998,1539793626925,1539793629835,2910
bd5a9d38-1ebc-48ff-b270-c2eaaf2a47b6,1539793630231,1539793661574,31343
b75fb249-47c2-4a50-8d0d-51eda93d642f,1539793630179,1539793661236,31057
b521d8ab-02a5-40f6-827e-aff82af158f5,1539793628222,1539793641761,13539
495bbb2f-8b20-4afd-9156-fb3cab84c10f,1539793626619,1539793627300,681
edd06609-7785-4dac-80c2-f5687946c052,1539793627881,1539793638743,10862
4e0a5052-2bc9-4dc6-a74c-79ee46b16389,1539793630593,1539793665096,34503
14f29efd-c576-4777-bee5-ec1d3a0d9fb6,1539793627985,1539793639637,11652
d565224d-2e32-4c79-8c29-c72c95d0e182,1539793626942,1539793629937,2995
b25c773d-6432-40c0-8f2b-88777c1accea,1539793626762,1539793628580,1818
b35c527d-ef27-4738-b0fa-327ac44356ee,1539793627565,1539793635305,7740
de6c6378-d86e-4b88-ae0d-6b16f919bfb1,1539793628968,1539793649262,20294
279ce24b-6268-48cf-940b-88852e2a8c36,1539793630213,1539793661459,31246
2ef5571e-bb86-4bb2-87bb-ebd8c23c2041,1539793630217,1539793661486,31269
b95480d9-fac6-4854-ae6a-970cf98a2c6c,1539793630301,1539793662304,32003
b62e6476-e923-4737-b23d-da57abca2031,1539793628335,1539793642912,14577
689383dc-5e4a-4fef-9d8f-c36714a933aa,1539793630415,1539793663365,32950
3aa1470f-6957-4a6b-be30-57a4d5f65983,1539793628344,1539793642987,14643
88ef1bfb-20d0-4648-9180-b2dde9e26355,1539793627776,1539793637607,9831
4351f7df-a09c-472f-9833-f59410358baf,1539793627281,1539793633113,5832
a47373f1-25e2-4094-be6e-fef2d8fd75d7,1539793628116,1539793640830,12714
ac59b4f9-3953-46df-b300-d8e8185f3500,1539793629283,1539793652800,23517
34187b75-434c-40f6-a52a-1e49f82fc5c2,1539793627120,1539793631629,4509
a8f2f95b-2fe4-4c48-b7b6-43af0c04bb2a,1539793630708,1539793665595,34887
575b9c2d-2f11-40c0-a4dd-f7b24840a60d,1539793626721,1539793628162,1441
52ad09ac-dc44-4a80-9d3d-c8e53c13c490,1539793628989,1539793649456,20467
31f39a84-7b0a-4001-9144-4dcf69daa23f,1539793630121,1539793660705,30584
36729328-968e-40e2-8fb9-44fb55314a77,1539793627723,1539793637020,9297
8110abf3-29f5-410f-896c-65c8348d4041,1539793627175,1539793632123,4948
a2a834ff-d4ce-4a60-a31d-efef9548c518,1539793630225,1539793661543,31318
af225b49-a5ae-4ead-bc89-b826378b237a,1539793630490,1539793664233,33743
3ab8bb46-d30a-4547-b908-36720b6163e6,1539793627061,1539793631103,4042
570a2c4f-834f-4330-b492-0b56125ba080,1539793628323,1539793642796,14473
3dc57c49-2d13-4daa-a103-3d853373ee46,1539793628623,1539793646041,17418
1fb87298-9be3-4a15-8bcc-b11d34c8e0cf,1539793629332,1539793653291,23959
086d22c7-bce6-40f3-8d36-a5e1fa639f46,1539793630292,1539793662149,31857
945ebbe5-50d1-4013-95af-cad35cd84043,1539793628786,1539793647463,18677
1d76b8aa-8876-4c95-899d-4a336629ce7a,1539793627457,1539793634233,6776
09df69aa-6f4e-4c56-8eb2-2f22a3598aac,1539793629366,1539793653592,24226
05f09823-e6cb-41b9-9ae3-2292857e8bc6,1539793628984,1539793649442,20458
30b5d744-dfad-4078-b7d7-b8472aab663b,1539793627017,1539793630542,3525
f869d35a-876a-41d3-9692-ae3ee5b63088,1539793627834,1539793638253,10419
807c4cfd-b5c8-4585-b8da-52564760c002,1539793627220,1539793632463,5243
4e91a84a-9c27-4ef5-99c7-7104f623e9a1,1539793630929,1539793666367,35438
4b7be898-e6e1-4c14-8bf0-70a5f1b88c54,1539793627931,1539793639182,11251
1a6fc7e1-4472-4c3a-903b-0e3e61839973,1539793629096,1539793650658,21562
e922ed6b-b010-4732-87a7-51fc179a09ee,1539793627187,1539793632198,5011
9d33689e-6fb0-44f4-81a7-c5d8681d9498,1539793628465,1539793644251,15786
fa2388a4-0b48-41d6-b0be-31b1b5a7c8da,1539793628931,1539793648977,20046
1f867555-8c94-4c75-b098-4f78e5c54f9a,1539793628611,1539793645827,17216
6795525a-5025-4df4-8c01-e6aa07b13187,1539793627894,1539793638868,10974
df1f5de5-cbd0-4c50-9390-4664687db73f,1539793630251,1539793661817,31566
0f8f87f6-fafa-4ff7-a553-72447f1260b4,1539793629356,1539793653494,24138
69b61cb3-1612-41d1-b966-cc946099a89e,1539793628001,1539793639842,11841
3295e4d8-c9c9-4846-a077-85c7ff545637,1539793629759,1539793657215,27456
e7dd599e-e343-4312-8143-2bd91fbacb2a,1539793629538,1539793655160,25622
5ed82f96-2ab3-40d5-ae5f-e074913a3884,1539793629352,1539793653479,24127
378db45f-573a-4fab-aa61-9da23b640ab4,1539793627232,1539793632630,5398
9da084d5-6acb-427e-8dc6-4d6f8939905b,1539793630812,1539793665978,35166
02b1cf84-7cad-40dd-8b57-f5e54a6fc6c1,1539793630796,1539793665924,35128
202c7648-7edf-4893-a319-a4ae1769a891,1539793629553,1539793655245,25692
031bcf76-637e-45dd-99bc-45e11ab8db03,1539793629830,1539793658020,28190
af73d656-0cd3-4491-ac39-4a8f8e464d54,1539793628542,1539793644890,16348
8887c5d5-f572-4e07-9bac-fc238dcde736,1539793627863,1539793638559,10696
6d8cafe3-eb08-455f-ad40-6c817399f8a9,1539793628443,1539793644038,15595
c81fd08a-e4bd-45d5-a92e-3b51c672b0b9,1539793629013,1539793649840,20827
2fd3da01-6625-4dae-9657-d31c4e483d72,1539793629079,1539793650455,21376
6e1aa737-362e-41f2-a3d1-61dff1c90d6a,1539793629714,1539793656690,26976
5dfcc23d-b5c6-4c42-9716-1a52af65900c,1539793630847,1539793666093,35246
c5b3be60-59db-4d11-a3e0-ddaf6c40b35d,1539793630917,1539793666327,35410
7af12a28-32cd-445c-9f2d-75a095e2d027,1539793630747,1539793665758,35011
cbf2b936-bf30-432b-b2b5-35feabc35d28,1539793630175,1539793661222,31047
785024e0-9394-4dd5-9010-31e63aa26e1c,1539793626739,1539793628367,1628
644fd105-3030-4dee-828f-13ee2f050496,1539793629797,1539793657610,27813
83893837-e55e-4bed-8bcc-459a0ad360a4,1539793630905,1539793666287,35382
139e420e-b5d0-45b4-a9f5-05d108d7743d,1539793627482,1539793634458,6976
fd569691-9779-4373-9cca-a697b250268f,1539793628487,1539793644392,15905
c35b14f5-2133-409c-8f6b-db4748b321aa,1539793628423,1539793643847,15424
e7a50094-3e40-4852-9038-5dc7fbbf644b,1539793628387,1539793643390,15003
e4808a01-972b-4b68-ad4d-8e722972d8ae,1539793629171,1539793651495,22324
8a0b48f6-4c05-4130-bdbe-a741de82342e,1539793626695,1539793627976,1281
27e81499-7d7e-4f5b-bd3a-cfd01f67a3f1,1539793628407,1539793643606,15199
cd850152-c129-4884-82b0-908eaa1766d1,1539793630277,1539793662065,31788
45d4c498-1726-40c7-b52f-fcd762e5ced4,1539793630574,1539793664945,34371
aec115de-d699-4e5d-8e0a-bfc6e4dc50fb,1539793627103,1539793631474,4371
25ddf7ab-fe7c-4f8c-9cec-6911fb07c0fc,1539793629838,1539793658143,28305
98a8a57f-51a0-4650-9dca-b60f2abda7db,1539793629975,1539793659376,29401
0adb68ae-509a-440e-adcb-bb97c2647dac,1539793630069,1539793660120,30051
ace36ddc-e86a-4300-91ed-12176b479d4a,1539793626615,1539793627262,647
2b1d2b2f-7ec8-4cf2-9f49-6f330742fcd2,1539793626668,1539793627755,1087
574ba5bf-5ec6-4734-85f1-3c0ae213c473,1539793628832,1539793647898,19066
6141d4f8-8a29-4e22-ac35-23ec4de93022,1539793630315,1539793662409,32094
74335aa3-a434-4f1f-a11c-77959490d167,1539793628945,1539793649064,20119
d9604bf6-273a-4269-9884-ff1b5c050bdf,1539793629212,1539793652115,22903
754e4eb4-a44b-45be-a4c6-e264ec885eb3,1539793628160,1539793641174,13014
af71da53-bb50-4575-8649-fd0e72a60a64,1539793628603,1539793645722,17119
497d0fb5-846c-4040-8b2c-9bc21af9abf4,1539793626602,1539793627176,574
3804112a-a2a4-4b09-a683-38cd702adedd,1539793630235,1539793661624,31389
4e0aa5bc-0b99-4cd9-b008-9b22a89f1c38,1539793628142,1539793641031,12889
3b145d9f-2492-4e37-989e-2a8d4bee5d60,1539793627053,1539793630993,3940
0cf1a6cd-be7e-4238-bb4a-46bd4ce22b29,1539793629138,1539793651137,21999
6d40f6d5-104f-4d37-8dc5-c0ad7bcc46c0,1539793630141,1539793660894,30753
b255bf2a-a57e-4292-8111-b176cd2e7c47,1539793628036,1539793640173,12137
f91e5135-0005-44eb-85e8-b35eae836f61,1539793628303,1539793642634,14331
d49ef60b-68de-4558-8fe7-4b35056bc9fd,1539793629925,1539793659054,29129
b094a969-67bc-4519-9254-8e4b2bd9de7d,1539793628807,1539793647651,18844
aa5250fd-81ef-485b-8eae-796325f4684f,1539793630039,1539793659801,29762
78d5ec5c-175c-48cc-8c18-f596342b4ffe,1539793627573,1539793635406,7833
48f82551-8cfc-43f4-91bc-4e494a0d16bc,1539793630544,1539793664728,34184
7e011f17-f3fd-49de-909c-da733765b7db,1539793628419,1539793643808,15389
ea1aae51-e727-4c33-9e1d-a1fd8ce8b68d,1539793629763,1539793657307,27544
e3cbfa23-141f-4eba-9002-4c8300619a3a,1539793627764,1539793637535,9771
6a499b7e-7812-419b-abae-e0dd34c14aed,1539793627367,1539793633850,6483
9a681338-9a31-40a9-af05-f80a800883f5,1539793630681,1539793665529,34848
a9f63fa7-aa82-48e1-8e16-e5023181596c,1539793627261,1539793632974,5713
f3cab3e7-be16-4fc2-9342-d86f973841c0,1539793627470,1539793634398,6928
4affc9d5-ac2e-4f70-a7e8-52a7af74dc32,1539793630623,1539793665333,34710
bb71daf6-f273-4e54-8282-cf220e638511,1539793628356,1539793643082,14726
7d7dfe09-2df4-4c14-a4ff-9a34c7a4e8e0,1539793629159,1539793651379,22220
63ff0b60-9006-4354-a61d-7f302584b447,1539793628842,1539793647987,19145
32fadcb7-d8a1-4a26-8513-b3f663912a48,1539793627091,1539793631393,4302
ed0dfcc2-7853-41c1-84c5-d3ad9a2a2d68,1539793629595,1539793655585,25990
a6717807-8d7e-48cf-842e-dab5ca3d69f7,1539793626606,1539793627214,608
2623d4b6-e17c-48e4-935d-e9919dbb312d,1539793630517,1539793664479,33962
dfd1cbc7-040d-49e8-98a0-e5c8d61aa5ba,1539793627739,1539793637235,9496
65b9efb8-7757-4172-835d-82f022c69d29,1539793629254,1539793652534,23280
d8235962-9ee1-49f9-a850-c75c55dec025,1539793627466,1539793634357,6891
73f89c0b-fc88-47ad-992a-62d92644fc7a,1539793628091,1539793640584,12493
11d3bd8f-4c81-415b-8f52-857f580b04aa,1539793630474,1539793664109,33635
5cf2f52f-5297-4acc-a4b2-e547d9baac01,1539793627145,1539793631828,4683
5e4443ec-f79d-4f64-a245-dae92d2ad28f,1539793629896,1539793658663,28767
4f474dc1-faf1-402b-8061-e723e64928c3,1539793629083,1539793650469,21386
2a2c0d96-989d-4ac9-855a-97a2f32d7611,1539793628681,1539793646662,17981
eeb0c67e-9569-41ee-ad5c-9642b03c991c,1539793628907,1539793648748,19841
72bb1de1-000d-4f0b-8d8e-80d655808cde,1539793630044,1539793659871,29827
00d046cd-cbf9-4422-9193-ec6ce6235edf,1539793626779,1539793628682,1903
f6885be9-cb38-4ede-832a-1ce51386e04f,1539793627191,1539793632223,5032
256f81df-56d1-4736-8260-11f95ee2e3ef,1539793626930,1539793629849,2919
f5918897-bc41-4d00-bbe2-5275afc457ed,1539793629200,1539793651897,22697
f94508f0-9909-44e3-ae9b-7d281f39e4aa,1539793627359,1539793633803,6444
7fd205f3-3769-4747-86c7-8d6a1fbbabfa,1539793628728,1539793647074,18346
55e31cf6-fd90-4f82-8aab-bd583681853f,1539793630191,1539793661347,31156
fabebbfa-af05-436b-9d92-caf75da93511,1539793629344,1539793653381,24037
637cf492-7679-40e5-9b48-4d91f1c40407,1539793627696,1539793636721,9025
cc21bb41-60be-4355-875c-196919088835,1539793627885,1539793638775,10890
082ed70a-1052-40e8-b881-fde73f6c5e5c,1539793629825,1539793657988,28163
0f708cc1-da1d-40dd-a7a5-84116c568858,1539793627313,1539793633297,5984
8dc5e6fd-f167-430b-9620-be92e015a617,1539793630755,1539793665787,35032
681a69c9-76a0-4f5e-b8c5-a06b280c9766,1539793628483,1539793644378,15895
d7bd0fb0-e49e-44ca-b2c4-7de6ac0f00de,1539793627241,1539793632783,5542
86a8fae8-c9c9-4e22-88c2-887e6f7c9872,1539793628980,1539793649378,20398
9a498478-68f2-4f77-a31c-a0c954061d6e,1539793629983,1539793659401,29418
84bd97f7-af6d-457f-b4f5-15a09b2b2392,1539793627731,1539793637148,9417
bec6ebba-6912-41d4-b7d7-b5a3b4a51289,1539793629942,1539793659194,29252
78a3e4f3-18c1-4cca-ac6c-197be8ac2ea7,1539793626982,1539793630257,3275
b26a8b25-df5c-4318-acc0-143b1812e094,1539793626766,1539793628625,1859
62f96efd-e962-46fe-8eb5-a77051e37651,1539793627438,1539793634112,6674
98681f24-c05b-4368-81e7-c7104a288a1d,1539793626757,1539793628561,1804
3818edbb-879a-43bc-ae31-669b33df0aef,1539793627329,1539793633499,6170
2dd5ef86-b895-421e-b637-6dfffcba1e97,1539793630101,1539793660420,30319
c0fa57c7-1e5a-4e45-a048-d4e54ebd9c3c,1539793626678,1539793627883,1205
f765b7f0-2b82-432e-814d-5c594773508b,1539793629021,1539793649924,20903
436f08f5-774e-4da1-854d-553f78a1f02e,1539793630305,1539793662318,32013
a73d95e5-f95c-453b-bede-360297968bfd,1539793628374,1539793643283,14909
5958fec3-2b1d-4b3e-9398-4f2bbd9083db,1539793630183,1539793661265,31082
e0179b12-7475-46aa-a69c-bd13dbe21d1c,1539793626791,1539793628813,2022
4224b935-ad8f-4a94-a61b-ae89b6d1b24e,1539793628063,1539793640346,12283
d7194972-c7b9-4ed6-8440-bc12cf883ff0,1539793630677,1539793665516,34839
5b146a73-90d8-48f1-b3cc-8a907e509b40,1539793627124,1539793631690,4566
9d6f5e4e-9e38-47fe-8c75-555367c2d6fa,1539793626879,1539793629447,2568
1d2178a9-9589-4219-8da9-2ab3b767cb3b,1539793628790,1539793647495,18705
06d5dd6f-d541-4147-87cc-7cff42e7d5ca,1539793629616,1539793655785,26169
6e460e27-86eb-49cc-a0c1-8331fee943e3,1539793630087,1539793660304,30217
095378c5-c36a-432b-a39a-12227ae48043,1539793629224,1539793652243,23019
847075e6-7e08-44b7-ba27-f657a18e1226,1539793629467,1539793654500,25033
51304566-218b-4f2f-8252-822cf8e1fc9f,1539793626954,1539793630072,3118
6535ffd8-dc15-4c20-beba-99b927f5f829,1539793629967,1539793659329,29362
46ae7a43-ddbf-495e-b72d-b9ae6ada2973,1539793629658,1539793656168,26510
7634e398-26ee-4864-acca-cd83497a8d32,1539793629266,1539793652653,23387
ded7ab84-081a-47f6-9917-6d0e9ba1e099,1539793627044,1539793630891,3847
007a055a-af3b-4dbc-a307-b5058f0363c7,1539793628555,1539793645081,16526
c631f495-6ea6-4118-a6f8-a3cdce9e0e00,1539793627826,1539793638195,10369
cabeace3-5c4a-4139-bae0-aabcdf19fa76,1539793628201,1539793641511,13310
3dca2cce-b685-432b-955f-cb44e18640c6,1539793628244,1539793641970,13726
390aa421-a5b7-45a5-a0af-2ad25ef21b96,1539793626991,1539793630323,3332
d4181ca4-f96d-4f93-ad8e-ee74db8f5e05,1539793627321,1539793633432,6111
6937b4a7-02fe-46b2-8ebd-f3697b5eafcc,1539793630154,1539793660962,30808
308957e0-6d7b-4734-bf6e-8bb9e1be60dc,1539793630133,1539793660791,30658
e4534a7e-3494-489d-85d0-ef0072d30164,1539793630209,1539793661447,31238
d6a5caa8-689a-43f1-834b-07177a21d3f5,1539793628863,1539793648262,19399
8fed22a1-8030-45fd-85ce-6385545effd4,1539793629710,1539793656649,26939
dd283218-05e2-4a9f-8630-980f998e48ec,1539793629946,1539793659220,29274
cec9f250-24d2-4a7c-a518-e7fea7ca9135,1539793629562,1539793655294,25732
bf9c28c2-a3c7-46b5-ad8a-4d54fdf0b25c,1539793628265,1539793642240,13975
cee2bad2-e30c-4a76-8de4-f20e40c940fd,1539793628673,1539793646600,17927
b83b9e41-7d76-4d8e-8db6-5cf824e01f28,1539793628022,1539793640003,11981
55657ad8-9268-4acc-a9ef-d653dc7d8dd8,1539793630386,1539793663089,32703
d22bb5cf-08eb-4301-9c20-aa64d7369600,1539793630061,1539793660068,30007
af5fe746-f795-4fb6-8263-ed289652a0d8,1539793630201,1539793661390,31189
2940db46-1da4-42af-9ce7-147ae513a745,1539793627631,1539793635916,8285
20d68fee-9486-4450-a420-9a81c60a0c17,1539793629855,1539793658302,28447
f412f6fa-7228-4f7f-b307-7c83803999c9,1539793628452,1539793644131,15679
a427a865-980f-4d7f-bebc-494ce39f0e70,1539793630735,1539793665677,34942
3123168d-6aa1-4d12-8c8b-b1b5d79500e0,1539793630775,1539793665857,35082
70ebabcb-5c0b-40cc-bec0-7fa340c2d133,1539793627212,1539793632361,5149
1ed001a0-bad7-41ab-888e-644a1cc41d6b,1539793627902,1539793638957,11055
ec930ad3-3069-42cb-9b7e-0c17fe2b5fca,1539793627499,1539793634761,7262
f00362a8-d1fe-4a7f-83ac-b5f9478c247a,1539793627818,1539793638116,10298
8770aa5d-8a69-4473-a798-85771fe2cc02,1539793628708,1539793646970,18262
20899c31-8033-48a4-a8b4-07acdcd6aea1,1539793629249,1539793652520,23271
9c626ca7-a0e4-438e-bf03-fa1b039ffb43,1539793628964,1539793649234,20270
a733f0b8-29e2-4eab-bcba-9b034b1629c6,1539793629151,1539793651279,22128
aec77fda-7046-4fe0-9068-0bcf04895d78,1539793627216,1539793632416,5200
9276a435-8505-4d59-85bc-adfd7b4580b1,1539793627179,1539793632140,4961
f327ff19-f558-4735-8daa-bdecd5651ffe,1539793628311,1539793642689,14378
506a3719-f591-4066-9362-cb1884754b18,1539793627371,1539793633864,6493
d9e2cdd1-c3bf-4041-b8fe-174fa62d8301,1539793629233,1539793652353,23120
505ddddf-fb6f-42f8-a41a-545e6bf1a060,1539793628635,1539793646138,17503
dd3db63e-4a91-4af5-81a1-bbab71f5e72b,1539793629821,1539793657949,28128
03c7c598-4b8f-41a9-8369-380d1aab490b,1539793629009,1539793649729,20720
9ce9ac23-0790-4e11-b2a7-359b341a8e37,1539793628885,1539793648501,19616
80d567b5-f520-4f2f-b629-eada3eba4569,1539793627069,1539793631173,4104
df2e89d7-13b8-48e3-a353-44fb145741da,1539793628270,1539793642257,13987
32d3d9f3-9b0d-43a0-a80a-43b8eb9a3296,1539793626913,1539793629733,2820
b8d3d376-8504-45c7-a12e-a08a5e05c270,1539793629513,1539793655028,25515
8006421c-baaf-4f77-bb53-0e6c6c53653c,1539793627638,1539793636032,8394
d6d0243f-ab68-46f6-abb4-8b9dc9a3db03,1539793627859,1539793638482,10623
bdcb273d-7d24-4c45-ba5f-d849b15d490f,1539793630470,1539793664049,33579
7af5923b-ecdd-4233-ad77-044595bee88c,1539793627797,1539793637872,10075
6ff425bb-29df-4bc7-a0c0-1497e0942a03,1539793629900,1539793658706,28806
b93740cc-5400-48ef-aa4d-748d11641c5e,1539793629739,1539793656938,27199
465494bd-7d58-49ec-a172-a763cda33cb8,1539793628491,1539793644426,15935
12b8a4bb-02e2-4355-855a-2132ba6a9dc1,1539793630444,1539793663647,33203
3a7e39a3-9c1a-4b77-9507-ff236f49d6db,1539793628689,1539793646755,18066
f7e556d1-c988-4696-bf58-ffaa72d36920,1539793629723,1539793656758,27035
fb0209cc-3373-49f1-83af-fc5a0eb85bc4,1539793630508,1539793664413,33905
7d67153f-931d-408e-8b26-3adc3ffa3d49,1539793628954,1539793649180,20226
7c86ee82-a454-4891-bac2-bf3ef4119363,1539793630065,1539793660087,30022
bb504bf7-1dfb-4bcb-8f2f-6039230dd2e8,1539793628469,1539793644286,15817
c6463a54-0372-45a9-8ac5-352c57e3d3fb,1539793628531,1539793644838,16307
d892490e-974b-4a78-82b1-d3a96dc2dcb7,1539793629060,1539793650253,21193
2c28bc0b-c9ee-44d3-828e-2b674ccb1c28,1539793627086,1539793631351,4265
383445f1-c031-46a5-b247-a85600a04c82,1539793629183,1539793651681,22498
70fc8f61-45ae-456d-bd99-4446670f4369,1539793628075,1539793640457,12382
7977e0a9-23ff-4835-9797-22c16c84ddfe,1539793629892,1539793658649,28757
d59819f7-5ca3-4487-9253-af2089c25d2c,1539793629851,1539793658286,28435
8eac5c44-28a0-4f92-b61a-f537389472bf,1539793630751,1539793665773,35022
9795053f-3ea1-4cce-aa6f-14896953d59c,1539793629445,1539793654253,24808
0ef95d42-ac4a-4584-b0dc-a8931f68bbdc,1539793626849,1539793629062,2213
ef89b768-596d-4204-ae30-aed11ea8d1ca,1539793628537,1539793644872,16335
a2bb8c12-6785-4638-847a-3df8e08613c1,1539793629491,1539793654744,25253
2f05fb07-0951-48b9-9cb1-caeec102ea8d,1539793629039,1539793650127,21088
6b66e931-e98d-45c5-801a-e2698fd522a2,1539793627607,1539793635681,8074
3cfa5c96-4ba5-4282-a918-b93ac8012412,1539793628741,1539793647136,18395
55274796-5ecf-4bcc-ae6e-81ccf16a0820,1539793630166,1539793661127,30961
669ce604-a4d0-4648-af5c-72017ba1f5a0,1539793626921,1539793629794,2873
bb6dba96-ee8e-4186-8bbf-a8d0a4ee8e5f,1539793628685,1539793646692,18007
99776389-6f3a-4965-bfcc-bbbd1073edc0,1539793629599,1539793655633,26034
b199c96c-347a-4c41-b51d-ccb1d39e8ee9,1539793628006,1539793639855,11849
4bab1824-396e-452d-9a35-3ad6c98a0cde,1539793627692,1539793636677,8985
a85f873d-6291-457a-a776-bf41fa1ab0cf,1539793627095,1539793631424,4329
2cb65375-6a20-402c-af21-40414cec45cf,1539793628915,1539793648828,19913
75d913dc-1c75-4ade-95f4-f2bfcc477178,1539793626704,1539793628004,1300
77568fba-428f-4cc9-80f7-5f2628db7586,1539793629328,1539793653245,23917
c5703d4d-313f-49f4-a969-7dabb47d7564,1539793629678,1539793656353,26675
ed43d452-bbe0-45e1-92e4-41e89c2a03f6,1539793630337,1539793662685,32348
d76b3348-84b9-452e-b5ca-441f3b946f94,1539793630726,1539793665650,34924
0deb948b-5271-4aa5-8376-5e5df3928440,1539793628895,1539793648635,19740
c6402547-80fb-4918-9620-490a79b19c4a,1539793627073,1539793631266,4193
c19c0c14-16c7-4b57-a391-fdf0672313ac,1539793627410,1539793633982,6572
6aba5776-648e-4508-b35f-bc3e6074a2ee,1539793628923,1539793648902,19979
cb167506-e70f-4703-90e3-26dac9360293,1539793626651,1539793627606,955
4fb155d1-3aa8-4678-b8aa-534b582f1ad9,1539793627700,1539793636791,9091
465acf1b-15c1-4cf1-b2f8-9c5b8f7e3691,1539793627228,1539793632570,5342
6a761191-f6d3-439d-8caf-1631d964e5e0,1539793628669,1539793646547,17878
748dacfa-3464-4d60-a002-1f33c70d0960,1539793630888,1539793666235,35347
dd546cd6-459b-4b52-baf0-98cc47a07e83,1539793630950,1539793666437,35487
7cd2cd92-1328-4c9a-a9fe-efc98c39f51f,1539793628252,1539793642093,13841
49cf0916-5582-429d-9e60-fd9428a8a299,1539793627793,1539793637820,10027
c3c638b9-e7c0-4d8a-91e5-56e033c98104,1539793629291,1539793652879,23588
cd5b57a7-4ed1-4c42-aeb0-50ab65790100,1539793628693,1539793646786,18093
298dfa86-43e0-432b-8ec1-0982881faaba,1539793629241,1539793652430,23189
97a02c47-cdc3-4400-a470-e58fef97fc0f,1539793629954,1539793659267,29313
fa49e0ea-18aa-45e1-903e-fcc0c3c47a21,1539793627128,1539793631707,4579
b7dfbbbd-abb8-45e2-93a8-55051cef33d9,1539793627993,1539793639744,11751
3c902562-188d-4752-9005-3e9f62949bf6,1539793629374,1539793653668,24294
1adfe77a-6961-4d15-9f2e-65e50d05ec51,1539793628665,1539793646510,17845
86100012-3f1a-4048-90d8-383a8920c1d2,1539793627333,1539793633546,6213
a2f0ff08-3249-401d-ae92-737b784e69d5,1539793629258,1539793652601,23343
0611acf6-422c-4141-81b5-6373f40fc064,1539793627342,1539793633618,6276
95133b05-f572-46fe-b6ce-2cfef1dde275,1539793627752,1539793637326,9574
7cd41af1-d659-4be8-9c96-04c4714827f2,1539793627851,1539793638403,10552
a0d900e1-717f-4329-953a-1e44da6dfa6e,1539793628876,1539793648359,19483
c75452be-5079-4490-ba4b-05f5710c3641,1539793628772,1539793647369,18597
2d987f6e-6e4e-4aef-845d-10286282ce1b,1539793627048,1539793630959,3911
7f08b763-630e-4df7-a3cf-506f76c3a897,1539793630020,1539793659688,29668
cb85bf30-b2af-44a1-a6cc-02e501282856,1539793626735,1539793628287,1552
ec9082f1-7c14-4a9d-be67-25ad65339947,1539793628768,1539793647338,18570
66b1a0b0-9354-45c5-b5d4-a49b98dc0069,1539793627923,1539793639134,11211
c7d74f0c-4b6c-4d62-9bb8-257445967adc,1539793628192,1539793641425,13233
a9d0fad2-366a-452b-ad1e-999fb0bf47fb,1539793628432,1539793643945,15513
45f4ca3e-760e-49ad-aa6d-1e35b2f1c6d4,1539793630073,1539793660153,30080
4037f2dc-ebe4-4f63-94b7-d52221c58163,1539793627927,1539793639167,11240
3a2501c8-2cd3-49d5-b54f-756ed71ff274,1539793630867,1539793666164,35297
725f62c7-ed71-44a2-83e4-b8b806c760ab,1539793628591,1539793645555,16964
e2705313-4f80-47ad-91c7-36f817fabf2b,1539793627153,1539793631920,4767
9642f379-213a-48ef-8fe9-4701b1f20934,1539793628551,1539793645021,16470
51fec2fe-0069-4457-b0cc-20f4c3afaf0f,1539793629142,1539793651170,22028
72a505be-e07b-4858-96f2-525bc9593152,1539793629483,1539793654663,25180
18ed488f-1cba-42a4-99ef-adf679be33b8,1539793627354,1539793633759,6405
edc4f64e-dbf4-47ac-9631-6b94401de634,1539793628137,1539793640987,12850
35f0171f-b87f-47b9-b88f-508db50cf13e,1539793630106,1539793660585,30479
44b4a314-75ad-4955-96e6-603eceaf4741,1539793628315,1539793642723,14408
86b70746-448f-4ca2-b5a4-8ebe54174108,1539793627788,1539793637785,9997
4af2879b-16b1-4be3-9db7-dbbfa330797b,1539793629558,1539793655259,25701
0dfa7b97-8dbd-43c4-9784-0195b3744302,1539793629471,1539793654549,25078
f0b6d488-c872-4659-b174-db82e6a46346,1539793629567,1539793655329,25762
da907afa-a97f-4a1d-bdc7-258a3c112b9f,1539793629503,1539793654964,25461
6e548b9f-8db9-4dcc-9d2e-f338d62ac34e,1539793628478,1539793644363,15885
b33e741a-e6ff-4cb8-9105-12a0d23eabdb,1539793630371,1539793662984,32613
6a21f4d6-2ec1-42a3-89c7-dc6f5580122e,1539793626809,1539793628990,2181
81c14d6d-24d6-433d-8c3d-e341a9d47c4d,1539793628811,1539793647717,18906
07b11742-e336-4306-bd4f-84a48d8ed88e,1539793629004,1539793649659,20655
60dc9d49-0553-4ad2-8160-6d426b55a0af,1539793630788,1539793665897,35109
f7c1caec-d4a5-4759-92a2-b8267c787b70,1539793626691,1539793627961,1270
1d104931-455c-4b65-9602-0bf33b5f7566,1539793628040,1539793640200,12160
efe4bcd3-ced9-432f-9a19-5f1daeea0699,1539793628295,1539793642554,14259
982dbe6c-c91b-4e2d-8826-21ff261b69ea,1539793630739,1539793665692,34953
8d9532c0-742f-49f9-ab43-0010f99cb8a5,1539793630296,1539793662244,31948
bdc05440-a787-4b79-a38d-6489f2a923d9,1539793629747,1539793657064,27317
64ba7922-e5e2-45a3-b754-775dae802e26,1539793629751,1539793657082,27331
73e13493-4de9-472f-9f8f-d332d530dd0b,1539793627030,1539793630687,3657
d8001f45-1bb4-4ede-b9bf-a3c898b15028,1539793629687,1539793656418,26731
8abaa722-545a-46af-a38f-fa98428d3698,1539793630921,1539793666340,35419
839bacfe-78a2-4341-9729-6df1d7c3084e,1539793626584,1539793627034,450
31c919c8-7a11-4690-8cd0-e7405d063b59,1539793626995,1539793630338,3343
45bb4f96-fb5e-4fc1-84ee-a1bbf49c4a88,1539793627683,1539793636534,8851
dd3313b9-5007-442b-b688-9d11539d2423,1539793627655,1539793636222,8567
4c8a15d7-d33b-4eb1-9bd4-45036b184532,1539793629612,1539793655738,26126
cd7fd1c6-a409-4521-8199-a66040d0add5,1539793630717,1539793665624,34907
0b953012-4dcb-4f38-80f2-cdac9237e8c1,1539793627943,1539793639288,11345
0f5972ef-3344-460e-b19e-0bc62f9c6a01,1539793626795,1539793628846,2051
fec5f53d-fbac-4c41-8acc-85daba89fb46,1539793628128,1539793640891,12763
2f0abe0e-5e00-49f1-93eb-e716e1b613a0,1539793630636,1539793665377,34741
3545a8fc-0479-40f9-8fdb-1f9ce469b6f4,1539793627548,1539793635157,7609
137adf16-6002-435d-b99d-43d63fd1e547,1539793627830,1539793638238,10408
faa389ee-77a9-4e47-a7a3-aa250decffd3,1539793627599,1539793635624,8025
d107d542-9355-472e-95d7-6fd7deb04f28,1539793629087,1539793650549,21462
737b1f75-11a3-4c0c-b597-456778ec4d9f,1539793630835,1539793666048,35213
e4750382-b90d-42f5-8732-d2bb8ddf0448,1539793629692,1539793656471,26779
4ca95707-1dea-4838-8db4-5014fe74b591,1539793630310,1539793662377,32067
f831a9fb-5dc8-49c5-93ad-95ed8208a284,1539793630830,1539793666034,35204
8960035a-a2a3-40fd-9b00-40b8b52162ec,1539793627756,1539793637452,9696
aee00367-3e51-4dbf-a942-da52e2365acc,1539793628100,1539793640652,12552
99655b23-33a1-4ee2-bbe8-16418c4fc214,1539793629479,1539793654628,25149
3c36b1dc-e6bc-4179-9832-eff01805c28b,1539793629633,1539793655924,26291
b1bde4e2-dddf-4499-84bb-ba353b7fbc7a,1539793626642,1539793627503,861
6aa8a4ac-2993-4990-9120-848bacbba6ad,1539793630759,1539793665801,35042
fc02f47d-8535-48cc-8dc2-8c78df6eaf36,1539793629299,1539793653034,23735
707761f6-7b6f-4b6d-a331-9af1958e994e,1539793629155,1539793651341,22186
a74aa5c1-5df2-4887-80a3-fdb59d621b5a,1539793628391,1539793643423,15032
66cf4157-2d6d-4578-819a-e12420fc335e,1539793630530,1539793664629,34099
c78e92d3-ddd0-4c0c-b62f-6394016be0e9,1539793629963,1539793659316,29353
9d175716-d0fe-45e9-84ee-98db10a9f028,1539793626673,1539793627832,1159
a40440a8-d94c-4481-8f5f-dc22a022ae97,1539793629971,1539793659355,29384
0b3c94e7-a9cd-4c20-8304-a8e902339081,1539793630632,1539793665362,34730
42f66fe0-84ad-41d7-aefc-cc6d97d8abf7,1539793628282,1539793642417,14135
0738df44-2ee6-4186-a5f7-02e2bd136cb4,1539793629163,1539793651415,22252
fa3a0b27-38b6-440f-8468-98fa45e27775,1539793629875,1539793658495,28620
b019818f-c028-4fe9-8fd1-4f4c1d06dc06,1539793627561,1539793635275,7714
9445ebae-f964-4055-92ac-9454fe3c7840,1539793627915,1539793639051,11136
c79e2ea0-373e-4269-9129-eeb908915dbb,1539793630859,1539793666136,35277
934544f6-41fd-4bfa-97a6-ff1cfad330bc,1539793630884,1539793666220,35336
fcc7cb46-cb32-4d82-99c2-dc29a882f6cb,1539793630909,1539793666301,35392
33a0d183-9758-4e0f-82c0-0cfeee2d374e,1539793629620,1539793655824,26204
c384587b-a5f1-4f63-801d-7b8473937039,1539793627997,1539793639799,11802
3df693de-6272-4087-a31e-cad7b73ad65d,1539793629517,1539793655075,25558
4104b3a4-c59b-4dd1-ae6a-0f46dc14595b,1539793630158,1539793661079,30921
074f0c3c-d5b0-4b73-aa9d-d5fcd31b32a5,1539793630282,1539793662098,31816
153fc7e0-5d08-4f9a-875a-5d7a111b83b3,1539793630411,1539793663324,32913
4dbfbbab-ef31-4b96-a14a-c18e9cd79ecb,1539793630763,1539793665815,35052
c02f65ad-e36c-47e4-924e-24f6ddb5f867,1539793628460,1539793644216,15756
f380bda3-b8c3-4f39-b3f1-c1c19cee06f7,1539793628257,1539793642124,13867
261b783b-eb4b-4e50-8aa5-c52f9edd5611,1539793629412,1539793653977,24565
ad1d3435-2866-42e8-b17f-e2c8ffde6039,1539793629070,1539793650370,21300
b998e1e9-b7b0-454d-982f-81a088bc6f8c,1539793630780,1539793665870,35090
4e797d4f-abd5-4cf4-933e-e84e190ebe80,1539793628067,1539793640389,12322
d440a9c1-061b-47db-a155-311b282097ae,1539793630403,1539793663274,32871
db83d638-8a15-4224-9ac7-fab4dac24579,1539793630245,1539793661778,31533
074f6860-17b9-46c0-acea-b876bda8e2fb,1539793630900,1539793666274,35374
29d71c07-92eb-4f1f-83b4-ced4b41e5020,1539793627305,1539793633217,5912
e64d19cd-e19a-44ca-b312-3b249c34dabc,1539793630665,1539793665475,34810
3ed0f06b-acba-4de2-a037-7fbd8fdc674c,1539793628949,1539793649149,20200
94c72389-5583-49dd-b968-bd9da02d7223,1539793629124,1539793650960,21836
f4c8dd34-a2a0-4c37-92c5-8879f36dff73,1539793630820,1539793666006,35186
4d20b10e-ba09-4afd-81ae-5f81c62bc676,1539793630205,1539793661408,31203
5d14e76b-7905-4347-a926-f39abe809765,1539793630855,1539793666122,35267
e006a8fc-063c-4784-9eb7-992d201544f9,1539793629033,1539793650094,21061
a69c40f5-ed53-43b8-9add-aa84c5999d67,1539793628595,1539793645590,16995
33143d83-db89-4754-933c-777bd358040a,1539793628071,1539793640403,12332
6d00af87-bc9a-452b-ac94-b354dfe3290a,1539793628352,1539793643036,14684
a4a9bafb-3c5e-4391-9e21-3990dbd5b178,1539793628079,1539793640471,12392
2a57d5c7-314b-4159-b1df-7b5e8b58392c,1539793626624,1539793627316,692
2b320027-8147-44bc-b215-83526479a325,1539793627847,1539793638390,10543
3812e331-3119-4572-aef5-165358174873,1539793629603,1539793655654,26051
b1ee03c6-91d8-4b82-a29b-4ecf1533b6b6,1539793628941,1539793649047,20106
e744cc4a-e65d-402b-8eef-537a3c0799e6,1539793629043,1539793650141,21098
01b98efb-d42f-456d-a8e9-59d53ed408ce,1539793627544,1539793635104,7560
1621c114-e435-492f-b6f4-5bf4d7f4c09d,1539793627512,1539793634871,7359
40a7a73c-65a9-4083-b041-adf1a89af720,1539793626965,1539793630147,3182
e442728c-16cb-4078-91f3-ba52a1743352,1539793628013,1539793639942,11929
db9cb906-b398-484c-a6e5-ea1ae0cb8418,1539793630145,1539793660927,30782
af4c8ff1-bcb1-462a-be9f-310d7bec5d96,1539793628651,1539793646356,17705
88a3cd09-04f0-49dc-adf9-5d8e93e02662,1539793627959,1539793639388,11429
4102b752-ac24-4600-9391-fc55fca2701b,1539793630602,1539793665147,34545
ddea9a30-41f4-4171-a029-1a6b0013029e,1539793626686,1539793627946,1260
b941cc45-9f43-4373-89b9-e7843be515f9,1539793627078,1539793631302,4224
86228696-6332-45c5-a879-9db679263ef5,1539793630839,1539793666063,35224
974566f3-a557-4c90-b294-c91e0417ba65,1539793627183,1539793632171,4988
97c0a513-d30b-481a-bdb5-d7dbdaa0df51,1539793627951,1539793639332,11381
62fc9549-a7fe-4b22-9e3c-338103ee5a10,1539793629624,1539793655859,26235
c8a32a57-9614-49fd-894f-09e3167994d0,1539793630420,1539793663385,32965
69e51ff9-5881-4d4c-8f19-b6ad5a15b7be,1539793630399,1539793663190,32791
0832f188-3671-4e45-aa0f-222f693dff62,1539793629863,1539793658383,28520
11594bf3-7d1d-4183-ab1d-da77b3a86f0b,1539793627035,1539793630701,3666
924559e5-a14c-4134-906e-52176383c759,1539793630034,1539793659753,29719
4e2aed32-0387-4f77-b2c9-aa07baaaecb4,1539793630352,1539793662876,32524
c9ceb68a-6775-4ae8-aec6-4cfee6560b3a,1539793627346,1539793633680,6334
9f4bcf40-39cd-45a8-b6bc-5f43ba8e1bb1,1539793627350,1539793633743,6393
081e1348-bd0c-440a-a64e-454366cec887,1539793628867,1539793648295,19428
b923e2c7-f396-47c8-8f1f-5b1040f4b353,1539793627772,1539793637582,9810
b37461cf-f118-43aa-8001-0b46c40b6a67,1539793628660,1539793646496,17836
30736f38-976b-460a-8e38-8e3ace3c22dc,1539793630800,1539793665938,35138
8e9d4f85-f1a4-4e1d-abe4-931c9e22b00c,1539793627715,1539793636956,9241
42163c79-0c58-436c-b0df-ebe665c69a87,1539793628846,1539793648018,19172
a68fcea5-878b-4762-82be-d4faf6cb02b6,1539793629670,1539793656249,26579
31bb8497-30e5-4b06-8116-09a88d4afb43,1539793628732,1539793647087,18355
2a690d8d-6f94-4fe8-a04a-f15f46153297,1539793628976,1539793649342,20366
32333dc1-7d0a-44a0-83dd-738de8511583,1539793630478,1539793664140,33662
81bed054-8e71-42bf-b76e-f002321756d1,1539793626938,1539793629922,2984
60716679-5155-4c2d-a0cc-e219e76b7cff,1539793627257,1539793632908,5651
232c0c20-ddaf-43f0-8e12-1b04b3b59024,1539793629262,1539793652640,23378
3d6709b8-fda4-43f4-a901-5e3402195912,1539793629208,1539793652047,22839
11e5483f-e7c5-47b0-987b-957471dca43e,1539793629731,1539793656847,27116
984fe55e-2ff0-4b38-a13b-b43300eed56e,1539793630357,1539793662922,32565
c91d63c2-bba8-4d3a-b951-1ba41927b567,1539793629938,1539793659169,29231
0ebe5e96-1d76-4601-a0d8-ff2f761c5ee6,1539793627003,1539793630412,3409
d38bc818-6b09-409a-a721-27a1af2373e7,1539793628248,1539793642024,13776
ea1ec12f-7a7e-4496-95e5-bd209ad6ac1f,1539793629930,1539793659067,29137
3f100c63-0bfc-4a08-94b2-9b61724eeba2,1539793626987,1539793630289,3302
2857c6e8-ef62-4819-adcd-e3bf54df07ae,1539793626717,1539793628094,1377
ac30dc24-1001-47a0-8196-ae8a77c16e3e,1539793626560,1539793626933,373
6cb8790e-288a-4628-a985-cc4facfaf6b3,1539793626749,1539793628409,1660
3aebee89-d5c9-4898-af28-a4530b94c7c3,1539793628547,1539793644952,16405
a2a9e6c2-4c47-45a0-956a-cb64d400e78b,1539793627237,1539793632721,5484
023c72fe-8c68-4ea2-8b7f-fd5976d1e2d2,1539793629768,1539793657342,27574
b95230ee-312a-4e45-8abe-663023c4d954,1539793630645,1539793665404,34759
8ee82c7a-edb7-4d9c-97d0-2bcbf0a6b5c5,1539793627670,1539793636382,8712
0d787129-1251-4c7d-98e6-e6a7c727df21,1539793628746,1539793647173,18427
c03646ed-ca1b-4a8d-9544-2a29ed06fa42,1539793630552,1539793664798,34246
09c11c3e-a854-4094-8c08-19612bde57b9,1539793626597,1539793627138,541
19d65d0e-d77e-4a47-bd37-5e080b978563,1539793628627,1539793646075,17448
19825658-b2c8-4e8f-8a7d-a32e14af5111,1539793629052,1539793650225,21173
b2f9feae-c5f6-4687-840f-aa3f61a6567a,1539793630816,1539793665993,35177
571dc514-8ab7-4a6b-9c19-d011ed3d4bc6,1539793629116,1539793650893,21777
744f162f-9bc4-495c-aff6-74ad52f4ba05,1539793629508,1539793654995,25487
a4f253bc-8cef-4dd3-b83a-04607670f2f8,1539793630452,1539793663763,33311
6ff61df5-de2a-4b5f-a5d0-cf02c74eb312,1539793628197,1539793641457,13260
8986f544-396f-4562-9997-04a8a61e9ec0,1539793630376,1539793663023,32647
566349d5-95da-407f-9097-674703226978,1539793628399,1539793643539,15140
93e02e84-ff51-495c-8c54-0000c3d9d317,1539793629458,1539793654406,24948
50855195-5c39-460d-9654-aa93a9b60ee0,1539793627082,1539793631317,4235
8576585c-ef8f-47aa-87f3-ce3698abdf4d,1539793627137,1539793631753,4616
b4ef40b0-1d5c-4bbd-b0a0-c1ac7b1f10d0,1539793629801,1539793657678,27877
36d5deb1-6d99-4b64-a258-32853714d8df,1539793626892,1539793629510,2618
07ede4ff-3393-4c27-89bc-d67018c99d48,1539793626900,1539793629653,2753
92377a04-f117-4566-a772-e253f4dd0595,1539793627461,1539793634295,6834
42c0011d-a623-4ece-87d9-58880d0e8be0,1539793626871,1539793629338,2467
8fe140b7-1d47-4118-ab0f-6dc9c21669f0,1539793627972,1539793639519,11547
49408148-dbcc-4d24-b035-0fe503cee822,1539793630116,1539793660681,30565
e84fd9de-9382-4c5d-bca3-e1df4cb20586,1539793629450,1539793654302,24852
1717368c-c75b-4e3f-8fa2-090d89b4da0d,1539793629428,1539793654086,24658
8b62430c-f98f-4fb7-8a08-560478efb31b,1539793627057,1539793631068,4011
89df7d20-813e-423d-b3b3-aa04e3527330,1539793628403,1539793643572,15169
6a226675-4d35-441d-a20e-a135d3180648,1539793630925,1539793666353,35428
495a4324-3220-4aa5-8cc6-6f74cf40e9b6,1539793628903,1539793648686,19783
26d367e0-c264-4be5-9daf-d860e33cf30c,1539793630324,1539793662546,32222
9559bf17-2adb-4ab5-8241-93a81d72426b,1539793628018,1539793639984,11966
b5ffdd53-85fe-45d9-a024-aa2e8dc0e988,1539793629167,1539793651451,22284
1c4049f8-be94-4176-8cb1-b206418d6a06,1539793630149,1539793660944,30795
352b95f6-02ce-494e-845b-bb69c3497e62,1539793629735,1539793656904,27169
07601653-8028-4db4-9a62-131b2e37b84c,1539793630597,1539793665126,34529
cc5f10aa-fe81-438f-8f51-0bda697bff6a,1539793628411,1539793643638,15227
a0c416ea-95c1-4b8b-9d84-82caefbc3d60,1539793627503,1539793634828,7325
beb44a8d-8988-4559-9b97-8a25043d9e38,1539793629809,1539793657773,27964
a4e893a1-ebc2-45d8-b19a-7ace0c260945,1539793629743,1539793656970,27227
7e0e16f3-97e2-461c-9d78-a8aeee82d9bd,1539793629879,1539793658560,28681
d9ac82a6-e8e3-4379-9d47-5dc8129da627,1539793627375,1539793633909,6534
c7288008-e112-4212-b2f2-4493233e0638,1539793627744,1539793637268,9524
9a67e3cc-d594-4cbe-9075-166e02263cd9,1539793628278,1539793642370,14092
b03dfc4d-d94f-40b5-b276-07a544db7e06,1539793627171,1539793632075,4904
d8135aa6-6044-4c01-80be-60a1c3f0ef3e,1539793627495,1539793634746,7251
59123086-87b9-4bb9-8308-3abddd3bd4eb,1539793627133,1539793631736,4603
0120c17b-4ec2-4c04-97cf-ded150e0470e,1539793629575,1539793655388,25813
0e78257f-db51-4d11-b054-7d36027ed131,1539793626589,1539793627059,470
c01c10b5-8fad-4f66-9726-6a233032a5b8,1539793627099,1539793631456,4357
2ab0f35c-0a28-4c89-8ecb-b9e44a87444f,1539793628026,1539793640064,12038
54a87be7-11a7-4f52-b21f-acd1d9dda11b,1539793629316,1539793653158,23842
70134dc8-e9fd-42e9-9018-9b0b4e4bf944,1539793627587,1539793635549,7962
725544e9-cc6d-4edb-a6ea-724d912bd170,1539793627622,1539793635815,8193
48256b17-6ef7-4d89-a384-d6e4ba829ffb,1539793628751,1539793647241,18490
1e559057-87f9-4fed-b9df-6832964e9aa2,1539793626866,1539793629259,2393
299b1685-fddb-4085-be40-291f3972c3a9,1539793626610,1539793627229,619
97d08967-e53d-446c-b63f-73519af92481,1539793627273,1539793633065,5792
87c902ea-80d5-4026-b0ec-9905c03dc579,1539793627297,1539793633175,5878
207938ed-e0b4-4463-8c05-3d7ef2d4c38f,1539793627535,1539793635010,7475
bb080138-650b-4e9b-ba2c-227b9f2172f7,1539793629287,1539793652831,23544
49f7fe9f-bc35-4bf0-8018-b40267bff3bf,1539793626909,1539793629701,2792
b16f4e3d-62a4-4170-8935-833cd15f16f7,1539793629196,1539793651863,22667
14ac453f-de91-480c-9efb-9b0fcc35a9c9,1539793628307,1539793642676,14369
b58740fb-6c7d-4375-8b2e-1820582a1c98,1539793629666,1539793656232,26566
7141fdb2-f269-4a5c-9762-af63c2b602e6,1539793627947,1539793639303,11356
14dd94a3-5032-444f-9ea8-6fbb4904ce8e,1539793630482,1539793664154,33672
486bcc14-e1a1-49df-8673-4ce5ab8dc2f6,1539793630097,1539793660350,30253
331467ed-bb03-4696-b3bc-5614d2101478,1539793630440,1539793663607,33167
e34cbae2-56be-4cbf-b9b2-f02e2ac13ecc,1539793629175,1539793651534,22359
bd9d2354-348a-4217-bb61-2ee425b69d4f,1539793629462,1539793654419,24957
4832f940-38ad-43f0-bb03-514164908698,1539793627735,1539793637196,9461
9e368813-8d28-4ad1-a5b5-d3ad964f81ee,1539793629279,1539793652737,23458
df363e8e-8d73-4af4-9eba-7b26d00db0b6,1539793626660,1539793627658,998
641147ca-aa2f-447e-a674-9092f03192ec,1539793630025,1539793659718,29693
02e662be-bffb-40eb-9852-b919d88c3a61,1539793628795,1539793647512,18717
ee443c0f-c3aa-46b0-b51c-123af73323f4,1539793629905,1539793658766,28861
849b53b4-853a-4692-a3db-5fc20a740a3e,1539793630003,1539793659596,29593
e93bfad9-c862-41b5-9b83-cff36ba46d1a,1539793627838,1539793638316,10478
520ba512-574d-4ba6-9b49-56c6e87e2705,1539793627611,1539793635722,8111
697e47ba-ce12-4f4e-a3a3-bc9eac000050,1539793628737,1539793647122,18385
16ec22d5-8080-434b-938d-172067e8a68c,1539793630407,1539793663304,32897
30690035-69ae-4ba1-bd1f-90c699ecaa3f,1539793628239,1539793641955,13716
dcaf5245-19d7-4245-82f2-7f979da619c9,1539793628919,1539793648857,19938
b98f782e-c729-4342-9252-4e8b569a7bd5,1539793629420,1539793654034,24614
c1a5d11d-a1a5-4616-8923-8fe05c5e8fa9,1539793630661,1539793665460,34799
b8c5bfb3-3afa-4a2e-896c-8f5b8ec79606,1539793630513,1539793664428,33915
526ccf30-38fc-4391-a371-2aca941725a3,1539793627520,1539793634929,7409
e99a1b20-349f-43ae-a720-36edf3d3d298,1539793628677,1539793646618,17941
74bf6be1-e76c-4418-9dfb-a2d60c2fb21a,1539793628993,1539793649566,20573
bab2e60c-17d6-463e-9d6b-90ea30487d3a,1539793630610,1539793665222,34612
e08d2478-3c8c-42eb-b0e1-bc9644be52c0,1539793630615,1539793665235,34620
b21a29f6-7005-4292-a457-f9887eb39b2e,1539793627166,1539793632042,4876
87a8fb75-0063-4c4d-a165-79701d209b63,1539793628619,1539793645979,17360
49f73ca6-8727-4873-a0a7-c4b204380429,1539793630328,1539793662613,32285
7134e870-e592-46f8-97e8-ded74dd0af79,1539793629487,1539793654704,25217
5ed2321d-1cae-45b0-b311-e10a64b2bcc0,1539793630584,1539793664993,34409
ef5c6025-b10e-48af-9afc-d4245597b173,1539793628850,1539793648081,19231
233aa1b9-77d3-49a8-bf36-21829995e73e,1539793630221,1539793661508,31287
e2748beb-0488-420c-b9b4-881e97effbb6,1539793628083,1539793640503,12420
32eca343-cedf-4953-8367-c5494f0fc574,1539793628936,1539793648991,20055
016cf047-76e6-4328-8f05-51767abb6488,1539793628828,1539793647871,19043
5760bf06-1e93-4535-b2f1-0529109d39e3,1539793630092,1539793660324,30232
5ab8897c-0dc5-47c5-9a0b-b56190625208,1539793629950,1539793659254,29304
84f8a66d-8a08-4bab-a77f-55129dbea1d6,1539793628009,1539793639899,11890
2e1a50fb-3724-478f-84ee-8d7b90edc9e2,1539793629776,1539793657405,27629
679ce126-8a19-4802-8f73-73ff72f6add5,1539793630580,1539793664975,34395
78f6611c-9230-45d0-8008-8a597e87f3c7,1539793630394,1539793663176,32782
af47cb92-13ed-47c7-93fe-2fcc7c01d0f5,1539793630687,1539793665542,34855
89c35267-dc0b-42d4-bcc7-c69f25485b1e,1539793628230,1539793641814,13584
07c642f7-e581-4337-93b4-3f5f940f8b4d,1539793627919,1539793639103,11184
0dca0711-85b0-4092-8ba6-b85bd88fb483,1539793628615,1539793645916,17301
fdd13a42-0891-4a48-a988-baf06b721a6d,1539793630423,1539793663412,32989
5f8fb339-20f9-4809-9ff6-016aa9510718,1539793628214,1539793641653,13439
faa608aa-d5cc-4ba3-8b69-58839a482f13,1539793628803,1539793647615,18812
6a88a9b7-8dbc-40e9-8ef6-ae8aa161f963,1539793629112,1539793650857,21745
9ba364a8-6261-4719-b4c8-c6365aceec9f,1539793628778,1539793647389,18611
eff47b7d-5a00-46b4-8a70-aed1e221d9ff,1539793627141,1539793631792,4651
351b629a-64a6-4dcc-bb7b-662ab8bd2610,1539793629403,1539793653914,24511
255184b1-3fb4-4a58-8409-9414b4d53961,1539793629991,1539793659453,29462
a19fa618-7a9a-4871-a589-20df04e02726,1539793630320,1539793662532,32212
f6729505-1d73-44f7-bf19-71038235a01b,1539793628416,1539793643733,15317
71ec937a-bd0b-435f-8660-dd82f08b1000,1539793629312,1539793653096,23784
080c9626-cdf0-4f3e-95a6-62db73a711a2,1539793629361,1539793653544,24183
cb0abf52-e464-4eb1-ae58-79b1bb3b3765,1539793630525,1539793664591,34066
b65cbb65-fc6b-485e-8951-810461fc9240,1539793629792,1539793657589,27797
d95921ce-4c31-471f-98e7-b6b1a1e36f6e,1539793630691,1539793665554,34863
29e516e7-9513-4b9e-8537-2d4a7ba6c625,1539793628164,1539793641193,13029
899ceb42-3a9e-4460-94aa-8846e08429f7,1539793630256,1539793661852,31596
177a6911-f1ae-4513-93da-b0192eb608b3,1539793629705,1539793656577,26872
241bc1eb-6cac-4626-9719-9b65655955a8,1539793629270,1539793652666,23396
1beae34f-af12-4d8a-8122-e46c083c2c93,1539793627301,1539793633189,5888
c2735760-d390-44a8-8d97-47f4801010be,1539793630347,1539793662736,32389
b491f473-eb5d-4af8-a0c9-ebfb4eacc91a,1539793626783,1539793628723,1940
06c831b7-e825-4cb4-803e-53e143c24aee,1539793630162,1539793661113,30951
7ebf1de9-7022-451b-ba40-26b2c83b0bb5,1539793630333,1539793662651,32318
25d32ed2-a226-455a-98a1-7e2d1825482f,1539793626883,1539793629461,2578
0edc5eed-9dff-4635-bc7e-a48930d01c8d,1539793629888,1539793658616,28728
6ac7a115-aed9-4b43-a7aa-f9b79365aaa4,1539793630696,1539793665567,34871
962e64f3-1068-4f56-9685-d80e83a095a4,1539793628655,1539793646401,17746
494719de-2748-4f99-8fd8-d80e3ffc0804,1539793630938,1539793666393,35455
d962370c-a6c3-4191-adf7-dc053fddd42d,1539793630461,1539793663860,33399
7a905123-f930-4552-8f0e-b6c9eaae8718,1539793628927,1539793648942,20015
9c9dee8a-de50-4a48-acaf-82bb1b4bd8ae,1539793629637,1539793655977,26340
dece9e49-132c-4c38-9773-122b984e3b1f,1539793627643,1539793636083,8440
a187ba2d-1367-4c4e-80b5-06cb350fbd04,1539793628448,1539793644097,15649
cde50fbf-73a6-467d-80dd-69f1a26f1acd,1539793628911,1539793648790,19879
c27a7b45-16b5-4b14-9967-28e88728a15a,1539793628173,1539793641241,13068
acbc7740-e209-41b8-a8c5-4d2e9615acae,1539793627704,1539793636828,9124
406aa0f3-5222-4e04-b6a8-8ee87cc44cfa,1539793626633,1539793627420,787
dab5302e-9d3b-4253-a09f-97e50fd94ead,1539793629275,1539793652702,23427
b469f64c-e36f-43ba-b5d3-4e40b69e6b3b,1539793630053,1539793660025,29972
0290e8e8-716b-4be9-8b20-c1d45cd12a1f,1539793630428,1539793663448,33020
30edccb7-39f0-4579-9bac-9f4b136dc86a,1539793628319,1539793642757,14438
cd35e6b6-64f3-450a-ad87-008c4d63d1a2,1539793630731,1539793665663,34932
25ac51c0-1440-4920-8844-c55a4e420a80,1539793626713,1539793628065,1352
25fbfc3c-dcb4-4c79-94d3-9f448cba4ca5,1539793627784,1539793637751,9967
149a17e3-3441-4f4d-a59d-bd50b4c3de02,1539793627801,1539793637906,10105
39173d0c-6b34-4423-9316-5e408e0f295d,1539793627552,1539793635176,7624
2a2b0b84-2fd8-4077-9301-0f844f2e05b6,1539793628218,1539793641702,13484
fc1256b4-5d70-4b40-80b4-32ed0c35948f,1539793630657,1539793665446,34789
2a3e2820-c9c7-4b35-b559-40c19eeda927,1539793629696,1539793656507,26811
a563685d-73bd-4ad0-acf3-3016c2b40729,1539793628187,1539793641378,13191
2823b521-a4d5-4662-9255-ddc1dcc69dd9,1539793630627,1539793665349,34722
896bd6ee-b3b8-4786-adf6-be67eeb6b367,1539793627871,1539793638621,10750
a00c9736-726b-4e15-a30c-7a310389a2e7,1539793627107,1539793631567,4460
6d958d66-b904-47ac-99ea-d590b286bb28,1539793627208,1539793632347,5139
2ad90fe6-d2e5-4233-8a85-c1799e4b4da9,1539793629370,1539793653654,24284
9070a4ef-8f8a-4fe1-a6ee-2b445ca7e745,1539793627867,1539793638572,10705
ab39c771-961a-4ad6-9964-d9407d5cfedc,1539793629108,1539793650832,21724
74576de1-2439-4253-b47d-7d6f5989cab1,1539793628146,1539793641072,12926
c7755b80-d3b2-4af3-835b-ecd109c8a9e8,1539793628755,1539793647256,18501
ac3573cf-e0c4-4c4d-9c14-b406a96244a1,1539793630669,1539793665490,34821
50e5792b-1cb4-489e-b449-4d0920616a5b,1539793629192,1539793651845,22653
8528fbcb-91ca-46c5-b4ee-9571c9e65227,1539793628523,1539793644804,16281
0c8ffbf0-3e71-42c2-a423-728ea40b35ae,1539793629229,1539793652291,23062
41cbeff7-9bbe-47ce-94fd-d433b765b93c,1539793627977,1539793639555,11578
25d5d17c-fadd-449f-b8f9-5343625b017c,1539793629789,1539793657526,27737
1fb38d7b-5e35-4657-a457-4587d194daee,1539793626726,1539793628217,1491
9ce67346-5556-457a-b935-73bd8ee69ba3,1539793628799,1539793647584,18785
f5e327b1-5619-4af6-916c-0fbe78cef926,1539793630287,1539793662134,31847
6af7a481-3f29-40f5-8d95-cb30addaf443,1539793628631,1539793646123,17492
63795936-4419-4e89-bed2-dd646784391b,1539793628716,1539793647002,18286
a3771580-f6f6-4f83-8f14-c971a17a7d47,1539793627040,1539793630788,3748
f5078a72-0b91-4534-9f10-1ccbaba2c3df,1539793628178,1539793641306,13128
8da15849-5d62-4636-8a9e-7e0f0d777d39,1539793630804,1539793665951,35147
46523ef1-6044-4dcf-925b-3bf8eb8dd47a,1539793630240,1539793661760,31520
4110436c-80b7-4d6f-8252-b0f7b77fce63,1539793628518,1539793644749,16231
75944176-c727-4181-8349-12a5af345d15,1539793629579,1539793655417,25838
9f1f023d-ecb7-40c9-a5eb-ffdc0172da2e,1539793629591,1539793655552,25961
2e59085e-49a0-42e9-8024-d1618af98ade,1539793628299,1539793642586,14287
550441d7-9fb5-4279-b61d-604318e3e14e,1539793629499,1539793654931,25432
316b7b84-c77a-40cc-8a54-544742d1f73b,1539793627429,1539793634059,6630
ef06207e-77f8-4208-8716-2c1bcea8a503,1539793628696,1539793646812,18116
86d4d1f4-b18a-4281-b9c6-f9814d083b52,1539793629979,1539793659389,29410
ffc28a2e-74ce-4674-8b03-373f3c4a1295,1539793630129,1539793660754,30625
336879af-d022-4b17-b9de-1af4600f6a57,1539793630606,1539793665187,34581
3fac82ab-204a-4b77-8003-1234ae7321cd,1539793628858,1539793648191,19333
86322806-7afc-460a-b7a8-1b9239c1e7d1,1539793630495,1539793664261,33766
e40a429e-b510-4a23-958e-7d97e9f791ce,1539793627569,1539793635342,7773
133358b0-da8b-4d54-85fe-cf24683c7d4d,1539793629048,1539793650209,21161
480f2643-f7e5-43f3-abd9-e0d0e7e90472,1539793627651,1539793636169,8518
b68eda99-22b4-438f-bbf6-fac1779669ff,1539793630381,1539793663058,32677
2fe272cd-d7a5-4791-b523-38a4ad8127fe,1539793630619,1539793665250,34631
cd6d5973-585a-4078-8f94-a169e87921c6,1539793627530,1539793634973,7443
983f9640-7a72-416f-b4a4-404ed561a113,1539793629784,1539793657495,27711
7d27b3b4-b47b-4268-9a82-416b8ea9a6ec,1539793627760,1539793637498,9738
35c7e3f3-44c1-40cf-b818-0d4d4ef9fc4c,1539793628819,1539793647799,18980
641247a6-df46-495f-9035-a384f1ceebc5,1539793629237,1539793652396,23159
c1c5f5f7-d609-4ba4-bf50-9f082829f4fe,1539793627383,1539793633966,6583
57f16174-ad0b-4f83-900b-cbd16f2bcfa4,1539793630361,1539793662943,32582
423f7249-c67a-4fbf-83cb-de962dd1a677,1539793627557,1539793635224,7667
bce147f2-699f-4b6d-89b1-b73c0bdf3119,1539793628428,1539793643911,15483
a98cef3b-cbe3-40bb-b671-fa7bfa2d61cd,1539793627478,1539793634442,6964
a8bf18eb-ea86-4a6d-9f73-c70cc9bc9fbb,1539793629727,1539793656786,27059
3905042c-7f5a-4b60-b573-54fe951e4ad5,1539793629871,1539793658463,28592
f0901237-5cb4-48f7-a6b8-5f3664da0fb7,1539793628500,1539793644528,16028
4b7d95c3-0259-4c9d-b650-39a1011a602a,1539793627269,1539793633051,5782
309ba386-566a-433e-abb4-367865a0a3c2,1539793628361,1539793643116,14755
2770c400-2433-43a4-a6cf-6f2347aef18b,1539793629701,1539793656538,26837
b9263df9-2900-4ee7-b440-4f006bf30389,1539793630880,1539793666207,35327
412fe925-f284-4022-a203-ad0a3724549d,1539793630548,1539793664785,34237
30d092c2-8b52-4eb6-bb57-7d277179b24c,1539793627679,1539793636507,8828
5ce80918-7001-471e-9675-9e20724703b1,1539793628815,1539793647776,18961
24f0714a-cdb3-437e-a970-419267c2c144,1539793629187,1539793651784,22597
2a19d837-9552-4351-af29-46adee612940,1539793630589,1539793665064,34475
75392791-7715-4eb3-9f63-e88c914c5aa3,1539793627583,1539793635450,7867
665cc212-258b-4cd2-8555-f8fef0b799b3,1539793626708,1539793628017,1309
f0d9cc29-691f-451d-b4cc-e3b56f2c701c,1539793628286,1539793642463,14177
8ef96384-f874-42a1-b144-e8edb9517ba7,1539793630078,1539793660185,30107
b9d7a9a8-6158-4d67-ae30-f651af5fd115,1539793630722,1539793665637,34915
e83d0931-daf4-4316-a6e0-72f4d4b4a05d,1539793628782,1539793647429,18647
f1aede2b-e6c3-4653-a013-edb6a22c2744,1539793629340,1539793653367,24027
7945546a-88b4-467c-bf8f-a3aeb07369cc,1539793628569,1539793645261,16692
6fee6ce1-aef7-42a1-a41a-de614f46c9c6,1539793627889,1539793638805,10916
518ed35e-cf50-4779-9bf5-9d2a935bb0de,1539793630640,1539793665391,34751
28695de8-a3e7-455e-a171-85a39eab9a38,1539793627008,1539793630442,3434
cb1406a2-4b60-4f14-84a4-277512dbe0d4,1539793629995,1539793659485,29490
520c68f1-6430-49e8-bf00-cc1718d1647f,1539793629959,1539793659284,29325
2ec4c317-8b9c-4d1d-882f-dfc710856e6a,1539793630561,1539793664840,34279
e4311415-02cf-42b6-a6de-f31f1afc38c7,1539793627277,1539793633095,5818
e388f9df-f773-4806-9127-47f9bbc50af4,1539793629805,1539793657740,27935
21dbff30-f4f6-43d0-9927-b6e910a6e1fa,1539793627595,1539793635580,7985
8eb8b2d9-9da6-4221-a281-33a41619054b,1539793628031,1539793640109,12078
b566c608-a4bc-415b-95f0-7afd2a38eece,1539793630342,1539793662718,32376
6ceee79f-4250-445d-88a4-488d421db2e1,1539793628059,1539793640324,12265
9229fc36-38a8-4170-ad0f-283af1e2145e,1539793627647,1539793636128,8481
127a1cf2-2f5f-43e4-9605-d1e0a22a686d,1539793628226,1539793641775,13549
aaa57a05-7d45-48a9-8238-d1269c2965e3,1539793629454,1539793654371,24917
36585415-25d7-48d8-9a6a-95b9c0a0b480,1539793626593,1539793627089,496
5c28bee4-12a5-4049-be2f-309b241e9fb2,1539793626961,1539793630132,3171
1af7b237-503a-40ff-b29f-750a1ecace3f,1539793629441,1539793654221,24780
1179609f-4320-48db-ba04-519a20fb2800,1539793626699,1539793627990,1291
65d01ffc-f7d4-40f9-9894-2115029832f9,1539793629641,1539793656012,26371
74a93048-4734-466a-a3cb-6871eed8c140,1539793629399,1539793653901,24502
fcd230c1-4d3a-4295-81a6-c495ea3b936c,1539793626730,1539793628270,1540
7a4ea800-8380-4f5e-b689-18597535a13b,1539793627445,1539793634140,6695
da55ab60-73c1-401a-b076-95b2a82678a5,1539793630534,1539793664644,34110
35634d6c-d25a-4380-9e0b-94a6cfd935b6,1539793627626,1539793635884,8258
a1435350-df8a-4f0d-aa97-d0adc2faceee,1539793630465,1539793664034,33569
6e30a67c-7bb5-4930-a36e-4acc169b0a3b,1539793627265,1539793633004,5739
66c6616d-8e26-4c99-950e-5f98617ec593,1539793626858,1539793629187,2329
17721b57-7b52-4861-a43e-1d7d3a1dfacc,1539793626770,1539793628638,1868
21070d5b-29a4-4b1b-9b34-d23bb9a67947,1539793629917,1539793658857,28940
93896d7f-dc91-4600-a7ea-f1b0afa9706b,1539793627434,1539793634077,6643
09b95cfc-7066-4459-8c82-4fdc5b0ee088,1539793629029,1539793650077,21048
d74f6d69-f28d-4305-92b8-e44cdae158d0,1539793629842,1539793658178,28336
31220545-3762-4e4b-abf8-5900370aa49a,1539793630897,1539793666260,35363
bbbad2f3-96dc-43cc-a1bb-9b67466f03cd,1539793628087,1539793640536,12449
b48cd2fa-24a3-424c-ac86-96aad4eab528,1539793628997,1539793649590,20593
4b18e773-6484-4cec-8b50-f4bac06f697c,1539793629320,1539793653172,23852
1d386c57-cda1-42b8-8a30-707eff8b56d7,1539793628124,1539793640876,12752
295d0388-6516-480f-ba26-a2f11e9c357d,1539793629650,1539793656064,26414
10103730-1f94-4f92-b7f7-1c7997fa8aa0,1539793627805,1539793637955,10150
57f59aa5-6150-4edb-a6aa-0781bc7be1f3,1539793630565,1539793664908,34343
612b5f33-79f3-4174-8319-ba917d281f83,1539793630851,1539793666107,35256
6400ce3e-8d08-42d2-a4da-48adff0f401a,1539793627635,1539793635994,8359
5c013a22-1503-4731-82f4-8e629fae5836,1539793629834,1539793658084,28250
0f042c98-db50-42a2-b734-f1d9373b11ef,1539793627449,1539793634153,6704
52e71673-1e6c-43e3-ba16-57317cd488f9,1539793627843,1539793638354,10511
96b99e4c-7454-4287-99a7-a8fff9d45f42,1539793628960,1539793649218,20258
d10d6e26-c5c3-4789-b13f-8645873e7086,1539793627603,1539793635660,8057
070d8294-899c-4b96-b6fb-58c594b9c6f7,1539793629104,1539793650772,21668
07299c6e-af55-43e2-9e1e-ea220cacbc0d,1539793630713,1539793665609,34896
4e3465e8-45db-47ae-a324-d5e6fe758d1d,1539793629780,1539793657461,27681
51740e65-a6af-49e4-b09c-5bbc4df57a6c,1539793630436,1539793663593,33157
edccab37-26bb-4e65-b4c1-4ea76b592174,1539793627116,1539793631611,4495
c389699d-2494-49df-8d29-9708314e991d,1539793629772,1539793657373,27601
110ea0ad-f606-4fd5-9902-087bf0ea384e,1539793630500,1539793664296,33796
ac59c9ad-94fd-42d6-ac15-c19f6ef7446b,1539793628899,1539793648649,19750
b783b326-e46b-4710-8411-d4bd802e5d1d,1539793630876,1539793666192,35316
28d11c70-5ebf-4e2b-a4cc-ee147bc3c0dc,1539793627317,1539793633367,6050
7fe39610-4cbc-46c5-a451-daa02ee5d795,1539793627809,1539793637969,10160
6154ae08-c6a0-4501-82f3-23c4402b6390,1539793626853,1539793629137,2284
dc6794c0-a829-4049-b8bc-eca171c6ec7f,1539793628577,1539793645414,16837
e0fe77a5-8cbf-4d73-a75b-f94c1d0798c9,1539793630111,1539793660618,30507
2d4c1da5-cae7-4a33-a6b6-db8cbf93700c,1539793628764,1539793647304,18540
9d5af4db-2d9c-48c2-8a84-b5189e1faca6,1539793627162,1539793631983,4821
1ae5670e-cfe7-48d8-b600-fb65f70c8d03,1539793628382,1539793643356,14974
f4ab41cd-f884-4cbe-abc6-743664f38a2e,1539793630863,1539793666150,35287
a002e54e-642a-4d53-9c7a-fb5bcc4f0110,1539793628585,1539793645488,16903
b3afbbb3-fa32-4d95-8ea1-0ccb5bc6ebfc,1539793628205,1539793641557,13352
2978bb34-9ab6-401a-989d-82438a463090,1539793627955,1539793639374,11419
05993a84-5caf-4c89-b482-015d2204d511,1539793627980,1539793639570,11590
07f591d0-17bc-4dd6-8d0a-5fbd5473393f,1539793629571,1539793655343,25772
40fd2d14-f0f1-4d7a-897c-8aae855737dd,1539793626637,1539793627476,839
2b55406f-f9a2-4c56-8770-254dd64ed290,1539793629934,1539793659143,29209
73f59c9e-64a1-4628-b1d7-9221e67cfa92,1539793630808,1539793665965,35157
16fefe20-7856-4bb4-9ae0-d74a3fcb1606,1539793627309,1539793633236,5927
cc38feae-880b-4ccd-b1c3-d05b4377d1d5,1539793630768,1539793665829,35061
d99488fa-5da6-4b62-8fba-43abcac90a3a,1539793627065,1539793631119,4054
ee2e03bc-04ca-469c-bd5c-bb18d7987128,1539793627491,1539793634661,7170
6614d0e7-e8fd-4d2f-9ee8-c2c4695e28c3,1539793630792,1539793665911,35119
02920460-b581-4ce5-a151-2bd6db771b22,1539793629395,1539793653858,24463
b4f5f0f6-8bba-4d0a-bda5-8eea610eb668,1539793629654,1539793656124,26470
c698492f-5ef3-4345-a6d6-f42ced6e64f1,1539793627195,1539793632237,5042
6c872912-f715-4eec-a18f-abc13576d1a0,1539793628054,1539793640265,12211
2849996d-327c-4104-9be6-fc81f6d1f2a5,1539793630704,1539793665581,34877
8992f3f6-1b7a-42ae-8e87-1105757b0747,1539793628496,1539793644495,15999
7ff6c89e-d61c-4891-9599-129b518473fa,1539793629817,1539793657825,28008
ce327b0e-23c7-4658-b70c-b3d3674d56b5,1539793629025,1539793649993,20968
13c93af3-c69d-4afb-a82c-5c5d373f646b,1539793630825,1539793666020,35195
d62f675b-1bad-4c69-8bec-daea4183ea76,1539793627939,1539793639239,11300
2424368b-b9a1-4a60-af62-b34c5c5aabfc,1539793629120,1539793650932,21812
e0621780-dc93-41dc-98fc-8de721d4cf14,1539793627688,1539793636570,8882
64a6acd1-f621-450e-a8a3-2dd2eadc4389,1539793628573,1539793645348,16775
2535f51a-72ba-4fbd-941b-4bed8daee287,1539793630187,1539793661298,31111
ad634a17-e3b6-4f27-92f1-ab0638199ab2,1539793629378,1539793653788,24410
434c4062-f40c-4e82-9341-c1158ed3656d,1539793630673,1539793665503,34830
214bd61d-c9b9-41ed-87c5-8324fef06ac2,1539793626888,1539793629486,2598
31e93d7f-7f67-4b30-85bf-dc6ab52a2460,1539793630432,1539793663490,33058
d8f35e8e-8aa8-4aed-88e0-3c5dae80160b,1539793627249,1539793632865,5616
09491492-08dc-44ca-818d-73cbceec0542,1539793626875,1539793629371,2496
17d343e1-6474-4993-8526-96f6e4726671,1539793628104,1539793640706,12602
178053a0-d116-49fa-a3b4-25eff5426ec8,1539793627591,1539793635565,7974
1f625dc6-6e04-444f-9a0e-a7b40fbde843,1539793627964,1539793639454,11490
6be4bc30-47a6-4364-adab-e6787f46695f,1539793629065,1539793650340,21275
1d3f899a-2b1a-47fe-8504-d6af771bd44c,1539793629913,1539793658824,28911
13c566a9-1a6b-4a4b-bc8d-87ec5ecce2c2,1539793626655,1539793627644,989
fb692fd8-04ac-4903-9af7-955233ecde7d,1539793627719,1539793636982,9263
a121b3bc-6aeb-4648-9d0a-f49143f8f495,1539793628395,1539793643500,15105
e585b854-2e2a-4599-83ba-3f0d6bcfbcfe,1539793627578,1539793635437,7859
12cd2bb1-ad0a-408c-aa56-9460ace71c5e,1539793627708,1539793636875,9167
fd77b676-fef0-4e11-803a-516912190df5,1539793629547,1539793655207,25660
1ae65912-279f-4250-b1df-dfc931a2943e,1539793627727,1539793637109,9382
aa3a8416-fecd-4b82-a861-2a1141ac6538,1539793630784,1539793665884,35100
57108e96-59dc-4dcb-8266-fc582f5553f2,1539793630366,1539793662957,32591
8b67f8e0-46b8-431f-922b-a7c0adb2873f,1539793627748,1539793637304,9556
5bab1dd6-6d6b-4d79-878e-73ce8c999449,1539793630272,1539793662009,31737
409eb988-393d-444b-8c6c-3bf2a98c1605,1539793629303,1539793653048,23745
b2f2e14b-0967-495a-8d64-d2bdf971fab7,1539793629521,1539793655118,25597
c8377af9-c3ec-4d22-b01a-f3acfdcdeb2a,1539793626946,1539793629984,3038
fa78e947-7ec5-4726-a77e-6a9b81586d41,1539793629583,1539793655454,25871
1b8e5fd6-922b-43fa-ba5e-d0b67c859f3d,1539793626800,1539793628903,2103
deab1370-6de7-4eb9-b32a-389faac882a5,1539793629437,1539793654158,24721
b1e6f7e2-0299-458d-a330-27efa1d491ad,1539793630170,1539793661176,31006
1249d4d8-2c9d-4a8e-b57a-a423ca9c5770,1539793628348,1539793643020,14672
8682ad05-f486-446b-ac25-2e075c6bc051,1539793628854,1539793648129,19275
e565cc5e-6d65-4898-9c85-3517e808c28a,1539793626814,1539793629019,2205
e6dbb7b7-66af-4e06-8ffb-361cb0beef38,1539793628712,1539793646988,18276
a7a1a410-5f29-4099-90f5-5afc31b83120,1539793628509,1539793644595,16086
9977148e-f75b-45f2-87d0-9f838c2e9059,1539793628889,1539793648602,19713
a5c7e940-3106-4e01-ae72-897c388c02f6,1539793628365,1539793643172,14807
9e548fc9-594d-425b-a198-7f9b7591fb9b,1539793630556,1539793664826,34270
922a13a4-fd62-446c-8d41-1c653746452e,1539793627245,1539793632825,5580
276394c0-2f2b-47a6-82c6-f2628e966489,1539793630448,1539793663672,33224
e8a4ae32-58c7-4dc6-9e36-a38a7e85b4e7,1539793627911,1539793639019,11108
e9d9710e-a6f2-4152-89c5-9602308fe32d,1539793629846,1539793658226,28380
65e83d25-73cf-4710-aefe-4659b4ce63b6,1539793628599,1539793645675,17076
8c022c0c-1358-49a7-b7e4-3c55fd956927,1539793629674,1539793656317,26643
ba519858-0ab6-41e7-8a26-d6489ee3e284,1539793629308,1539793653078,23770
f324983b-d212-4216-a142-1e099adf447e,1539793628108,1539793640724,12616
986caad6-aaec-426f-bbf3-2e4d6399c2fa,1539793629091,1539793650621,21530
016009a9-310d-4de6-b325-6a8617fb5edc,1539793627663,1539793636310,8647
95c47187-0ae4-43e4-842c-15e716040fea,1539793628261,1539793642170,13909
c9b7f723-401e-4209-af43-ae96533b0f52,1539793630521,1539793664512,33991
2d0c0695-c92a-4d3e-8537-a43fc8aadd7e,1539793627659,1539793636267,8608
42a85169-b051-4075-8a3a-34ce3c1407da,1539793628760,1539793647283,18523
e4cf0771-8af8-43f0-b395-e25b1d686c1e,1539793628133,1539793640938,12805
3489fed2-0d82-41d4-b568-d1d3ce17df3f,1539793630504,1539793664374,33870
3e0fe04a-95f4-44e7-b847-c6ebd1c772c8,1539793627363,1539793633837,6474
3c4bf900-4ead-4611-8067-1a61b093a4f1,1539793627487,1539793634592,7105
1eb3ef6c-11c5-4600-a0e9-24ff772b1bb4,1539793627935,1539793639211,11276
80b9c081-5530-438f-98a8-0577036154e2,1539793630268,1539793661917,31649
5dd88f1f-13f6-4a4b-ba49-a00f9dffa8e7,1539793628607,1539793645784,17177
0f4b8a22-a51b-4741-9762-14f072725751,1539793627814,1539793638038,10224
225cc00b-fd98-4a80-9688-60254fc8369c,1539793628560,1539793645117,16557
92650a38-3749-4f85-b9a0-6235f59b64e6,1539793628291,1539793642492,14201
61d2ec39-8a3a-43c5-ac1f-d240552a9d18,1539793630012,1539793659638,29626
a6321530-13ee-4150-b7dc-6ff47a4e1c83,1539793630016,1539793659655,29639
bb2122d1-1ddd-4dfc-9e5c-46ed4f7f4273,1539793628724,1539793647061,18337
3dda4f47-feff-489f-a70f-d8012fe72c8e,1539793627453,1539793634202,6749
0e78de51-d4af-46db-97fe-41dfd7fe7dff,1539793629416,1539793654001,24585
dc6dcbca-cc80-4b1f-9605-704acaf48131,1539793629683,1539793656385,26702
6c8cd03f-f991-4b6c-ae62-256162cf9ac1,1539793629909,1539793658793,28884
ee50b822-af00-4c72-9f75-5cf764e393ff,1539793626950,1539793630014,3064
34420ff3-bb23-4c7d-962b-3f5ca18d2e8e,1539793629662,1539793656196,26534
51cc7cc1-db8b-49d0-8cc7-76105aa39275,1539793629383,1539793653821,24438
db34ff9b-9e7b-4b3f-985b-ad0254a5b4db,1539793628700,1539793646876,18176
2fac23ad-483f-4f38-98c3-4f8ac2717ebe,1539793627667,1539793636326,8659
1cc38e9b-9e91-4a77-b6d9-87d98380a022,1539793627286,1539793633128,5842
ed2cf086-2996-42d6-898d-ec038560c6b9,1539793626862,1539793629217,2355
40cade8b-74b3-41ca-8bab-e26d6a854d53,1539793626896,1539793629559,2663
db7aed6a-6d86-45dc-95da-811b14a8e8ff,1539793628440,1539793644024,15584
7ecd6758-46a9-4bea-8dcd-9f2b38df4a20,1539793629146,1539793651203,22057
3ce75b51-949c-4d13-8130-32e03e1fce29,1539793629216,1539793652177,22961
11a18c53-1fc0-48c5-b86d-9ac7e8331194,1539793629100,1539793650737,21637
0210335c-90f5-48c9-baf6-bb9ebb7ca863,1539793627907,1539793638985,11078
7d9676ab-45be-4fa9-a5dc-a84ece0bd257,1539793629813,1539793657807,27994
a1d61510-b8c3-4e53-a9ba-be772ae3c420,1539793626787,1539793628756,1969

Average Response Time:,18683.0
Minimum Response Time:,373
Maximum Response Time:,35487
TPS (Transfers/second):,25
Standard Deviation:,10771.495714098282

Total Time elapsed:,39877
Number of successful transfers:,998
Number of transfers with response time >1second:,978
