196aed6f-ba63-4118-9779-1f87c73d7c9f,1538385772975,1538385777325,4350
fc349689-897e-425a-b0c9-808feef9d0c2,1538385773659,1538385778698,5039
07f20a17-8e98-4aa4-9a9b-d84659a80ac9,1538385781485,1538385790636,9151
47d0fa63-b5de-463b-bcb7-16f0b9391246,1538385773601,1538385778577,4976
91c04e24-ff94-4e7e-8dfe-2a3c23b44166,1538385775647,1538385781736,6089
28881980-8a15-457e-8bcf-4bed910044c5,1538385767140,1538385767419,279
3120cd61-f66e-47f7-a751-9e6fe5ac8588,1538385782307,1538385791928,9621
7d1d0b61-617b-4cbd-919c-176789c966df,1538385785638,1538385797165,11527
f4161f38-a448-4232-a9ad-3ac250e427ae,1538385773431,1538385778201,4770
cc81ae00-2535-47bd-ac32-bad4a044d900,1538385773374,1538385778117,4743
e054fa1b-ede0-4a1d-9bca-0c6917735475,1538385774116,1538385779335,5219
5cf8d521-49f4-4711-866d-1d47a40c1cdc,1538385776899,1538385783846,6947
229aeca7-40eb-4340-a35e-38baadbe1b37,1538385771708,1538385775340,3632
974f9d49-affe-4be1-9a03-77827f45cc7a,1538385771764,1538385775393,3629
4c21a27e-62c5-471c-9805-56d297928ea4,1538385777700,1538385785008,7308
fb3859cb-d20c-43c7-bf31-c32d669c4703,1538385766479,1538385766815,336
8b01433f-0daa-4ecf-8ed7-d7f7ec3c42ff,1538385770498,1538385773374,2876
dbabf3a7-bf26-4ab2-b70b-193f2c561aa9,1538385768875,1538385769806,931
8ff19352-03c1-4b3e-9a50-1b47d9a31c05,1538385781601,1538385790871,9270
20a1a653-45bb-4706-b4d9-ed361f64f5c8,1538385776842,1538385783710,6868
c0b5f7ab-4eaa-4c28-8b59-5bab4c1b3c54,1538385792349,1538385804489,12140
e2cc38e8-42d6-4196-931a-a370f3dac048,1538385766115,1538385766393,278
f239aebb-a223-4a83-8fd9-09c1c878ba07,1538385788398,1538385801011,12613
71a902cc-2610-4fce-96ef-8fb9c5f6ae51,1538385789358,1538385801970,12612
7a429b50-0e86-4029-b1fa-d889a747912c,1538385773942,1538385779085,5143
90b919df-6797-441e-a6cf-0ec9dc9ec97f,1538385778731,1538385786445,7714
361bc1e8-899b-4b71-91bd-2301ae6ed05a,1538385767951,1538385768289,338
a21715bb-bbea-41eb-8b80-afe279375ba1,1538385778503,1538385786067,7564
f83db833-eb39-4bb7-aa33-084cfc17f9b8,1538385780003,1538385788331,8328
748c37f0-705b-47c2-8ace-5ce20567815b,1538385784279,1538385794961,10682
4b0c259a-469b-49dc-a06b-f5d33275e838,1538385792905,1538385804751,11846
a0fb3412-4cbe-4a72-922b-ae107481ebf2,1538385779372,1538385787392,8020
978640f2-9dad-492b-9ced-b5ac6ad07992,1538385784953,1538385796035,11082
b7d35986-cfb3-4fe6-80da-50b57f049261,1538385787835,1538385800285,12450
88efbe1a-9f54-455c-94b5-8fcdb2f6ba72,1538385791725,1538385804170,12445
bd186dfc-35dc-4b2f-b31a-634b8b066d2e,1538385765584,1538385765935,351
45caa7aa-d273-493c-ad79-33287ef2e9a0,1538385773317,1538385778032,4715
66956d35-ceda-4803-89a6-a3a311c044c6,1538385788115,1538385800584,12469
91c5c7d0-3d2a-4e47-b3b4-8b7a0937eff4,1538385788453,1538385801064,12611
c0721d86-903a-4daa-9aa4-4191e1f77df9,1538385769161,1538385770876,1715
4a8596e4-f77f-4247-aa27-246be80fbbc3,1538385787891,1538385800314,12423
2b8f9d05-1629-4bc1-81a2-73d8e0a28eec,1538385777362,1538385784415,7053
cb922c7a-b24b-493d-b717-8e01d06e6116,1538385778616,1538385786301,7685
ca30f45e-5ce6-45d3-a90f-4bc1402366b5,1538385772578,1538385776619,4041
e4c5d018-3166-4451-9216-7799589705f4,1538385785011,1538385796109,11098
c2221117-e42f-4569-9ee4-d359a19a0a40,1538385786766,1538385798862,12096
ebeb03d2-fd18-4a57-9aed-b0f1c93131aa,1538385777530,1538385784711,7181
29f59ce7-57d1-43ad-8f94-ff934c2ff370,1538385771423,1538385774856,3433
5d3a6b1e-fd6e-454a-b725-c5d5634526e9,1538385775818,1538385782052,6234
47fc69c3-4bd7-4ec6-9466-7214cbfb01b9,1538385781544,1538385790794,9250
7622d732-f0d6-4db2-b7ee-4b3d4847cdce,1538385781311,1538385790345,9034
327cd918-1202-4b9b-89ac-f134a5f8030c,1538385765874,1538385766182,308
808d28cf-2304-475b-aa2e-ba6d52830cab,1538385779142,1538385786995,7853
7f75fe7c-e8b3-4a5c-af17-b759e90d609a,1538385788740,1538385801371,12631
ad1ce232-6d5c-4902-9353-d04042b2c894,1538385792069,1538385804334,12265
54adfda8-cdc7-4ccd-992e-98a24bb9b087,1538385772055,1538385775850,3795
d6e20064-1fa8-47f9-a231-e4d3aa0a93fb,1538385793806,1538385805229,11423
c5b74e9b-a314-46da-b1bf-7253b5d43493,1538385778278,1538385785732,7454
7296f44f-1ca6-4599-99af-444da7d33eb7,1538385777756,1538385785091,7335
4a9f9207-b763-40a0-8ea0-2310788588d7,1538385780791,1538385789517,8726
f6358e32-9569-4714-a2b6-ed5583c43990,1538385778103,1538385785533,7430
75d65acd-6f5e-4b9d-b540-190908823fc6,1538385782705,1538385792575,9870
fa0162a5-9cbe-4bf0-8d06-c81776afe085,1538385775876,1538385782144,6268
d2da9df1-5f0a-46f7-96e7-bf55579affaa,1538385776104,1538385782542,6438
b0aa9ac4-455d-4cd5-874b-ab21c90afb3f,1538385784894,1538385795920,11026
ffa623ba-655f-418d-9ee3-6aa6c985e14f,1538385771192,1538385774531,3339
9ea5c965-2b48-431f-bdb6-9d0adb6b9da9,1538385779198,1538385787110,7912
4963a1b7-995d-4bf2-8786-ceeaa3225836,1538385792011,1538385804307,12296
e0cd168d-e18a-4ea4-800f-d7cdebcc5620,1538385792522,1538385804620,12098
922c809d-62e7-47a8-9311-b42b80fae953,1538385772634,1538385776709,4075
f85b8ee6-6283-440b-b993-865d01a8cc87,1538385766360,1538385766653,293
7e41221c-b043-4da9-90d3-c3254ddd0f79,1538385765701,1538385766026,325
b807480b-ed2e-40cc-8154-752fb630a13e,1538385779547,1538385787656,8109
ae28212d-c957-48b6-a870-43ff505e658b,1538385779312,1538385787291,7979
91dd2fbf-8d67-4b87-8548-cdd17ee429a0,1538385771821,1538385775468,3647
cd2d917c-40a7-48c6-924e-7ba0469f6d93,1538385787331,1538385799579,12248
d9222b23-e699-4d16-9845-6590618b8c2c,1538385781254,1538385790268,9014
de4c2de5-c3de-41cb-9ca3-22d5d1724571,1538385789749,1538385802367,12618
937e40bf-5e76-44c9-8950-fdcc05a9d3fa,1538385794088,1538385805374,11286
aab1561f-33b7-4263-8256-0d13156569af,1538385775074,1538385780758,5684
4ec8d840-414e-4589-9c55-420b9310c4fb,1538385784113,1538385794737,10624
c7d788ca-b6f7-400a-b575-553290d54581,1538385786429,1538385798362,11933
67638040-83c4-4234-a196-9c7b68e848e4,1538385769845,1538385772079,2234
ff1fc768-fbdf-45f0-9977-7ff49faa717c,1538385774173,1538385779422,5249
d5770ccf-b00d-4ecb-9733-017b097a3068,1538385785180,1538385796390,11210
b8ce36ba-0105-472d-8b65-9025354b63fb,1538385785694,1538385797220,11526
88947e41-86bb-4ea9-b59e-83196beebac1,1538385775186,1538385780921,5735
f9266e85-03ae-4d8d-a508-b8c52e9236c1,1538385766662,1538385766938,276
9c181d5e-79e8-4371-86be-d40f6eee798e,1538385770383,1538385773154,2771
ec9223ce-eea9-44d2-bdcd-e9d54938e42b,1538385769673,1538385771736,2063
ee84752a-e515-4eaf-a11c-aad21b3cde3c,1538385779255,1538385787169,7914
024be1d7-66fe-4917-9db1-7c4c0acfe906,1538385773998,1538385779166,5168
3bd0a2fe-2f81-4c50-80f0-a7bb7bde3b53,1538385781028,1538385789931,8903
6ddb6769-9d3f-4f9c-a1e8-b03826ee11b5,1538385780509,1538385789126,8617
75c0e9f6-083f-4837-bcd2-dbbb5a4ba9ac,1538385782250,1538385791871,9621
53d3686d-b5a7-45b9-ad9b-89f457edbbc8,1538385787218,1538385799495,12277
280b17e1-5335-4464-95f6-1e755243ca13,1538385779487,1538385787528,8041
9af37007-697a-4df5-a98b-41ebc4d8e2ab,1538385771365,1538385774732,3367
d4fa4fbe-a658-4554-9762-0ce3626344d1,1538385783550,1538385793846,10296
7dacde32-ba90-4d37-9f15-e116104b14d9,1538385790480,1538385803052,12572
b8a42db8-28eb-459b-a675-60220cc10fe1,1538385790029,1538385802619,12590
316ad82b-106e-49b7-b762-3394a15ddbab,1538385794032,1538385805332,11300
cc28a651-f81f-44eb-8382-26bf4874f896,1538385785404,1538385796784,11380
3b6260d9-1efc-4606-aec6-59027c9959bc,1538385779429,1538385787512,8083
6d33db79-22ea-42c3-adff-98da5192fddb,1538385791387,1538385803934,12547
9d8b5bb3-a0ca-46eb-930d-6e1b5fbb286a,1538385770727,1538385773698,2971
d60acb22-f388-424c-b9e1-ea6877dc945e,1538385781657,1538385790960,9303
d8fafdb6-6fcd-4450-af42-79e83c2415ca,1538385784224,1538385794908,10684
a75b67f7-37a6-43c2-874d-802b1111a4df,1538385793581,1538385805104,11523
97c5f50f-86ca-42de-bcb4-3dfafd5c952d,1538385768476,1538385768767,291
fbd06082-02aa-43db-b2c1-36fca6b20eb7,1538385781198,1538385790185,8987
3dbcc5a9-cf4e-4b04-af61-674a4fc963a1,1538385775933,1538385782211,6278
7d1dfc42-e472-4e32-a075-6d480f0d1b71,1538385767722,1538385768031,309
993225ec-c7f5-48ab-ad01-14874c2c410d,1538385777473,1538385784634,7161
a7768adb-a46f-44e1-b5ef-13c8006acb9b,1538385786878,1538385799006,12128
422b99ae-7c0f-411f-b2ad-99f87c47eb39,1538385769217,1538385771114,1897
3e5c875a-0678-4241-956e-549206595c8c,1538385778673,1538385786316,7643
5013cab8-b60b-4dc2-910e-103604dfdbd8,1538385768817,1538385769145,328
ccb6176e-6451-4db8-9d5e-19cff6823039,1538385781141,1538385790138,8997
7b6d1df8-3de5-450e-95af-7bd07bc6795c,1538385789972,1538385802559,12587
6f44f70f-c3df-4590-95ff-7a6c8ba3214f,1538385793357,1538385804977,11620
879ebc98-fdd6-41f2-9038-e359867427ad,1538385780679,1538385789381,8702
15400a0c-f557-4348-a743-d1aaa97ec943,1538385787275,1538385799562,12287
17ee4b9a-e25e-4173-b96e-16d1f4d9e045,1538385769048,1538385770705,1657
ca271889-8eed-472c-a34e-e550e0b48990,1538385771996,1538385775772,3776
68f8be94-ff7d-4f64-b31e-599a25877fe3,1538385766908,1538385767181,273
6a89d85a-a53e-4be1-b7df-7b7678ef6c17,1538385770088,1538385772575,2487
5c65644d-648a-414e-a269-3c293584badb,1538385773147,1538385777686,4539
20571229-61c5-4499-bbaa-17f6186fd997,1538385767894,1538385768185,291
a2bb431b-deb2-47a4-a712-8d61bf4d9b42,1538385782876,1538385792872,9996
28a88941-17ce-4db2-968d-b67ca3cc7e70,1538385775532,1538385781616,6084
abcccb8a-77e7-47ab-a6ea-e69415ef1c2f,1538385777586,1538385784790,7204
bb35dade-29e7-4356-b1d6-e8d9c6e41b44,1538385781745,1538385791027,9282
480de847-4088-476b-b02a-bbfb58682192,1538385766540,1538385766859,319
5841ab5c-41b1-4204-af37-0c973acf26b2,1538385778844,1538385786614,7770
cd9b2428-12c6-479c-a34f-ce2f730e2040,1538385780846,1538385789564,8718
f3093e4f-0b6f-4af3-813a-73ef2dfcf4d7,1538385794143,1538385805410,11267
a6319a72-9302-428c-a882-0ff82b189836,1538385785236,1538385796500,11264
d00202e9-0085-407f-80a1-0243e4f34c57,1538385791272,1538385803868,12596
e584cb6f-a8b8-43a3-93ea-b314c08d1a34,1538385789917,1538385802481,12564
3ff48a4d-47f8-4064-af60-8c8ba8468d26,1538385775419,1538385781434,6015
83939c90-ca58-4eb9-a80e-3536617a9382,1538385791780,1538385804198,12418
9df3139c-9a86-437d-948a-1e303b5d58f3,1538385770901,1538385773958,3057
814405dd-2ad6-41b9-8274-6ebaf022b436,1538385792577,1538385804649,12072
b43efddd-b359-4098-88f7-75d7c8bc47a8,1538385772227,1538385776158,3931
299e767a-2980-4070-bae7-12de65a89a29,1538385787780,1538385800223,12443
194e6b25-a926-4baa-abb3-40735f3ecc25,1538385766174,1538385766493,319
86ce1e22-d990-4abb-a946-967d49fbb4a9,1538385772520,1538385776573,4053
14aee770-9526-4237-b7c6-cf7a70af518c,1538385776955,1538385783964,7009
2dd15cbe-1dbc-47ed-acad-e0c2f2a681ff,1538385774791,1538385780367,5576
8cccea2b-93d3-4f45-ab00-053da72ad966,1538385783324,1538385793513,10189
41f19158-ec6a-4031-b4d7-249f5417e9ef,1538385785517,1538385796938,11421
12b0cb6e-c8b2-4e76-bf37-65ea8eff81f7,1538385789693,1538385802313,12620
394f05cc-8ca9-4dea-85a0-6084f2330ec7,1538385790986,1538385803596,12610
eb527d9b-e5cc-4344-b3d6-0787455c63f7,1538385791557,1538385804067,12510
b9e0137f-c6a5-4eaf-bc99-0c69ec73b681,1538385767433,1538385767712,279
7655326a-3ea6-4936-8162-c86ebc8f296d,1538385768419,1538385768710,291
b1df0027-b51a-433d-a8e2-f8a2c359defd,1538385780285,1538385788751,8466
5395f242-5d75-4243-bcbc-a3ee9769f44e,1538385785124,1538385796308,11184
d6635d88-5eb5-46d6-964f-18de64a62061,1538385790760,1538385803363,12603
23aea301-e137-4eaa-99eb-dc553cbdd3ec,1538385778046,1538385785484,7438
05aa46eb-6281-42c3-95a6-967741912dcd,1538385767319,1538385767616,297
bad438a7-2a08-4399-9fde-016fcb454245,1538385771249,1538385774553,3304
a51bfea9-1ed4-4cd4-9dbb-e30695df111d,1538385785862,1538385797521,11659
98b37006-3812-450f-91fc-077d4233b0ef,1538385790592,1538385803194,12602
405624bf-609e-4125-a13e-07d0df986bff,1538385766849,1538385767163,314
b1911791-5d0a-493f-b352-95458868848d,1538385784838,1538385795847,11009
9634d32f-4acd-4b10-b30d-4acb2480a77d,1538385769969,1538385772301,2332
2f466834-57e1-40f9-b998-cbc4890c1dd4,1538385790315,1538385802894,12579
1690856e-e6b9-469f-bcb5-b2c410cec87f,1538385777191,1538385784216,7025
ac662e97-5430-432e-93a3-896844580969,1538385786655,1538385798716,12061
826b1319-b202-4af7-a84b-c9b0ee06e326,1538385793021,1538385804807,11786
7deffaaf-1f75-4cd2-b773-7c6fab552150,1538385768124,1538385768432,308
9e415f3a-205b-4943-957d-4bf760784cc0,1538385793693,1538385805164,11471
6ee57333-d6b5-4726-b666-7222880b7543,1538385774284,1538385779635,5351
6f28facd-90ef-4bf6-a643-ddd886d38ab8,1538385786486,1538385798487,12001
38f2845b-98d0-4ebe-acec-dbddf0d4e2d8,1538385768008,1538385768370,362
e9f4ce07-c772-4f01-8048-53f94b48e5f8,1538385777417,1538385784522,7105
1e50a00c-1868-40a8-a1e2-b2d6352c0d7b,1538385768360,1538385768658,298
bb4e0ff2-f63b-4bdc-b5fc-ffc5007e9d12,1538385774399,1538385779774,5375
b39577df-3614-480e-800f-597b1773fae8,1538385792466,1538385804573,12107
f0abfe00-5866-4159-859c-ccdf27714a06,1538385785460,1538385796852,11392
e5c4b10c-8571-4882-ad87-41bab3798e04,1538385781969,1538385791413,9444
83522f12-0223-426d-bec1-85413c2f83d4,1538385782364,1538385792058,9694
5e2da3d5-8b92-4ec4-a592-fb9a0cb93317,1538385791158,1538385803753,12595
a914b19f-d524-459d-a6b0-99954b9888af,1538385774568,1538385779995,5427
4664d4dc-b040-49d1-8b76-59ac3f404732,1538385770960,1538385774046,3086
42ab2562-892e-46b8-a478-c74680966800,1538385784334,1538385795039,10705
07ef8f95-3416-4cf3-9422-eb5555695f13,1538385783830,1538385794294,10464
0e87c060-d84a-4663-b7a2-e74ad756b8e5,1538385771018,1538385774165,3147
fe13dc2d-f44a-4d08-acf8-c2c352639f3c,1538385771076,1538385774324,3248
a681be86-85ea-4a19-9192-90f547c99e17,1538385785349,1538385796650,11301
766768c9-6654-4465-8550-2b1c6ba14bcd,1538385780117,1538385788469,8352
5c0be14a-9d5e-4c32-9b28-6edd870b4374,1538385783662,1538385794021,10359
3f00a584-d514-45eb-aab0-e91dd4c485e1,1538385792405,1538385804503,12098
b766dd50-2bdc-4626-8622-c173b17875e0,1538385787387,1538385799647,12260
0b54ea96-d496-4206-b54c-11dbeb49dc3e,1538385782593,1538385792396,9803
82c7db64-1555-466d-aac2-dc10f991ca8a,1538385774228,1538385779496,5268
6e00c9e9-b814-464b-8770-7e76a7d933a5,1538385776442,1538385783042,6600
d4814db3-fe2b-4426-a014-c6cf4b9dbcdd,1538385784725,1538385795678,10953
d3aea003-0e6e-4c4a-9ce4-684638e5eaed,1538385790872,1538385803525,12653
5ef34049-01b3-4375-b29b-b7838c36a3d7,1538385765461,1538385765777,316
62204c65-6241-4ba4-8bfe-03cf22f91f6f,1538385771878,1538385775593,3715
d0fdcd6b-861a-4e74-850c-77142ef76866,1538385784000,1538385794519,10519
fb92be29-f369-4808-8db4-73cfe2db9e08,1538385786312,1538385798192,11880
e471eebe-0340-483a-88d4-8abf93d92fb8,1538385766968,1538385767238,270
74ff4d23-bb4d-4929-b5c3-c596ea5a8f59,1538385770148,1538385772720,2572
b72907bf-8ea9-49d3-9a79-b9f4f38d0149,1538385784501,1538385795309,10808
af43b34c-c8a8-4829-a747-b399036a2383,1538385767376,1538385767634,258
b12a5b0b-14a0-472f-884b-99e29b82c2ca,1538385781428,1538385790550,9122
61a746da-2a19-4200-839d-a4179456188c,1538385793190,1538385804893,11703
cf619fc4-aee2-46d9-8e4e-6fe279af37b8,1538385786543,1538385798573,12030
2812a73b-9807-4ca5-8f5f-9911b8bf5fea,1538385771651,1538385775254,3603
710ddd9d-1674-4f86-bd9e-489bbecbfb76,1538385776048,1538385782437,6389
af8589d2-26f4-48d1-affb-43087152739b,1538385787047,1538385799259,12212
1bb28a4a-25aa-48af-82dc-c3ca6f6ad80b,1538385769730,1538385771813,2083
976398ad-9a24-4bc5-9ccc-f4ecac566d4b,1538385787947,1538385800405,12458
b7791796-2d5e-4943-92f1-dddef1bf4729,1538385790084,1538385802660,12576
6700ba8d-2333-44e8-a126-2bec1f8e8e2e,1538385774735,1538385780238,5503
367d3b60-d3b0-48e7-a5cd-c3730e99ff7c,1538385780735,1538385789426,8691
d5336ced-50ca-4f68-884d-ec095495fff1,1538385780173,1538385788516,8343
f58c4ab1-5a63-43b2-93a3-5d707d56c057,1538385782476,1538385792220,9744
4a29fb33-d41d-4508-a0f6-32bac8062955,1538385769273,1538385771156,1883
7a043f7b-1772-48fc-af93-4a3b3bbda803,1538385778335,1538385785815,7480
56245f5a-f064-4713-af13-ced8b6c8357d,1538385789077,1538385801642,12565
4a37ca99-ff10-44ea-879d-8737d55dc1e2,1538385770269,1538385772960,2691
a79e46bf-bb71-4b65-9e91-b8bf5c12d362,1538385780397,1538385788945,8548
fbf79cd4-8c27-4319-bd6b-d96f452e8bab,1538385788342,1538385800974,12632
dcbe9e1f-48cb-452e-aa1f-70fb9a00cabd,1538385784445,1538385795252,10807
c7ba70a4-d5fd-470c-8fd0-205cbc0e3d2f,1538385790370,1538385802974,12604
c4b52130-ebab-4e43-bc73-7e5548773d09,1538385779660,1538385787805,8145
f00201ed-e2bd-44bd-b046-e75756fe11e9,1538385770211,1538385772796,2585
e5fe8271-53c3-4c21-a359-a3e8e102c929,1538385793246,1538385804921,11675
4d6fddec-4796-4e30-86a5-b319a07cfd70,1538385776614,1538385783326,6712
e57eec5b-2df9-4531-b667-897f6c3136fe,1538385791042,1538385803633,12591
d635262a-74b7-4852-b4ee-2a0d67b7d452,1538385785918,1538385797591,11673
42beba2f-040c-42f7-9ccb-1b55c7469527,1538385774847,1538385780416,5569
a36b08c9-d866-4bbe-927c-54f886ee0a57,1538385770784,1538385773797,3013
342d0301-8d5c-482c-a2c2-1de36a9ce5f4,1538385782137,1538385791662,9525
7b647716-6095-4348-9ae5-b7ca8dcc0505,1538385768703,1538385769079,376
4a6492de-89ca-4082-b188-13e1a2822333,1538385783774,1538385794186,10412
dc6713cb-cb9d-45a3-9149-423be118d795,1538385779887,1538385788170,8283
2bd8d390-15ef-4356-ba36-287840c52f15,1538385779716,1538385787929,8213
f637135b-e3af-481f-886e-04abcba27ffd,1538385777874,1538385785263,7389
9cdda0a3-7a67-40a3-a14e-f5289f875c2f,1538385777076,1538385784053,6977
a206369d-a4f8-4577-996c-b0a707727824,1538385788796,1538385801417,12621
8d82bcfd-1d05-4d5c-a97e-25af64b51f9e,1538385784558,1538385795390,10832
2d5d59dc-3fe2-4161-9666-5c845898cac7,1538385785582,1538385797014,11432
3d775ebb-5568-4795-820c-7ea81aed3afd,1538385790649,1538385803225,12576
18b39038-bb23-4a16-8d67-e378f3fcf6fb,1538385781801,1538385791095,9294
ec88d622-61bc-44a0-9f8a-9eb0f584012e,1538385789246,1538385801830,12584
e79ce4ba-8341-4031-b102-9192dcf3277a,1538385778446,1538385785974,7528
4b63b787-af62-407a-b6ba-f8517abf3ab8,1538385790816,1538385803413,12597
0b56bc78-2b6d-4609-9f80-66790160fc83,1538385782194,1538385791786,9592
3f42899d-50ca-4da8-9535-3d28cc6806c6,1538385784614,1538385795481,10867
ee7f4534-e5b7-4243-a6d6-74498cd525ef,1538385766720,1538385767033,313
ce36ad67-eea0-480f-8513-005062ca66b5,1538385779086,1538385786948,7862
c080648b-4189-4364-89be-829df6ba2a2e,1538385769104,1538385770857,1753
7654c40b-fc56-4fb7-9ab8-0cbd9903b880,1538385786599,1538385798656,12057
1580cab1-22e1-40f9-9a4b-407c974f0e80,1538385769787,1538385771943,2156
d63e838d-6950-4362-8adb-c486535f8fae,1538385774058,1538385779239,5181
ef000b07-6ac3-4832-a603-55b09db3c36f,1538385765642,1538385765988,346
b64f6877-717d-4474-afe4-0acc5201f73d,1538385765329,1538385765679,350
fd2c0f16-4308-457c-bd7f-04ff1e85d50c,1538385772457,1538385776481,4024
75027c47-357a-4809-a818-34d1c227a87d,1538385782026,1538385791460,9434
c4b9eb0b-06f1-43db-a740-66b2f985120d,1538385765403,1538385765729,326
33581636-b129-47c7-8bbb-45583bc3479b,1538385773830,1538385778910,5080
ff478d72-829e-4c8c-812b-aec2e9af3775,1538385780623,1538385789244,8621
ae93de07-2e8e-4dbf-bbef-b5dc08fd246e,1538385784057,1538385794635,10578
8c9f188d-0b3f-47c2-acd8-3591e6524afb,1538385773033,1538385777472,4439
e40430d2-8fe7-4aa6-a1ee-e0ec5b85fb5a,1538385770326,1538385773137,2811
0cdbbf45-e0ff-4a57-8beb-f8c620e6133a,1538385791669,1538385804138,12469
063ccbe2-f260-4b1e-866e-2ccea2ec7a53,1538385768991,1538385770546,1555
2c2e0e5b-01ff-4c60-a0f0-daa7f4428664,1538385790705,1538385803291,12586
44aa8b68-1ea5-4885-a0ec-fced1e261e8f,1538385780903,1538385789673,8770
fcaf5838-2155-4dad-8a18-7ee2147777b8,1538385774341,1538385779699,5358
b814b92b-ad8a-4b25-bf40-820d0b558020,1538385768301,1538385768619,318
f68c9603-0860-43a3-b605-d2be8d6e5e29,1538385765993,1538385766306,313
2be31c86-ed30-451c-9e4d-e96737adc6d3,1538385775243,1538385781068,5825
3b2fe2a0-9a6a-41ce-9e1a-d51fbc1fe7a0,1538385769559,1538385771565,2006
5c6f547d-b0f9-4fbb-8940-86a38a06fced,1538385786711,1538385798788,12077
84b61bae-3fd7-4d96-a747-823c7b9657ab,1538385793134,1538385804864,11730
3f4514c4-1068-479e-b478-504c6db091a4,1538385793525,1538385805069,11544
c15aa71b-baa0-4394-9996-e6226f707ce5,1538385772918,1538385777185,4267
80cfc666-f773-4e58-9f40-07cb672b8bdc,1538385790930,1538385803540,12610
e176a0c0-90b3-4167-ae59-ea9178d0f98c,1538385777989,1538385785403,7414
abcc713e-07bb-4d3b-b333-98ef8a575be7,1538385793468,1538385805021,11553
4eb8da38-198c-482e-9c69-ffc6ce0754b2,1538385784168,1538385794820,10652
0fd6cbe3-1f99-45bb-a4e7-72fcbf7dae94,1538385782082,1538385791504,9422
0fbd9ed7-3fd4-4d03-ac05-4d183ce2a174,1538385787612,1538385799971,12359
cf2dac4f-ccc9-492b-b2b2-265c4f9585ec,1538385766782,1538385767094,312
bb7c93f6-ca10-4034-a8f1-affc27cbf78c,1538385787668,1538385800084,12416
04156721-5fe0-42c9-a1fe-0ac5303df2ee,1538385788685,1538385801313,12628
c5d5e9f5-9d4b-4150-bb43-de56bf5615c1,1538385768932,1538385769878,946
4ed47de8-a3ff-436a-84a2-342b04f50477,1538385779029,1538385786814,7785
755032dc-93e0-4ca7-8c4b-3b69a993da87,1538385786373,1538385798283,11910
20536973-a860-4605-83d2-fe4fa7c176f3,1538385793078,1538385804833,11755
d973d96e-e824-48d1-a82f-577decfd5144,1538385772285,1538385776240,3955
61db4900-e2e3-4bb6-ac1b-19fa20257adb,1538385775762,1538385781956,6194
a5b5687b-5ef1-41d1-bc38-586e5ee642c7,1538385769905,1538385772192,2287
c240fccf-3865-4645-bc27-b0e9e0fc536c,1538385793751,1538385805215,11464
7590fa83-59c3-4664-9a36-0c2990a3ec10,1538385791896,1538385804253,12357
5ac4f0ab-710f-4be8-849b-ac9f30c3499d,1538385774623,1538385780072,5449
917bdfe0-7719-4ccd-ad6c-78370745db7d,1538385767665,1538385767993,328
93d6c134-9ff4-4319-8ee4-45acbc5ad9eb,1538385773886,1538385778997,5111
c423ca5e-fffe-43b2-9394-ff1d83b27862,1538385788907,1538385801495,12588
857e3131-13ed-4ae5-b1a1-273a62018b96,1538385776160,1538385782625,6465
12d146db-b7d0-4a5b-b41e-da293e5afef2,1538385788570,1538385801188,12618
12ebfb19-da47-4f5a-8eaa-f63aab9425a5,1538385777136,1538385784149,7013
449c8c2d-04ef-4dfa-bac0-0278ee3cd23f,1538385789413,1538385802073,12660
47ea7494-0cfa-44e0-b187-89f7b3cf5cbc,1538385767836,1538385768137,301
6073e7df-d903-4f3e-ada3-87141f960046,1538385788962,1538385801554,12592
2f022174-8abd-4265-bdfe-0bc6c72a9aad,1538385767549,1538385767862,313
d52461fb-c8f0-48e3-a8ff-d64f961830ca,1538385791332,1538385803918,12586
a99c5f5c-0bd5-4ea7-87ff-fb1f60a04143,1538385781371,1538385790490,9119
b4c199dc-3dab-43a3-85e9-569dd11e0ee0,1538385792237,1538385804423,12186
51d43e7d-9834-41a2-939e-86a638929f90,1538385780341,1538385788847,8506
4b51411b-8fdb-459d-92ed-7f5c66b16307,1538385766053,1538385766345,292
495a8ab6-b637-49f9-b7e9-080270ac2582,1538385768066,1538385768389,323
bd5ac287-7625-4aa3-a7d0-6aa9404bad6c,1538385779604,1538385787670,8066
4279de4d-ed22-40fd-9832-5e7495eb7e93,1538385777931,1538385785328,7397
5d782d38-a9b9-4df0-896b-f2244c447c88,1538385790196,1538385802787,12591
a8a02f2d-ad00-4001-8383-c1909fc86240,1538385776555,1538385783186,6631
64f36b3b-e411-4e02-ae95-36070693f542,1538385768647,1538385768956,309
a8069b5f-624c-418a-b304-b23c783616df,1538385779829,1538385788092,8263
8b0909d5-ca4e-45b3-be5d-8aa95f4d9973,1538385770554,1538385773486,2932
f8b85601-8383-40fb-936d-085e621e896a,1538385779773,1538385788020,8247
4724f0ce-7aa4-4720-b4f4-157492ee9ab1,1538385769616,1538385771582,1966
91d4ec8c-6dc4-43c5-9ed6-7611aabb587e,1538385770842,1538385773844,3002
ab40ade1-f255-4574-853f-0c943758ea50,1538385780230,1538385788638,8408
ebeafe1b-3ccf-47a4-a2df-9d74e62cddc6,1538385767083,1538385767402,319
4318265d-9f0e-4b3d-8adc-2470bd52a62c,1538385776786,1538385783612,6826
1003c043-8d75-4835-a893-25ba04a8446d,1538385765816,1538385766159,343
4deb9e55-74c2-44be-b13a-776675538554,1538385775130,1538385780885,5755
90824ba1-35f7-45ed-8b41-6d1a5077626b,1538385792633,1538385804677,12044
e1182524-1c78-4703-9387-f166fad24c1c,1538385774961,1538385780597,5636
444d5db6-2fe1-4428-8c95-ed4ff0a5abef,1538385787724,1538385800173,12449
7a881ab4-f38f-4acf-ba90-3cde1fcebb76,1538385769441,1538385771377,1936
2dd1c8bd-69df-447c-a305-2b10770e53e6,1538385772113,1538385775918,3805
f2c89e55-d0e9-49d1-b860-2e10fe02a926,1538385776274,1538385782815,6541
a79baee4-a7a6-4096-a1cc-81f89a9a80fb,1538385788172,1538385800677,12505
62712fbe-08b5-4674-a643-d14f5905e644,1538385776674,1538385783433,6759
c1bd6fd2-badf-41b9-96ea-73eef49372b1,1538385782648,1538385792466,9818
7148e1e5-7c16-4013-b720-301cadc42180,1538385773716,1538385778742,5026
50b3aff0-c173-4b70-b473-cb68d2f3a356,1538385765520,1538385765853,333
2ec2d2c8-3639-4ee1-ae06-3783540b8275,1538385793412,1538385804993,11581
a637e1b4-0350-472d-a1a1-e5d13e81b5bf,1538385772859,1538385777116,4257
d86a6c02-b714-42ca-bf19-4bfd870976ac,1538385789302,1538385801892,12590
5f3ff8b3-8503-4929-8f0f-57173a2742ec,1538385775591,1538385781646,6055
c35425c4-58b6-4ecc-8d5f-433313d1367f,1538385782420,1538385792154,9734
28458745-9cce-4f29-b81f-684e9ba21380,1538385786143,1538385797907,11764
0f052930-e4bb-4f0d-bb3f-cc30c43acdc0,1538385773204,1538385777868,4664
9b3d61de-04a7-4351-8f6c-fa1708542bfd,1538385772401,1538385776391,3990
bedad1d4-e5df-4c25-8aa8-f2e2e929b11f,1538385785292,1538385796583,11291
a123cd3f-bf27-4d41-9b71-7814e621ec83,1538385784390,1538385795134,10744
0895d8ae-5327-473e-981a-2696b4e08cbc,1538385776218,1538385782690,6472
51ed8e52-9629-48a2-a4a7-5e7a03a684e5,1538385781084,1538385790013,8929
627c9ddc-34bd-43d4-943c-31980530f19f,1538385782761,1538385792686,9925
cb4e3281-3b1d-4725-8fbe-d00398e46d61,1538385767491,1538385767775,284
202159b2-f287-481c-9350-3ef3f42702bf,1538385783435,1538385793711,10276
c9a20ca3-669b-451f-a4cf-5b4cde06b033,1538385768534,1538385768866,332
01ee776a-9aed-4f6f-9edd-5c210bc1a5c1,1538385777020,1538385784013,6993
83a90397-af6d-4aad-96de-a21b998e15b7,1538385778901,1538385786647,7746
e7db8524-1156-474b-9d68-7664c71e8e16,1538385787498,1538385799839,12341
b9bc6e80-2371-464e-993b-84272d404fd6,1538385767779,1538385768083,304
1fa9183d-e486-4587-ae9b-e415cf5cd7c7,1538385767605,1538385767909,304
cefac761-2fae-4ff2-98ef-74a129cc87ff,1538385791443,1538385803990,12547
a6f993c8-b0bc-452c-b40d-cb75a70c2ee5,1538385771594,1538385775061,3467
aec40b66-8220-4143-afd3-5119d6fe2823,1538385771936,1538385775669,3733
38869e97-c2e1-499b-8edc-8492cfee4162,1538385787554,1538385799898,12344
14b71465-8bbf-4847-a7c2-40b8ab299ba6,1538385769329,1538385771257,1928
155703c7-6a82-4e0a-bfa5-1d4ab8ddaf0e,1538385785068,1538385796232,11164
371f8806-b1f2-44c9-a66f-7539aeff7bdb,1538385792182,1538385804409,12227
bb73c807-31ec-414d-a45d-bababc58d57f,1538385783087,1538385793182,10095
7eeb02b5-7607-4454-80a7-ade3ac57df8e,1538385776730,1538385783505,6775
861d40af-9716-40d7-997d-8403fc172b33,1538385775018,1538385780672,5654
a5102c06-931c-4790-95cf-aeca019afb6d,1538385793917,1538385805287,11370
85c74aac-0e9c-4909-b5d7-1586f00c8b5c,1538385784782,1538385795813,11031
ae4af250-ff45-4e2a-ab5d-51637b77c10b,1538385774679,1538385780178,5499
2a6f05c7-7f14-4b71-af07-f9043c99c201,1538385778391,1538385785905,7514
c47105dc-8f33-4987-a4b3-32f9d629954d,1538385767200,1538385767485,285
4e8cbe3d-ae52-453b-a234-9e6d6d4c6924,1538385783944,1538385794480,10536
9410ad71-eadc-4652-b3d7-2d73a058ea02,1538385792965,1538385804764,11799
085d14df-1c65-4815-a7f1-aa4a5568258d,1538385790536,1538385803112,12576
ecd7e808-3d4d-4997-b2cd-e529f9996389,1538385791216,1538385803783,12567
8d151641-ecb9-455a-8f83-494161152728,1538385775475,1538385781517,6042
3b20d0dd-03f6-4cdd-a369-c2d463e91f79,1538385778957,1538385786754,7797
57e7bffa-5563-445f-9ce7-639d72e5a3c9,1538385774905,1538385780529,5624
5e1275ae-de04-4362-9529-9df91992b6e9,1538385792293,1538385804438,12145
21edc2f6-e91d-491b-ba60-500a5af95b57,1538385789581,1538385802255,12674
57fe0bc0-b8ed-4dec-b896-f4f327c9d329,1538385777304,1538385784353,7049
5b196cdd-b7fe-410a-a820-b1bb04496f95,1538385771309,1538385774634,3325
6a140c42-bf05-4247-bd0b-99b1c7b5280b,1538385789021,1538385801594,12573
28761d73-75d9-4733-81ca-ba44e8c0f1e5,1538385783201,1538385793308,10107
137a6b22-c132-4580-95ba-0d7f2560ce1f,1538385765933,1538385766248,315
0301863e-f358-4d26-a5dd-d20cab2e3926,1538385768184,1538385768483,299
16dbac72-8ab7-4a25-8bb7-4fa8b06f4145,1538385774512,1538385779941,5429
06c9c25b-498c-4e9d-8786-775446378de5,1538385778560,1538385786255,7695
a0f7cb6f-cc1e-4436-afc4-3205a743f3e5,1538385789191,1538385801780,12589
39e88e18-5203-4a84-a2e9-b7e8e276b906,1538385789526,1538385802181,12655
cd75fee9-9931-48a6-8720-bbc927456d8e,1538385772746,1538385776905,4159
25cb913a-6b82-4d31-a08d-982255ffc579,1538385788230,1538385800747,12517
58baabee-a740-4e22-b104-d0af63d64f95,1538385793973,1538385805319,11346
70f07c4d-5a45-446b-92b6-68862b23be6a,1538385786990,1538385799175,12185
07a1b61a-b10f-448c-8cc1-bb3dbaf13480,1538385770611,1538385773550,2939
75375797-94d4-4ffb-9dfc-bf729e074177,1538385773772,1538385778826,5054
75ee18ee-9199-42d9-812d-18616c90b6af,1538385792125,1538385804379,12254
e70c07ef-76df-4b0b-b161-1e135890fea2,1538385773545,1538385778525,4980
3a54821a-fe1c-498a-8376-da0a8d18650e,1538385776330,1538385782884,6554
3fac4f8c-f03d-4dbd-a063-d4a6f38fcd2f,1538385788059,1538385800543,12484
fa638ff5-4446-4619-8ce8-11042118a2c3,1538385793637,1538385805137,11500
fd5461c6-d6fb-42c0-a3cf-684de4a65a5c,1538385769499,1538385771466,1967
ab82cb56-616a-47ca-b5d8-27e9779b4094,1538385790425,1538385803001,12576
ca1862c9-038f-4726-97a0-058e14d0b9c5,1538385777643,1538385784869,7226
36a5620f-b6ce-4df3-bb0e-44cfd704d9f1,1538385772690,1538385776759,4069
9c67c6ef-131a-4a7a-a149-0427b7f34ba8,1538385791498,1538385804005,12507
cab5c624-1870-4c77-ae2c-86707b29c900,1538385793862,1538385805257,11395
5df41b0c-c68a-40b4-b333-0f67c42de86b,1538385787442,1538385799761,12319
a280ea53-1157-400d-a6c3-55e77363c58d,1538385787161,1538385799373,12212
8d1ce2c3-45c9-4d56-85b6-49ba12a3c221,1538385783887,1538385794399,10512
a12a28fd-0edf-4219-a24d-3d2cde284723,1538385772344,1538385776276,3932
7508a96b-e021-4556-ae8e-c0839d58ce24,1538385788287,1538385800827,12540
7c68812e-a700-4de5-93cf-407826f2fc68,1538385791103,1538385803695,12592
c05b38ba-5b84-45c4-8ac8-0ae5ae7c28cb,1538385780566,1538385789224,8658
0b9ee1d6-40ed-4b59-9e57-13619d2ccf0b,1538385776497,1538385783117,6620
5a2708b4-4416-4e9e-9868-0ed4afd3ac71,1538385788629,1538385801222,12593
b9d046c1-648e-4145-b21b-f2e59a6af43c,1538385781912,1538385791300,9388
de50872f-3470-488a-9a43-63cb835ab5ad,1538385789469,1538385802128,12659
4afd2f9b-577a-4be4-add7-5744cbbbafa6,1538385791613,1538385804109,12496
b3916aaf-1e41-41ef-be14-3308352deb44,1538385773487,1538385778379,4892
acd273e0-79a4-41f3-89b6-a3b1721c80a1,1538385788514,1538385801140,12626
9045a85e-74d9-4747-ab53-4515f5b7bf71,1538385776385,1538385782952,6567
59d8c06d-1146-490a-a9a4-62adcaccd2a4,1538385790140,1538385802722,12582
1e88cbc7-bd96-45ab-9f03-f42cf6724f52,1538385771133,1538385774434,3301
f29d0b90-669b-44fa-b37f-7fc8011239f3,1538385783144,1538385793258,10114
dd357185-df74-4565-b36b-789793cc54c9,1538385768591,1538385768933,342
39482a98-1c58-4061-a75b-00d83c0adbcc,1538385782988,1538385793121,10133
a58331a6-46f2-462f-919a-f05ae2ef1f31,1538385789862,1538385802458,12596
73536134-a6ba-4273-a65e-1cb97ed40b27,1538385791840,1538385804224,12384
2872a130-3a15-4cd3-b795-edd669008237,1538385770441,1538385773228,2787
62bbcc95-41c5-43f5-9db7-9a7b65ae3166,1538385783606,1538385793899,10293
29af14b1-4079-48cc-a090-8e610031c16d,1538385772803,1538385776997,4194
419def91-c667-49f0-bf1c-933e4e1c1bfd,1538385785974,1538385797654,11680
39eac9f7-d0ca-4991-b596-aad7f568671e,1538385788851,1538385801475,12624
4d3d313e-a32f-4714-b4eb-f285263c5ed7,1538385771537,1538385775040,3503
f4c34004-045c-4345-9c83-1c0efba67b76,1538385778220,1538385785674,7454
297e0a77-262d-48d8-86d9-fcec45053cb7,1538385782532,1538385792334,9802
df6e8376-1ba5-4638-aeef-f2b1d9ef220b,1538385769385,1538385771285,1900
de8c373a-975b-4872-88be-d69fe9e88d12,1538385773261,1538385777944,4683
b7c6344e-add2-4d0a-9979-bbecbcc90578,1538385771480,1538385774946,3466
3ca80cf4-3218-479b-aba1-afd68fb0ccc3,1538385783262,1538385793384,10122
e6e46237-f128-40ab-ac3d-49c43c2f62d0,1538385786933,1538385799077,12144
48ffa503-5104-4c22-a600-42d10af6de3e,1538385786256,1538385798101,11845
411ac3c8-5603-403f-954f-dda63782c1ca,1538385785806,1538385797390,11584
f97c4e0d-c389-4b39-9a51-2d2c4bcaeacd,1538385775989,1538385782356,6367
7bd63c46-5f16-4752-a448-b709cf2d0acc,1538385786087,1538385797830,11743
00c3e76e-e58b-4dca-84e0-d87cc2acbdeb,1538385766602,1538385766911,309
7737c9db-06ba-4129-b4a6-5f11fb409705,1538385767261,1538385767555,294
798f6f6a-a2ae-442e-9641-5e8f77447867,1538385768760,1538385769094,334
466baa59-47d3-42e3-a357-8a4a03a0867c,1538385787103,1538385799359,12256
e8b91a36-b39b-4b22-aa70-94c68d5a4993,1538385766237,1538385766548,311
44278580-eb96-4c30-8650-adc856c44a48,1538385770668,1538385773661,2993
9e9073c6-e840-49b1-abea-d57130bb4d82,1538385780453,1538385789028,8575
b0bef863-a248-42ad-ba85-6084331cf0cb,1538385782817,1538385792731,9914
08341ebb-08e3-48ad-9677-91993eecb31a,1538385783718,1538385794035,10317
05ad9957-9cfc-4d17-a062-a259d5d444c4,1538385789637,1538385802271,12634
3143f6af-3a43-4a2e-949f-fd96a99fbc62,1538385778158,1538385785602,7444
2e4f3bfb-71c3-4f09-946b-351c9ea8adca,1538385781856,1538385791230,9374
07681f80-2c37-433d-95e6-258b833bdf38,1538385767026,1538385767324,298
0ef6add8-b8a4-49e4-8163-a9537efe67d6,1538385774455,1538385779852,5397
019d125f-0e40-4a5c-a355-24f4b954a510,1538385777817,1538385785167,7350
7ab345d8-4f92-46f4-838b-7e6fce9dc500,1538385782932,1538385792899,9967
466e5070-6ee4-4a19-8e0b-e0e605efddbc,1538385783490,1538385793762,10272
0eca40d3-a652-49cd-a98d-fe310cb7373c,1538385773090,1538385777602,4512
9f48288d-63c4-4b7b-a755-8c2399863e38,1538385775705,1538385781812,6107
dab4abf1-c5b3-4ecd-b170-88af55e6c988,1538385780060,1538385788386,8326
e2d40b5d-19c3-48f1-bfcc-30c8204cd3ae,1538385770028,1538385772459,2431
b7f4c3a6-b662-45ee-9b60-6cbf0e85a439,1538385775300,1538385781232,5932
3fb5f5c3-506b-458d-ad1a-f05e149dcd85,1538385765758,1538385766119,361
7c4261a0-313c-47a5-ac80-fa7203d19fa0,1538385766302,1538385766596,294
e929e08a-b46a-42dd-be42-4a82c5733f5b,1538385779946,1538385788253,8307
fe05663b-3fd7-41b5-b1c3-1b63111aa45d,1538385791954,1538385804280,12326
7a80c2f0-8404-443b-98bf-18438510772a,1538385766417,1538385766738,321
fc6cc834-9ef5-4d31-8417-398528f594d5,1538385790259,1538385802880,12621
679f732d-b4ac-4fef-ac8a-bb82c3dbdfbb,1538385789806,1538385802397,12591
baf1f1df-7fd1-4a82-ac57-bcc554c61e80,1538385789134,1538385801715,12581
ac5a7037-48d5-4aa2-98dc-02eefd61b04f,1538385788002,1538385800465,12463
ac33fc45-fe73-47c7-9479-c4f39f220c90,1538385783380,1538385793629,10249
5aefb1b8-45cd-453f-89a7-0f4b0b0711db,1538385775359,1538385781312,5953
c2e544bc-bd5d-4795-bca3-bae01866d708,1538385786031,1538385797756,11725
098382a3-37c7-4679-8673-4711a63c65c0,1538385772169,1538385776047,3878
2c62479e-fdab-4858-a8c5-81e34eae5dc5,1538385777248,1538385784282,7034
145d6da7-aa13-4f38-b53f-bccb582319ff,1538385786199,1538385798003,11804
30ecb65d-0884-42db-9b6c-84a5e4b66af1,1538385780967,1538385789756,8789
f86fd0e4-8d20-469d-a6ca-150f605224a7,1538385784670,1538385795646,10976
c9a1c9ff-7e04-427a-80e8-4d367da40774,1538385785750,1538385797373,11623
05a2a591-55ae-4a41-9db4-b4aa0b38818d,1538385778787,1538385786518,7731
f7500c03-0054-48d8-b7ab-e56e65c46556,1538385768242,1538385768558,316
869a69dc-c2c7-4988-8509-439d97487cf3,1538385786822,1538385798952,12130
9935a3ac-28be-4bf9-ab26-3dc13cfd3b7b,1538385793302,1538385804949,11647

Average Response Time:,7622
Minimum Response Time:,258
Maximum Response Time:,12674
TPS (Transfers/second):,12
Standard Deviation:,6047.352763813271

Total Time elapsed:,40081
Number of successful transfers:,500
