49bd9899-5cc4-4d40-b295-a661f7f2e8d8,1540156526156,1540156526491,335
3d22629a-e90d-410f-bbbc-13a1e2dd6002,1540156554582,1540156554877,295
71576ea1-4df1-4a32-b664-4627d30a871e,1540156512317,1540156512830,513
38e15065-d41f-4bb1-86d6-45f070013bc6,1540156526329,1540156526697,368
719b26ef-7204-47ca-892a-dc4c7a31c982,1540156593233,1540156593628,395
144c439b-2bfe-424b-bf60-48ff56b9fd7e,1540156501120,1540156501458,338
7befd988-44b8-46dd-ac5b-938aecc69c11,1540156511505,1540156511845,340
892b17bc-786a-4825-925e-edc93f8b0409,1540156541691,1540156542034,343
2bdb75ae-bccb-4238-a141-cbcfac5611e0,1540156580729,1540156581085,356
c3227078-a2f4-4fd8-b032-689ed021d4e6,1540156552412,1540156552723,311
84badf34-1a1c-47b6-9f60-62196127fddf,1540156529135,1540156529479,344
d46fb76c-7349-481d-90a0-cda1e6d84682,1540156572595,1540156573138,543
65fddbd4-661b-480d-b1f3-ec83676cc869,1540156559893,1540156560180,287
7ae57350-448e-46f2-bb15-5c68b4eba077,1540156522099,1540156522531,432
741ec556-2e2a-4dd1-8ea1-ca203186fa59,1540156552831,1540156553127,296
7d9adc0f-1728-4e39-93f1-820f920db187,1540156569933,1540156570376,443
8dedfa13-5c3d-407e-87ba-634e8fefe160,1540156550532,1540156550888,356
2de0f3b5-ce3e-455d-ade6-4135c9f1d7dc,1540156555003,1540156555299,296
dd1f10d4-95bf-45c5-96b4-77c2b9c7063d,1540156561161,1540156561506,345
ca938ccd-e5b0-4ff8-b0cf-d5c187148eba,1540156562436,1540156562902,466
53dd2c8f-6c14-4fb5-8439-a40f1a54ab0e,1540156564881,1540156565245,364
ab12ccee-b74b-4dba-8afc-338c943e3b33,1540156539567,1540156539989,422
a02f878e-a0f3-4345-8d0a-81ec148bf557,1540156553247,1540156553568,321
45d717f2-8ad7-47a9-aed6-c2a501deaf21,1540156540621,1540156540986,365
514cc272-b690-4c15-8aa2-d767ef3f87bf,1540156557196,1540156557513,317
7ec66131-d84e-4f4e-9665-543de743b0dd,1540156571739,1540156572156,417
d4e91ca3-0c9a-4e93-a083-be3e0793ba5c,1540156594554,1540156594863,309
c0e28b4f-6fdb-4f45-b7d0-9d3536f32f60,1540156516068,1540156516417,349
3fd2c661-a121-4d1c-a740-5590a118655b,1540156505158,1540156505529,371
90990c9d-60cc-42c0-878f-3dd018d7fa78,1540156510523,1540156510921,398
d2f7f357-effb-49cd-9ce8-06180789707e,1540156555255,1540156555548,293
61de554b-705e-4d8d-b082-d713fbed83a7,1540156529054,1540156529417,363
ed03638b-0198-4791-baa4-42f8f967e064,1540156571210,1540156571538,328
227f5da1-21a4-421c-955e-5da7703a41fd,1540156562522,1540156562938,416
ad3aa9a1-389a-49c0-9158-dd173435fc05,1540156543943,1540156544329,386
893f55d6-7ea8-4177-85c5-ccd43e015495,1540156591710,1540156592002,292
6e75c8fa-457d-420a-83d0-29cff4982168,1540156556237,1540156556526,289
11013818-2740-44b2-a72f-8505d0988d16,1540156520058,1540156520414,356
dca11b53-73c2-4bad-b96e-bff28fb693c0,1540156524873,1540156525184,311
774d9338-cae0-4f2b-b65c-fa8854d95e8b,1540156511768,1540156512104,336
c514d4a3-bc4a-4c35-8336-49591c677f19,1540156564545,1540156564970,425
7db3a2b5-a677-4559-9e84-0fdb1da55fae,1540156536489,1540156536791,302
729c6457-f36c-4926-bbdf-834abac94ff2,1540156574132,1540156574529,397
0d23b7fe-4cb3-419c-8a5e-ad30ff94549e,1540156552918,1540156553248,330
a852f726-5e2f-422c-9e41-23cbcdb2ccdb,1540156584787,1540156585157,370
47f0386a-0c31-4fd6-b874-4c0a0a2465fe,1540156559339,1540156559685,346
2a033456-2eee-4b08-a824-8c927d738f2b,1540156506226,1540156506609,383
8a76af52-df10-425f-81f4-999b1d5f9517,1540156542613,1540156542977,364
728eadc3-520c-41f3-9301-c9d4b028b40a,1540156502695,1540156503060,365
8d66e786-02c5-4b53-9276-5da1e54bf51d,1540156579261,1540156579582,321
8597a749-2b45-45f3-83d4-d9900355be47,1540156547064,1540156547356,292
37790248-88bd-4890-aad4-db45a60fbede,1540156584252,1540156584638,386
d352e9d5-3b08-4886-8f3f-0be6bcadd87c,1540156529909,1540156530237,328
efbaecfd-aa3c-4047-916a-2e47fbd2bc6d,1540156507986,1540156508306,320
c3351dba-cc1e-4850-a4ec-e859b97fafdd,1540156501632,1540156502096,464
44f51598-5495-4c66-acf2-4db01a04800b,1540156546579,1540156546871,292
b0f4a041-b7fb-4584-84b2-ec36e21f477f,1540156515818,1540156516184,366
8426161e-910e-4202-ab6f-29d7aaa9560f,1540156554758,1540156555095,337
c35fe0d7-98a1-43cc-90d2-822766203ea1,1540156564282,1540156564692,410
0f7ac94e-a659-496f-a25d-432c1684c1f2,1540156573957,1540156574308,351
da62458a-f33c-42f7-8c75-9ca55245b1e5,1540156553644,1540156553960,316
7064795b-dcd9-4073-8839-4e57ccb5b876,1540156526067,1540156526424,357
e2f1b282-2487-4b46-8037-561649eabdec,1540156548514,1540156548913,399
8e41145c-c020-461c-b759-7f32e08dfa7c,1540156506929,1540156507230,301
ac7b8ad9-03b7-4813-b213-c964dc4e760a,1540156578497,1540156578801,304
b3be3b5f-890c-4323-9c6b-14e89485c3ab,1540156503363,1540156503665,302
bc755a13-2e07-432b-a495-429737184395,1540156513295,1540156513650,355
d9baaa36-c8d7-4615-95a2-d511f297dff7,1540156518556,1540156518877,321
2f21496d-0ec3-45c0-ae17-3e65ea1bed50,1540156523173,1540156523528,355
1388b701-6731-4e75-a432-e14aa9fc40ed,1540156574562,1540156574877,315
1f6bc592-3810-42d1-b654-abc7330c2a70,1540156580172,1540156580494,322
9ccaaa21-c07e-406c-9183-2e0896c6e265,1540156534095,1540156534403,308
031d6b96-6474-43cc-a4b1-b3b3cf5d63c5,1540156546322,1540156546667,345
152e2365-4e6b-45fb-8aac-74022860c397,1540156528875,1540156529261,386
f1040c4e-8b9a-4fb2-a3d9-4203a5300f6a,1540156510780,1540156511140,360
5e79769a-6ad8-4d9b-862b-d7166d30f3fc,1540156547566,1540156547905,339
2755998d-2cff-420a-9d43-9afb7ef9f714,1540156565069,1540156565383,314
20e1f3d5-33a6-4afe-aeb3-15979f98e3d9,1540156546902,1540156547194,292
725b4939-c7a7-451b-8d03-ea4bb37246aa,1540156506495,1540156506830,335
85d7fa20-ae6f-4d42-894d-fcec42321801,1540156546661,1540156546977,316
d3bceabb-59de-478d-b3d9-28cd377df2a4,1540156560324,1540156560665,341
776bb865-187e-4c08-bc37-e57bf54abeaf,1540156541608,1540156541966,358
6f0f602e-742f-422e-9fbd-65d8b8cba8d6,1540156543590,1540156544037,447
4089d0d1-9105-4978-85de-5d4fc636c8df,1540156526413,1540156526766,353
6e60b340-7f36-44a4-9bd3-7300aeac1b9d,1540156572955,1540156573717,762
a991760a-071e-4217-b298-2761382d052a,1540156543396,1540156543751,355
0b7e7727-6e78-44ca-8a9b-b1d538e80bb8,1540156505246,1540156505568,322
c418a179-ba28-49e5-86f6-1e439462b109,1540156537257,1540156537589,332
d5084c75-e864-4de8-8eb6-be4891541325,1540156584083,1540156584440,357
6465a077-40d9-4ba9-b7c8-2fd18b68e3cf,1540156571650,1540156572014,364
d8b995b6-f84c-4157-8ae9-3e6ded3fafb2,1540156561822,1540156562166,344
d269ea9d-7bbc-4ac8-817f-68c766f1fe1e,1540156573212,1540156573812,600
e02b45cd-adcb-4c57-abfd-9a44e7705acf,1540156550372,1540156550676,304
e5eb33ed-6004-4aaf-960b-b5eaf6a315e9,1540156578577,1540156578812,235
fc13ff62-24ef-4257-9060-20f87aeae762,1540156585978,1540156586559,581
b7b3a5e7-5691-4d95-933f-5e4cf8e62ed1,1540156545995,1540156546282,287
23335323-8798-439b-a79b-3a1167370cdf,1540156596023,1540156596401,378
da635d4f-4983-4336-8296-056877dc7934,1540156546821,1540156547117,296
5cbd7dfb-bfaf-42d0-8426-a79715c7fcfd,1540156503776,1540156504134,358
06895cae-0f86-456b-bf38-614dea8239e7,1540156509562,1540156509896,334
9095d7d4-540d-4d7d-bdbd-648d7ac37de8,1540156508512,1540156508883,371
be603882-31ca-49e9-b3d0-59e9f6a9237d,1540156540457,1540156540812,355
6c9b1f8b-54f8-41cb-9fba-c81c6729ff8c,1540156526497,1540156526821,324
0f88ae70-83ae-4a07-b5d5-66683c207c54,1540156553729,1540156554051,322
cdaf39a8-87b2-4197-a298-94c06215c8da,1540156575881,1540156576269,388
cd423fc2-9b12-4e70-9549-91dd4ce6b169,1540156570567,1540156570945,378
1f495775-6e10-47cb-a4a2-06a08b912a8f,1540156531651,1540156531935,284
fdbd62d5-e0f5-4ae1-b9a5-4e228dd6338b,1540156530354,1540156530756,402
73f89181-4349-40db-abb8-1cfe84283a1f,1540156585627,1540156585925,298
6f6a1bbf-4e71-4835-9542-60557ad0cf80,1540156532157,1540156532540,383
203b9537-763a-4f6c-a968-ddb7620111b4,1540156582358,1540156582709,351
d4b80b56-9277-4c1a-9712-36420a5ed317,1540156564707,1540156565129,422
08154b5c-bd32-4432-83fb-868b27c6fa3d,1540156584619,1540156585102,483
264ac4f6-dc5b-473c-99e6-64a6fa6544da,1540156558384,1540156558790,406
a4ae257c-ec04-4aec-b26a-65379239d5ef,1540156506403,1540156506759,356
1c7225c8-ca28-40d0-814d-d0542ef46eaf,1540156535614,1540156536138,524
a05637f5-8007-48df-a539-5c2aa7c9a854,1540156516914,1540156517189,275
96ee3055-b6d9-43f3-b5e7-9e2fdc563a83,1540156561321,1540156561693,372
1cad449e-6380-455d-98ca-19e9ba91f250,1540156592492,1540156592886,394
a0865762-8502-4231-9711-111500a5edb4,1540156539146,1540156539516,370
17dcb8d9-ee46-4b4d-965b-16f972c4b2e6,1540156511953,1540156512452,499
d07cf7a1-63bd-4d44-be66-8387a861f380,1540156533208,1540156533584,376
1d5570eb-d780-4393-a096-c01475f5469d,1540156595413,1540156595832,419
4f53df24-7d9c-42d0-9a2e-d42b140dd1bf,1540156540253,1540156540638,385
320f5cf6-f003-47ef-929e-89e9d4908b2d,1540156523698,1540156524008,310
83f8ba8d-f7d0-4aa1-814a-c9da276abc2d,1540156547729,1540156548093,364
915f00aa-4798-4e56-8b8e-cc8eca07e12d,1540156570904,1540156571330,426
e54f4ac0-f224-4960-87da-51e46ba7ee95,1540156569580,1540156569966,386
88676dfe-21fa-4bbc-8542-f0fd53275275,1540156534689,1540156535040,351
1d82b99a-4fa6-4809-9c47-adf837ea0ea8,1540156525980,1540156526368,388
cd6548e3-71fa-4c80-b8fc-be40e6d9d05a,1540156501022,1540156501384,362
ae8dfd6d-52c2-4d88-af9a-270ab0cfd3b8,1540156509675,1540156509986,311
95933ad1-3090-4eac-8b63-7b44ee500472,1540156527091,1540156527441,350
81ea14f2-82f9-4460-a3ed-95e8f39d912d,1540156553498,1540156553860,362
41d62396-0e03-4280-8a03-b637d5d1c290,1540156543148,1540156543612,464
fb40959c-10a7-485a-9927-b040cee888ab,1540156544957,1540156545318,361
4b6acf57-1640-47cb-a17f-2b351cbbbb04,1540156533744,1540156534094,350
0c9df499-2502-42c6-abf8-f68605da1e61,1540156574731,1540156575046,315
22a97169-7865-43ee-acc1-96c91ad333dc,1540156545223,1540156545550,327
d52cf78b-9a7e-4245-b6c0-a1fadff60c33,1540156576560,1540156578658,2098
616f7779-affa-4e19-bda8-3a6903e5c3ed,1540156545909,1540156546238,329
b6913b06-8469-4852-9087-5acd4b34320b,1540156546982,1540156547297,315
d2b48070-95c5-4188-9ffb-1f10cc651cd1,1540156586854,1540156591677,4823
9dcadf0c-eada-4412-bd78-466bd055fdb2,1540156546741,1540156547044,303
4a8e75a1-c89a-42b7-992e-5a3594aaf5c2,1540156501801,1540156502160,359
bcb9437c-3d60-46e5-97e8-075009898816,1540156501209,1540156501553,344
d6cdf458-8579-4b59-8b56-a36dd3495023,1540156528152,1540156528472,320
23d34a66-b8eb-4a8d-b5a4-73a1afbb66fb,1540156562272,1540156562730,458
d80e0f0b-5875-42de-b6a8-c96233976a7f,1540156594381,1540156594769,388
b66d1b34-76f9-4fa0-b974-2a3cb54ebb0c,1540156514500,1540156514844,344
f9497133-6d70-447e-b953-7aed392b6067,1540156515986,1540156516341,355
e988bfe7-56c6-48de-a3a3-d889d888ce3f,1540156552323,1540156552647,324
df3d3291-c990-4855-bfbe-048c5ee43980,1540156585116,1540156585485,369
2b082543-9513-400c-8977-91f80d7dd13a,1540156551136,1540156551481,345
90e7fbd9-bc0a-4d7c-b232-58d6ead11e6d,1540156537175,1540156537572,397
ba6561b9-2999-41b1-be67-d5cb00d05371,1540156511597,1540156511894,297
63b8d468-ddd4-4709-ac2d-2791fd4f04c5,1540156527601,1540156527933,332
9d03e894-4d30-44b7-9bff-ec83a47255a0,1540156533654,1540156534024,370
cda5ddd1-804e-4148-816c-3369ee8a0af2,1540156530883,1540156531209,326
78e581aa-5c98-4ec8-bb4f-654887709bfd,1540156525897,1540156526231,334
51aab8ec-89fb-4941-b077-09a314869027,1540156533924,1540156534321,397
731676cf-6af0-4efd-bcad-f61220b3fa83,1540156554327,1540156554652,325
88d3a267-e563-4eb8-aa70-9edbd239b70c,1540156558468,1540156558898,430
5543076b-4e9d-4e25-a7f3-648fa22ac8f0,1540156558631,1540156558997,366
5587baef-01fa-4c33-88a5-1054946c1935,1540156532689,1540156533013,324
287c24ec-c79e-4361-859a-0c6dfd599dc7,1540156536571,1540156536901,330
e378423c-0134-4e52-b10d-476dbb43a18a,1540156551308,1540156551617,309
0ed516be-ac7e-44c2-aa1f-7b1d2cc6b7d5,1540156554494,1540156554782,288
19d993b0-5e51-46d1-a2e5-ec21626a869e,1540156582891,1540156583198,307
9258b156-5436-4f0e-8e8d-89d19690d3f2,1540156585891,1540156586522,631
283ffa16-521a-4503-a329-ca8b0411dda0,1540156525462,1540156525848,386
452ec304-4a41-4fa6-a3ef-b1cc59e8ef6e,1540156504729,1540156505070,341
446d93cb-0c25-4282-aead-accc8096a8e7,1540156591539,1540156591822,283
cbaee2b0-cdcd-469e-9c8c-284978584fc7,1540156549731,1540156550151,420
b05db5ec-6ec7-4881-9038-f4e4aa0f60f1,1540156580091,1540156580474,383
d93d4b1c-7a64-488c-8da5-26cdbead8264,1540156555174,1540156555461,287
51dc07c1-f91b-4b7d-b322-c5088f08fe04,1540156594301,1540156594620,319
17cd7b4c-ecff-4fb6-b292-dd7cab7f94d3,1540156584870,1540156585209,339
0565eb5a-7d84-40a1-a5d6-ae5f70f13b31,1540156540080,1540156540497,417
9b9bfa44-3fb7-4da6-83b1-dd784389d778,1540156570226,1540156570566,340
d8a91114-0206-4a6a-a2c9-c28fc3bb02eb,1540156532338,1540156532654,316
c84b6c7b-b38c-49ed-83f2-ad2f97d3319c,1540156541445,1540156541787,342
c00e058c-1049-434e-8c39-7c1db3149ba6,1540156508606,1540156508947,341
4fd3b86c-2947-4ff3-a615-40991ce9beaa,1540156571129,1540156571498,369
1f20ac2f-edba-4514-a197-efe30055cbf4,1540156579341,1540156579668,327
af55b048-c12a-431a-be4b-803a77f49b6c,1540156517749,1540156518086,337
e1aaf1f7-bfe3-4123-b89c-c2b0d4d01731,1540156535926,1540156536244,318
efe77704-c233-43c7-935c-ecadc61d76cc,1540156572220,1540156572783,563
7d0b44f3-1a69-4e88-b482-c5cbc91c6785,1540156596388,1540156596734,346
01a2ad22-1851-42ab-bb01-ed3eeb8a1e8c,1540156528067,1540156528406,339
d172e1cc-c536-4aa6-89bd-bbe3da4cf614,1540156557528,1540156557923,395
fe28ea46-5a60-4c7e-8814-0325e6a7c8f9,1540156542533,1540156542866,333
14054b34-87b6-430e-9f20-47e2884417dd,1540156549215,1540156549558,343
c145ca3b-34e6-4f24-8b69-9302b1944f14,1540156573335,1540156573870,535
0288bcaf-c2af-4d6c-90c8-cdc2551ad936,1540156501463,1540156501818,355
4b72de6e-e01e-4629-8884-143a753181b3,1540156520969,1540156521325,356
454379f5-5e60-477d-b75b-627eb57cf196,1540156522809,1540156523140,331
4cf93eee-785c-4f45-8fbd-908b39242c6c,1540156551555,1540156551842,287
c3971f94-5ec2-4684-8663-96ac2c6e71b7,1540156565748,1540156566027,279
dae558c3-eea6-405e-8ecc-647bed610c1d,1540156592580,1540156592980,400
12d581af-647c-4394-99fd-829e2408b885,1540156539910,1540156540294,384
2856ce2c-85b6-418a-aa78-f4689eaaa803,1540156583741,1540156584048,307
7998b135-f84f-4160-837b-bd320e63200d,1540156519976,1540156520317,341
a0384ac7-2e50-4e81-939e-da97e618b1a5,1540156591797,1540156592110,313
24a6a8b0-d2ff-4aa8-a18d-9ccaf54ce529,1540156563872,1540156564154,282
de858223-5a6f-4c08-9ef4-1af782fbfe90,1540156569228,1540156569537,309
4fd2eb2c-456c-494c-9a61-13d6c44171c5,1540156511332,1540156511684,352
b3e9df2c-81ba-4a1a-9e94-48b0eae0f4d4,1540156500336,1540156500730,394
5f9829a8-bce4-4fd7-b1e5-da7aaa14f7b8,1540156583145,1540156583509,364
b5c3b959-ff2f-4576-b7b6-845561787cfd,1540156581661,1540156582007,346
c8421ffb-b698-4c3b-8861-fd5f8637e77f,1540156571840,1540156572197,357
1132aa8d-4def-4743-9eca-d5aa71c05866,1540156508687,1540156509035,348
f29bc638-c718-4300-b4fd-786f3092c8ae,1540156582625,1540156583009,384
71efb4ad-1b5d-4e8f-b40d-70dbc5573f54,1540156596216,1540156596582,366
06062c1f-661d-4955-a5e6-0865472406a6,1540156501295,1540156501593,298
b617e910-223f-4c1c-af67-d4cbf011e367,1540156592841,1540156593249,408
a17ef5f7-541e-4be1-818d-87b10ddecda6,1540156551719,1540156552057,338
cf2d3c85-62e8-4463-a90c-a87afd281aae,1540156523779,1540156524050,271
636e70ec-85ca-4509-b8cb-27f1781213d0,1540156510343,1540156510790,447
4274f6c1-5096-4961-9900-e8b752afefa5,1540156536658,1540156536974,316
30b09584-1036-4169-81ee-8643616e98d9,1540156516442,1540156516864,422
e72bc213-1a8c-4fcf-8b1d-28a9855d84ed,1540156507182,1540156507581,399
da8feac7-11aa-4cf5-b2dc-1b4da478aa0b,1540156519095,1540156519385,290
34f4bbb2-ee1e-4eee-a0b3-e692c8203ac0,1540156573792,1540156574097,305
89968123-3793-4182-9812-872445f28485,1540156512845,1540156513255,410
9c142bbb-8701-49dc-8d9a-db5faed92eae,1540156518802,1540156519092,290
7582d2bd-d022-49b0-971d-b4ffc029b55c,1540156515291,1540156515732,441
9a45dfcd-8572-4e68-b330-12d9deb3b78b,1540156510965,1540156511292,327
89c5e842-d061-4dbb-8f28-162b53b804ed,1540156583230,1540156583549,319
b2df999e-08a7-43c3-8c15-e775d3ac22d8,1540156548260,1540156548639,379
314f29ce-b37f-4222-80d3-2912a0aa308a,1540156580643,1540156581001,358
d2fd4667-52b8-47b9-bff1-38976ca4e113,1540156546237,1540156546600,363
c53c4a50-900f-49b0-9090-db27c3d26c4c,1540156531816,1540156532138,322
a5478fc1-290a-4f5b-9884-3c524d89f77f,1540156539058,1540156539439,381
809698fc-89d9-49c5-81f7-5df7b58c6db1,1540156556657,1540156556965,308
5633004e-8764-42e0-a6a3-5701327c906f,1540156522620,1540156522967,347
f6aca570-d509-4cdb-b85e-64104aa20005,1540156555499,1540156555779,280
4563546e-fa57-40fc-841e-aa24d0bb74db,1540156594811,1540156595143,332
fed60ced-20f5-49db-aa56-a0fc95b142b8,1540156523606,1540156523922,316
c4d0b5ab-5306-4e34-8b49-2fe8b1907444,1540156511680,1540156512089,409
394aaa47-a1a9-4bce-a77b-0e776c3978cc,1540156542112,1540156542423,311
32db4e79-0434-46a8-a019-18f87b9340a8,1540156595078,1540156595403,325
3cc381b3-0013-433b-b693-454c9b775c22,1540156525039,1540156525349,310
f8778434-7898-46fa-9d2b-5dbc0bf8390e,1540156516541,1540156516908,367
e4a91c11-17ef-489d-a7ab-d7b9ac222eb2,1540156544355,1540156544718,363
ca1eb737-61b9-4e7a-8b05-6229d60434cf,1540156501716,1540156502126,410
a63f2ba1-f2c1-4876-8e69-d689c7389684,1540156503109,1540156503453,344
73d21c62-b010-4279-b949-69151a9bd4c2,1540156508858,1540156509162,304
fcaa17df-fcfd-4a53-b374-93feb58d3502,1540156578909,1540156579221,312
716c2444-4d64-4cf8-9637-d83cb688f54c,1540156530264,1540156530633,369
a8ac1773-231a-4db2-918f-f2601f361b93,1540156514335,1540156514717,382
085786db-45ff-4a96-a081-ae1492908bd5,1540156557777,1540156558151,374
bfc4c401-4476-48ce-af81-a09428182a8e,1540156579508,1540156579882,374
60ab8cc8-9f0e-4718-96ce-6724724656cd,1540156506317,1540156506660,343
29270282-339a-4a1b-a987-7d2b7bdc81c7,1540156584951,1540156585265,314
84117277-1522-4573-b503-5639631a8c0a,1540156509756,1540156510053,297
0f816ab9-0a89-4cd9-b9d1-241d49788149,1540156593952,1540156594264,312
8c94235e-6590-4346-a718-35040d1536ec,1540156514252,1540156514626,374
267513c0-869e-4954-9d7a-1c0255b126e1,1540156584341,1540156584678,337
6f9f281c-ed7e-44c3-9ece-034771c91233,1540156591961,1540156592298,337
803dc124-1d86-4048-9aaf-056ea5f42e6e,1540156542450,1540156542819,369
ccb53114-4557-4a13-8470-040561b83447,1540156555580,1540156555881,301
0f5eee6d-8731-4e7f-8935-79e7cb66640f,1540156521474,1540156521841,367
f69910ca-eb16-487d-b085-43fc67e0e303,1540156580258,1540156580557,299
908124cb-b18d-414b-8f00-27014b4e100a,1540156525213,1540156525537,324
e86b1a6c-0676-4401-ae15-259281e90d83,1540156564364,1540156564743,379
452b9369-6d13-4c47-937d-97775c80da27,1540156528519,1540156528845,326
23c33cfa-e7ec-4117-aab5-59f9bde14da1,1540156518639,1540156518934,295
57ce7ab4-5070-4bd8-b9b0-76f0e403fed3,1540156591455,1540156591790,335
96a6507d-1d35-407b-9689-9bd81fc26f1b,1540156556490,1540156556793,303
ee53bed0-582b-45f3-8a40-dff73835350e,1540156581576,1540156581912,336
4e6a8d42-19d1-4c14-945e-26970889b9c5,1540156551473,1540156551764,291
b5aef067-b5dc-4d81-9997-fcd2bf011d89,1540156517181,1540156517512,331
d482c2b3-9b16-4d79-83d1-ed999b343083,1540156513022,1540156513413,391
e076f269-420a-4684-8858-9c9cb957402d,1540156519353,1540156519719,366
10956d3f-8179-4d03-a127-855cf2bc4f0a,1540156565918,1540156566202,284
f2c0289c-10b1-4f21-8634-827b9f97fed6,1540156572429,1540156572945,516
9d543684-b6c4-40f7-a905-16bd19e0dbf8,1540156580009,1540156580377,368
4f15ae2c-df96-4163-99b8-5a1c26e8257d,1540156539227,1540156539608,381
7a0d5869-13f4-4998-a1b9-1f52fd394c70,1540156507531,1540156507921,390
6186b878-61cd-4f72-9457-6ada4727db58,1540156507269,1540156507693,424
ce500a09-5ab4-4370-9e59-dece1e01a1da,1540156537340,1540156537668,328
21dde6d8-7675-4d51-8f30-3978b428014a,1540156510097,1540156510360,263
01b6923e-4177-4a89-b6cb-710c328bfe62,1540156521297,1540156521713,416
5f377a60-a432-46ab-bdeb-ac8296474973,1540156596303,1540156596653,350
bd5ff100-23b5-4d30-8ef9-b3bc0b31ee6a,1540156505679,1540156506018,339
90ce60b4-3577-415a-aba0-8776465a8fcb,1540156528962,1540156529325,363
5464dbe4-5956-4695-857f-d64c2cc5268b,1540156594469,1540156594806,337
f9a1d0a9-8922-44b4-b363-efa9b8663aed,1540156503946,1540156504350,404
87c9a12e-2890-4aee-9091-cc30bc1603ef,1540156537592,1540156537956,364
83929219-ba93-4149-8eef-75e66e8141e7,1540156529220,1540156529606,386
b533412b-a884-49d0-acfa-503dc91b78af,1540156521386,1540156521794,408
9fa0c049-bf00-414c-b3cf-9e7baed553a0,1540156516358,1540156516725,367
96b0a944-2e26-4b14-b2cf-1d541b3b7766,1540156593862,1540156594168,306
575d361d-e7c9-4e2d-91ad-8de082f4bb21,1540156553412,1540156553728,316
f73205d4-03bc-4e71-aa14-2f03eb6f70ff,1540156575059,1540156575408,349
00621c58-cca0-4cff-9a06-7f284639154a,1540156553816,1540156554134,318
9c604063-1b07-4835-a8a3-491aa7512543,1540156561652,1540156561992,340
2f69c07d-7902-4cd8-b458-702b3b037974,1540156593314,1540156593695,381
752f6eac-a0b0-486a-8118-023e19860327,1540156504544,1540156504897,353
91364a85-c2bd-40e2-958a-d933175a22f1,1540156517452,1540156517836,384
532ca106-cab8-4ccc-8b71-7d6f4c726ea8,1540156513644,1540156513970,326
376de7a3-3fdf-44f8-ad83-12cc59ec1a4d,1540156559560,1540156559862,302
bfc511c4-b1d7-4b7c-8e69-712cd6b07fcb,1540156518909,1540156519189,280
e8db652c-9a48-43f8-adb8-93823a0eb419,1540156559728,1540156560053,325
908a9153-d5ed-4039-939c-ab94772e8e51,1540156571465,1540156571822,357
c6b1281b-a14b-4d04-a642-8a37fbb264fc,1540156539732,1540156540146,414
17802c07-fec1-483f-a60d-15cab00d1aac,1540156540163,1540156540542,379
a32233a3-6e52-485a-8bc8-65f66c8cb269,1540156527970,1540156528354,384
5dd95521-8426-4a36-aaae-742f7a4acebe,1540156505594,1540156505926,332
bcfdf172-d413-4e6b-9eed-ad35435c040b,1540156540537,1540156540959,422
92deb8e4-9824-4504-9415-b1f961858985,1540156529304,1540156529617,313
f1b9bf10-b2ea-48c0-86df-4e49312f8646,1540156571015,1540156571384,369
d203d2da-ef89-4a94-81b4-6e4088aac7ab,1540156592755,1540156593105,350
84f26e88-489e-4e53-aaab-2e9697440ac4,1540156533030,1540156533393,363
400d53a7-1ca8-4523-80d7-fe0d3d8ce692,1540156532606,1540156532932,326
85a4d06b-b8cc-4560-8055-2d7703361088,1540156528354,1540156528659,305
6275c6d8-4914-43f0-9a21-864fe25768f5,1540156572513,1540156573081,568
41923dd5-4a32-4b3e-ad58-304fd75e7f4a,1540156559811,1540156560152,341
736609c6-8254-42ee-9aac-8f0630e5eb79,1540156535274,1540156535875,601
cc981d33-e1d1-45c9-a685-1bd76eb5d125,1540156574222,1540156574575,353
229a5466-2ee8-4f34-889e-17329c701a50,1540156539816,1540156540225,409
721e939f-e0db-46ca-9fad-8935a5bc53b8,1540156521914,1540156522347,433
12175f93-30aa-41ca-b112-2a8392c5836b,1540156504641,1540156504989,348
40cd6b8b-605b-4c33-b235-20c4bf47fd7f,1540156512217,1540156512727,510
ef177fbe-b2f4-4ecb-90ca-da6c8de249c1,1540156575309,1540156575826,517
294d9ee0-027b-4db3-8368-b5905c8e62bf,1540156515561,1540156515925,364
4b0a669e-2aca-43d7-b6fd-66503179235b,1540156535448,1540156536041,593
2777f158-5a6d-40b2-b74e-2984ece7079f,1540156535083,1540156535658,575
223ddfbe-1afa-43fd-9485-052c3a8682a5,1540156554841,1540156555160,319
d786b32e-1959-422a-bcc5-a2f653bcd5cb,1540156513563,1540156513950,387
e3460e0e-8b28-4c0e-ba16-75d3bd47516f,1540156557940,1540156558369,429
5112a230-5970-4618-ad14-93655297d977,1540156514171,1540156514531,360
177b48d9-c3fb-4d54-93e0-aeaa268c8205,1540156538260,1540156538561,301
178cd807-7f58-4836-8d3a-7b60ff20a8b2,1540156574304,1540156574612,308
d914a4c5-9431-4390-8502-76acc11969a0,1540156591628,1540156591909,281
ca3b7245-0df5-40f9-ae2c-d529609f4eb6,1540156562877,1540156563231,354
100bb12b-7fe9-4674-b110-104e1c62f890,1540156505327,1540156505685,358
fc7d23ac-768f-42d3-afa6-e4cdd9997e8b,1540156573711,1540156574015,304
8a641fb7-49a9-4214-a735-270e4fcc8e9e,1540156576134,1540156576462,328
b9df6015-699d-4735-8828-bd1001a717e7,1540156541358,1540156541701,343
ac20c456-8604-41a5-98c5-f4aa953af5ff,1540156542194,1540156542498,304
f6ab17d1-aea8-4d27-b38b-e6faec4b5f7a,1540156519544,1540156519834,290
35f91165-01e6-4641-aa23-9475bce12645,1540156562978,1540156563301,323
ae0d223f-0ce2-4f6b-a49f-715c580868cc,1540156581921,1540156582259,338
4f1521b7-90ec-44cd-9822-4099149436d7,1540156520601,1540156520965,364
287dc787-6cf4-4fab-8285-31e691cc77af,1540156575705,1540156576132,427
70f8d0aa-5051-4d7f-a7d9-95e4b0031fa3,1540156543509,1540156543930,421
2bd4da43-a187-46af-9a95-2dda05efacfd,1540156552585,1540156552898,313
92143a79-558e-4a2c-901f-baf22424ca0f,1540156556747,1540156557136,389
454891f5-31af-45a8-80cd-b15b20e78658,1540156558117,1540156558460,343
eb2303b3-367c-43ed-b961-4d98d54a003a,1540156520409,1540156520793,384
d46bcabd-f748-48f3-b7eb-968f402c8824,1540156585796,1540156586351,555
ee7e2bdb-f92f-4049-bf06-b4faeb189854,1540156530165,1540156530605,440
0665b2b0-76ba-4047-bdd2-0c08c3d094d7,1540156572764,1540156573466,702
2d2e5496-f83f-44a1-aad5-bd5f11bc70dd,1540156548346,1540156548739,393
8763b0e0-f58b-477c-969a-ea7d4253e378,1540156561572,1540156561945,373
7f59e7c0-6017-4409-a1ea-6fd6a1f55998,1540156517265,1540156517592,327
a979f67e-0da3-4e57-a365-f307af338044,1540156549382,1540156549768,386
6d076115-8691-43a5-93ae-691bff8a1355,1540156569661,1540156570075,414
49533008-4704-4bbb-8f02-f271e993a18c,1540156516817,1540156517178,361
d575487f-08c6-4200-b93c-59cc4715572e,1540156552751,1540156553077,326
8566e41c-4c49-481f-b127-38f654e22186,1540156500587,1540156500915,328
c85eaae2-8fee-4e70-95d0-466d6f45f3bf,1540156524122,1540156524591,469
1f50c904-2d01-488a-bb33-f2b8a43470ad,1540156575224,1540156575685,461
892f8fc7-f7fe-4927-9004-47e130775359,1540156585199,1540156585612,413
a706a409-dcc6-4d22-b555-d45e2cd59b13,1540156561740,1540156562068,328
973b9406-bf63-4094-a9a9-fc238ec231d7,1540156547890,1540156548236,346
9c41a230-dc67-444e-a456-afa36ed63baa,1540156500423,1540156500806,383
91b68d0e-cdfb-4441-a7f4-2f5410e5c436,1540156521587,1540156521996,409
369756ba-a240-4b1f-bdbc-5830030c13d9,1540156547399,1540156547709,310
3c937f49-fb4b-4108-9dbf-a03da4120b64,1540156552503,1540156552777,274
cd0165db-3179-4fa6-b0fa-b56686ab1f4d,1540156542030,1540156542376,346
9af73f34-d87b-421e-aea2-6f3a89955ae0,1540156500841,1540156501143,302
6d039c69-bfdb-43a9-b18d-b0c5e59c3b8e,1540156515376,1540156515805,429
315451cf-3701-4db2-b4a3-facaa325a18b,1540156536990,1540156537406,416
59213cfc-7571-4660-8b2b-0437582ac8c4,1540156548430,1540156548836,406
015e1af5-b4f4-447e-af4b-f55f9c3eb692,1540156552059,1540156552380,321
11ac55c4-d51f-4305-bef5-c33a1ec6ff6e,1540156556319,1540156556631,312
c537dce6-0e74-4ed6-9892-0c36a6d47445,1540156546417,1540156546745,328
ab9b81b7-4217-4735-af60-8116ae7d57d8,1540156515208,1540156515610,402
3113cfe5-b093-4137-8b25-933bf6cbe6e3,1540156503448,1540156503823,375
c74cc865-f484-4dac-a500-1abd52282929,1540156504284,1540156504586,302
5e399416-98b9-4882-b2d2-60a3d650949a,1540156508345,1540156508702,357
44536064-c701-4dda-8553-7d6ff39f7243,1540156591878,1540156592209,331
daa7ade7-0479-4b09-87c2-9859c86bbd69,1540156546499,1540156546814,315
1864f1d5-d8c2-47d2-9e0a-460384fd9431,1540156579758,1540156580056,298
caffed4f-adaf-41a7-a912-03bac6004a11,1540156565834,1540156566109,275
cac46bcb-6ba8-4091-bfd3-56cb14710114,1540156505762,1540156506145,383
df7b5400-502e-44f3-8757-c4ec6043f6eb,1540156506135,1540156506500,365
eb4ad307-a541-4f08-886f-ce539d4a94ae,1540156548095,1540156548428,333
d36699e7-e3c7-4209-9f63-0cb2f7eafb1b,1540156543861,1540156544258,397
43424ae8-34da-4ea9-8a31-00be63d0b48e,1540156545133,1540156545466,333
b673d9de-4a74-4a0f-8abd-f6e23c2eaac0,1540156503279,1540156503598,319
a68542ed-4b5b-409c-883b-2bf1f3769282,1540156531990,1540156532459,469
a6574928-224d-405c-8c7f-52183b7375da,1540156541183,1540156541503,320
e09502ce-2d06-4623-8f02-43362468065d,1540156550954,1540156551267,313
c052145c-ac2b-429b-a325-366b4526620d,1540156509031,1540156509401,370
12a3a542-ebd0-4abc-9b20-f3162a285fc5,1540156520139,1540156520502,363
532f3f4a-36e1-4d12-a2de-3c002063dfae,1540156548879,1540156549232,353
0406d3d8-362d-4a6f-a3c1-af35be69b1b4,1540156556828,1540156557238,410
d1bcc2bc-2d08-461c-b9c3-be9ca92f7d1b,1540156585368,1540156585717,349
405d2bc2-7097-40d9-a384-2b2194d9ecb9,1540156531060,1540156531435,375
705af023-728a-4a0b-a6c2-7fc4cfc8bce3,1540156554670,1540156554973,303
0ac928d7-610a-4eb9-ab49-cc7c22437479,1540156513392,1540156513749,357
9adef5b6-a988-4faf-a250-1aac0912adbd,1540156595667,1540156596055,388
172d4f8b-c7ad-4761-8499-2a58a1f364f4,1540156504029,1540156504442,413
a3224822-ce73-4e08-a503-73ce43151be5,1540156531142,1540156531510,368
b9d463d4-c4a2-4bae-b8a8-38b58d576058,1540156525638,1540156525970,332
0facd2c1-3bea-4e53-81a8-914a7f9345f4,1540156533572,1540156533943,371
9de29ffd-8933-4103-85b4-6876ebd7bef6,1540156533840,1540156534205,365
ef4bbe30-f8b8-4121-b1df-531fad362d20,1540156583060,1540156583396,336
4891fc94-14a0-4530-bb4c-38f12a0e4ab4,1540156519441,1540156519778,337
10873875-eb32-4e12-bb0a-e7f403413a03,1540156513928,1540156514288,360
41aa93bd-8933-4a02-8830-51a35609cc2d,1540156559646,1540156559942,296
67aba920-e697-4de1-9013-7c2b5d43455a,1540156564788,1540156565205,417
7f58db21-0dbb-4c3a-9f99-34ba4fc1b97b,1540156593578,1540156593923,345
1295c5df-c523-4bc5-89d0-1241be4f8dba,1540156527257,1540156527598,341
456c2eac-aef5-4301-9f5a-e1732ca2d563,1540156578660,1540156578957,297
46c1f9b1-2d65-43e2-9e76-0f69468680d7,1540156585529,1540156585870,341
952fc71f-8741-460e-9924-09a0e863b8d0,1540156536740,1540156537041,301
26035cd4-c15e-47b0-a00d-0147d4040863,1540156508778,1540156509061,283
86d2b311-162c-4756-a062-0c2b9e171ca8,1540156557692,1540156558101,409
41a0b734-931b-40a7-a3dc-13f3334233dd,1540156583912,1540156584233,321
c3ad311e-2a3a-4c75-b0a1-4b87de925ef3,1540156537854,1540156538200,346
b6074c71-0ba9-43c9-81dc-8faa55520ec9,1540156565491,1540156565838,347
89cfa5d5-b4b0-4936-94d6-756fded73f06,1540156586666,1540156587018,352
d4a2ff6b-7a10-46ea-b068-6e0e626f97f7,1540156514420,1540156514778,358
6d15b33e-8406-4d20-813a-200eab4a2db1,1540156558301,1540156558628,327
9c203148-c1b6-4946-b268-0819864cfcf9,1540156558908,1540156559283,375
6c312d1d-a2ef-4a3a-bbd5-f5661567413d,1540156547226,1540156547555,329
a5087465-8035-49a7-9054-01ad966103cc,1540156517358,1540156517716,358
4172752a-fef1-4d2c-ad70-87a86eabb768,1540156518369,1540156518721,352
03a8a1f1-8838-4145-a364-2a223a4b5ec4,1540156551042,1540156551398,356
f9860932-9edc-4684-b785-5f3498b2f041,1540156580547,1540156580837,290
d26c599c-8e8a-44cf-bb5f-5afe697bf628,1540156593138,1540156593522,384
5be91622-3120-40eb-888d-9f73e65e5580,1540156559258,1540156559577,319
1fa79f41-7f75-42f5-814a-5663150b73c5,1540156550780,1540156551096,316
776e2585-5806-44cf-98fe-e8f5caa66747,1540156562107,1540156562568,461
1b717097-9163-485d-9fa7-9e6963cfcebe,1540156512749,1540156513161,412
e3af681d-4c1e-4767-a4ca-1105acd3b187,1540156514009,1540156514338,329
6ed140f8-905c-4733-b104-ee94b9eb8747,1540156593491,1540156593845,354
fce94cb5-4ff7-4cdc-9833-40d810185d81,1540156550290,1540156550610,320
14b4daef-1760-404b-864e-5437b7c0d808,1540156559090,1540156559418,328
7c89b037-cc6f-4068-9efa-efe190dad271,1540156503695,1540156504058,363
6bf822b1-223c-4d36-977c-6e5076b31f68,1540156512411,1540156512931,520
1a295266-e1c2-4466-acb2-1455bd3bb74f,1540156522287,1540156522768,481
f3b44df0-19f6-4f33-81b6-55d402601c3d,1540156503859,1540156504217,358
8eed6a26-7fcf-41db-aad7-4b6701692cfe,1540156506045,1540156506394,349
74f5c7b6-f686-4641-9ae6-965caef0b9c3,1540156525295,1540156525599,304
fd436187-2be8-4128-a398-091681706cb4,1540156553988,1540156554290,302
2573d618-32ac-4113-ba12-10ffc0de982f,1540156579678,1540156579992,314
c7a6b436-a5a0-4cff-9848-ce17506274c9,1540156584441,1540156584844,403
1f1aa8ee-18c6-4f4a-ba90-2ba9a06e8109,1540156563394,1540156563804,410
f0df2c43-6e1a-47fe-8f85-0214fb9ff897,1540156518028,1540156518406,378
58e6cffc-747b-40a7-903d-530adfc92c81,1540156559172,1540156559486,314
ab4b811a-b44a-4e0c-aaf1-7d2ca0c24e1e,1540156571930,1540156572290,360
d272ab20-ea40-47a1-8a56-78f357191f19,1540156529554,1540156529927,373
c293ee34-7ea3-453e-8576-1ec21ba71a06,1540156572134,1540156572525,391
3e32ebfb-8b2e-4f42-833c-25248bb9a14a,1540156527512,1540156527882,370
9cc173b3-407c-4dff-8782-7adcd12a4801,1540156532241,1540156532582,341
19e61acd-50b0-48b1-96a0-a917b0c7cc7b,1540156550618,1540156550982,364
4e6ccdc1-1c4f-47ee-8fe4-3b4a3ff45f22,1540156504894,1540156505312,418
f486cf59-fb6c-41c9-8127-f335cee961a1,1540156504116,1540156504497,381
75223fd2-db03-4fee-add9-6ef5ac34eade,1540156518109,1540156518462,353
883d076e-13f1-48f2-87a5-66d11c236516,1540156500091,1540156500439,348
2b626d50-98b0-409d-9d43-3ee24983710f,1540156524250,1540156524656,406
51d0cc3c-a43c-4d03-b00a-fb86bf595ad8,1540156570724,1540156571091,367
4c4adc83-4c98-4cc8-ac35-16db9ad5bcde,1540156583828,1540156584116,288
7e8d686c-b8aa-4021-a94f-7160b3f03098,1540156505501,1540156505794,293
34e7c9e9-8dcb-4a5b-87c2-d0952983cd43,1540156547479,1540156547784,305
fc8371ff-0ed5-42f7-8a2c-a0d1b70cd8cb,1540156554072,1540156554377,305
27c0af88-818a-404f-b694-b5f77c895512,1540156537080,1540156537462,382
3f3567ea-9954-452c-ad6e-f1b7eb6daa9a,1540156570131,1540156570489,358
397609fb-cc47-43fb-a410-46fc7bedc125,1540156512137,1540156512662,525
6a1c23b3-ffdf-439c-b6dc-abaceedcbab0,1540156524792,1540156525062,270
ae4b3647-4e83-4608-ac15-94a947429c0d,1540156571291,1540156571635,344
c210b75d-ad6b-47b9-932b-80f3625c88cc,1540156572018,1540156572425,407
8e16f4fb-eb7a-444f-8bf6-8f1ae3e87fe8,1540156583565,1540156583876,311
855c72c8-3986-45e5-abb6-24c276907dbb,1540156584169,1540156584502,333
73f48487-df61-4f61-85a9-9fe0c5dc6c07,1540156526577,1540156526916,339
bb0c0b4d-95ee-4799-a2bc-b609b5965976,1540156550104,1540156550476,372
df85e14d-1890-43da-bcf6-4df9f459bdc1,1540156586442,1540156586941,499
7b8ccdb0-047a-4218-a837-dbebd1033faa,1540156534985,1540156535510,525
118dcc1f-ac47-432f-86c1-4a52787dead7,1540156502407,1540156502764,357
89717502-6eeb-4823-a5df-c2dd10721241,1540156584527,1540156585072,545
96bc3310-8e72-4747-9de3-d3f14cd681ee,1540156557015,1540156557373,358
6af14fe0-7b7d-48df-a3c2-e57a98cd7111,1540156510880,1540156511211,331
0fac9135-9395-4934-aefb-d98ff996b5de,1540156502864,1540156503270,406
da559543-b5cd-4627-86ed-727d947eaf9a,1540156538772,1540156539186,414
0aaafbc0-c789-4fce-a44e-0847c590be81,1540156581169,1540156581541,372
0bb7f681-1412-4b6d-bf86-5c1dfd38ee05,1540156527008,1540156527388,380
efedde6f-9851-4a7b-a3d7-e596effb2a1f,1540156576215,1540156576590,375
44e5fbcb-d42d-453d-abce-2793ee27cea8,1540156512497,1540156513001,504
4da65428-ed87-4ec7-95a5-d19704a8b398,1540156561488,1540156561861,373
2dfc9429-f7f3-428f-961f-84417bf1985f,1540156528615,1540156528941,326
daf9e5b9-e9a0-45a4-874d-5fb0e0103246,1540156573539,1540156573900,361
e7f04d66-0bd0-451a-bed8-26a88c0015c1,1540156592208,1540156592621,413
f35d8f74-d894-4df2-8eb4-39f10a052f68,1540156566248,1540156566564,316
3695cf7a-11a0-4a8f-8a18-559b16e626eb,1540156500756,1540156501041,285
1f9bc54b-53d9-4224-aa8c-169499d43947,1540156502224,1540156502602,378
0758dcbe-5c22-4aba-986c-1ede3d5ca2dc,1540156592123,1540156592468,345
b44ce77f-562c-4700-8a7b-572706cd274d,1540156593670,1540156594067,397
a8f91ed5-5119-40a9-ac6b-3f1748ffa54d,1540156594641,1540156594931,290
7b49aa24-db3f-432f-8ff7-34009cbdb80a,1540156555088,1540156555365,277
c549401d-2b68-4ec3-a5f6-bc7bc2207fba,1540156565163,1540156565491,328
d0178071-c868-4c73-af7e-3341f3f66a86,1540156520698,1540156521057,359
cf58ad34-6e90-434b-8dc4-3c97cad389fe,1540156560407,1540156560748,341
d620ce95-4cad-4b0f-a528-2610734020f7,1540156530719,1540156531083,364
8d84c8f3-5e7d-4732-9280-8d8e1c4af7c1,1540156541102,1540156541673,571
a4aad155-7cb9-43db-84c3-5d3740e1a609,1540156529820,1540156530174,354
5d5d5b32-0c68-460d-98a3-b587e71c1bf4,1540156558714,1540156559034,320
71fc7ae0-aa42-4868-aa3d-9152c5b7b91b,1540156527429,1540156527795,366
ac8eb836-12e8-4f10-a7ad-89fd9b114b5c,1540156511225,1540156511621,396
4280193e-b5c5-45b6-88f8-414eacdee1e3,1540156558997,1540156559327,330
34a16fa5-a3a2-4a53-b9b1-71e99a2746aa,1540156542370,1540156542732,362
3d14e993-35d9-4fb7-9ff9-e164fcf3b842,1540156569853,1540156570262,409
d05ef309-09e8-4b74-9a18-bcc076f91b37,1540156582538,1540156582945,407
6e170e45-af8b-4fea-9314-440f55517d31,1540156518454,1540156518770,316
5cc75e5b-6b5e-441d-bcaf-d98cddcb7371,1540156570483,1540156570861,378
f06757d5-153e-426d-a674-82e2cbd4c0c8,1540156514594,1540156514919,325
2ccb658e-665f-43f1-a6cf-16cc546faac5,1540156557859,1540156558306,447
730871f5-8e58-428b-9929-d62a58c4d161,1540156576478,1540156576822,344
2cb6336a-4854-423c-8184-501ca7f825db,1540156537422,1540156537832,410
a0ee3a68-ed96-45f4-a59e-2c8ad266f932,1540156538875,1540156539254,379
c95d6766-99b2-42fb-a26f-72671b7e6be3,1540156520498,1540156520845,347
b71a6c73-8f98-4cda-be85-b4c9317292a9,1540156544272,1540156544622,350
f25a6c03-1380-41c8-bb91-00c8ee4e0e8a,1540156526745,1540156527162,417
85de2d71-980c-464c-898b-f4df2ceeb9c5,1540156526826,1540156527202,376
adf3fc08-5e15-4949-af59-facdfe004145,1540156543313,1540156543669,356
895bc50a-673e-426d-82eb-ca2bcd59084f,1540156564982,1540156565348,366
34983a5e-a594-440b-8a94-5e83e919d407,1540156539996,1540156540358,362
c1f93b7f-9c39-40de-b26f-0a24c44d887a,1540156534518,1540156534829,311
0d383db3-c490-48fe-9d8a-e46d72e29f15,1540156582101,1540156582417,316
8bade651-9df2-4db7-82fd-5617e6221872,1540156530533,1540156530889,356
deb02d90-74c9-48ee-b433-086f5771feb8,1540156517940,1540156518326,386
4baccb8b-2cde-4896-adba-e1e088a82765,1540156538096,1540156538417,321
17e07cdf-469c-4833-ba80-8a7a88c3392d,1540156545047,1540156545419,372
083efcf0-6daa-433b-b03c-ba65fec0a8d1,1540156585711,1540156586025,314
1c32f166-5e70-45f4-8eff-97bb59a2a428,1540156595854,1540156596222,368
77567613-31b6-4e39-b3bf-8307c70b0d90,1540156542966,1540156543405,439
13e0bac6-009d-4dc7-a33c-28c59c2abefc,1540156500255,1540156500601,346
bcc1de6e-6121-4e52-9d4b-46a481f4c1ca,1540156570313,1540156570659,346
2f69b4c7-f2c0-4ac0-a0ae-f62868c30075,1540156509840,1540156510131,291
f8d114ea-a768-4344-b439-32e9e2259799,1540156500674,1540156500994,320
28981025-fc48-4007-989b-dcfce112200d,1540156541527,1540156541891,364
0300380f-5a92-41ab-b06c-9d4dd23226c8,1540156580993,1540156581370,377
9dce0fb9-d5c0-4261-9ac9-d21319e8a9a5,1540156578824,1540156579095,271
48adddf0-fb25-42a8-b889-fb361181287a,1540156538014,1540156538326,312
81632215-0f59-4dd9-9df4-1829daecbdb1,1540156529724,1540156530047,323
6c5c540d-989d-4844-a15c-3ff920bda604,1540156513821,1540156514180,359
f3accada-a8bc-4be2-9a04-3854c281204a,1540156521995,1540156522411,416
09da5cb9-0fb0-438a-bdfe-3b4c80dabe80,1540156527879,1540156528277,398
8680c374-09cf-4339-869d-b349a5abe776,1540156565573,1540156565880,307
130d3d74-259a-4d0a-ad56-958a230748db,1540156534777,1540156535162,385
3cd5414e-e2bc-4fcc-b255-cdfeba3d15cc,1540156593057,1540156593395,338
d1ca3e41-6af9-4e23-84b6-8b9b9cffd54a,1540156521833,1540156522279,446
83d0de27-6a7a-4dd6-bbe6-be06b9a757ac,1540156581835,1540156582161,326
1cab653f-4a37-4801-8fac-444fb15cc6c4,1540156582270,1540156582641,371
eac3defd-c0b7-4042-b6cf-36f3a478317e,1540156573875,1540156574187,312
3fb4cde8-94d9-4fa3-91f9-1dd737822882,1540156573045,1540156573761,716
427c60dd-74dc-425a-91ca-5767383a9689,1540156531312,1540156531671,359
4f63ade0-27f3-494b-8f95-1b3527f49666,1540156521216,1540156521589,373
0aaa1c5c-65c2-4227-b730-8e0745de3a7a,1540156550194,1540156550514,320
b2d93f25-67fb-49ef-937c-30b31a8395b6,1540156561241,1540156561603,362
a81cb125-8dba-41f2-bf73-a51a25d6e54e,1540156520871,1540156521216,345
68e680b4-100b-4023-ab1e-a5b69758c0ac,1540156550452,1540156550805,353
2665aec6-949c-43c3-b3ad-9d9b8686ac14,1540156547809,1540156548128,319
e68f415d-bfbf-4b60-a9a3-a214a71e5bbb,1540156575533,1540156575865,332
31860948-904e-4bde-8462-0526a3460530,1540156530636,1540156530999,363
85ec8594-6afe-4587-bd82-fef2c5dba088,1540156564201,1540156564552,351
87fad6bb-7c9f-4fd0-96b0-faf3db61e2dc,1540156592672,1540156593022,350
58148cc1-6e5d-4a49-9103-da06dd75ea17,1540156565667,1540156566003,336
a5e8fbee-abec-4d39-aaca-5c0095fc163b,1540156531560,1540156531841,281
157104aa-2f89-4cfc-9ea8-10c6adccb433,1540156595576,1540156595956,380
53a4c044-4b55-4236-bab4-ac160e2a80a0,1540156508264,1540156508534,270
b50fc6e6-dadb-4933-a7f3-dc45a33f130b,1540156537672,1540156538011,339
f79561b0-4b5d-4a85-92d0-b6029150828a,1540156563059,1540156563453,394
d0744ccf-9e96-4948-b7a2-fed6ca8f401a,1540156583645,1540156584017,372
315006b3-b6dd-48c1-8a57-c8dfe58fa567,1540156501963,1540156502280,317
07496675-3b5e-4ff9-80d4-9108aaf1f75f,1540156550699,1540156551036,337
64343712-d591-4618-a5f6-dd2cd39b4474,1540156557364,1540156557701,337
a701303b-25cb-4aab-98b0-4d74dec92848,1540156556148,1540156556434,286
6c78c703-2b1d-4f9c-9e75-10ca1cc79686,1540156545738,1540156546092,354
5c5495f1-1f2a-4fa6-9307-b66367003d8c,1540156555418,1540156555700,282
e11da3f5-078e-4927-a4d2-2b00a6040e24,1540156582005,1540156582365,360
ef00ef54-632e-4632-93f4-ec7a61cb68eb,1540156583311,1540156583614,303
70b3a4dd-188b-4905-8766-b99335e0614c,1540156535170,1540156535773,603
9b59e05b-c3a4-405f-a093-54a9688537c2,1540156596475,1540156596796,321
39778398-16c8-4828-8b87-638c707506ff,1540156533374,1540156533750,376
1f6a4e3b-f6b5-4998-ade8-e8b807b7a7c0,1540156536821,1540156537259,438
96668266-6fb7-4333-80f6-a32ac6281f87,1540156580817,1540156581179,362
792bad49-dacb-4bd3-8742-e095b04ce682,1540156586271,1540156586821,550
ca4aeb47-6ec3-4845-b3c2-5bc7909ea99b,1540156543684,1540156544173,489
ed0d31da-ee23-4957-a1e4-ce108edeedfe,1540156528699,1540156529051,352
941d3539-c1a0-418f-b67b-0732ef18cda5,1540156562778,1540156563170,392
02f1ee6e-9d5b-429a-9765-de609274a342,1540156561079,1540156561418,339
cc662697-d84b-4930-9c47-a99a6e02868e,1540156510700,1540156511072,372
37345637-cd70-478d-b75f-8d40d49aab77,1540156524446,1540156524764,318
6a18a4cd-e237-45e3-a158-c22f37d643cf,1540156549472,1540156549889,417
caed5f3d-a243-408b-8536-d56675f6552e,1540156524626,1540156524927,301
644ed1c1-e6a3-4930-9ee8-d5e6b6308f02,1540156560585,1540156560877,292
60a909d8-a79b-4bb1-b05c-ef50669407fe,1540156522922,1540156523282,360
5a972a3c-1fff-44b0-98df-0aa300303468,1540156542875,1540156543247,372
e63c6793-713b-4358-a640-c9b3257ad00a,1540156536906,1540156537306,400
26636820-6847-45bf-8546-d9c04e36afba,1540156524024,1540156524497,473
e6466b0b-d746-4296-b623-d07d363dc333,1540156581363,1540156581775,412
ae6d9114-6ecc-4186-a59d-0ee55deec62d,1540156534193,1540156534543,350
15373de5-0a71-4171-ab85-5619a688d69e,1540156560059,1540156560392,333
c41a42df-7b8e-4202-aff6-e74516c7613a,1540156581266,1540156581618,352
a1d6e335-74fa-4003-b40d-21122abf0d67,1540156595324,1540156595697,373
714e8397-2899-4378-beed-0355bf3da0d9,1540156510179,1540156510564,385
c55afba6-7d92-4c89-a182-31578f0e5d5b,1540156516630,1540156516990,360
8941b0f4-71a7-49c3-9dd2-f4552da1426e,1540156561920,1540156562299,379
5e6c070d-5504-496a-9752-b0060c57b3a5,1540156580346,1540156580776,430
cd89ec7b-a5ec-44f2-a5e7-60d9853894fc,1540156509193,1540156509610,417
b7ec648d-83ef-4177-8884-7a0ca4753c94,1540156552152,1540156552485,333
fa15d843-c105-4f67-ad14-728e5e0dad5a,1540156522700,1540156523034,334
b25cac5d-d144-45b2-9bf2-052eb21c2aaf,1540156549134,1540156549442,308
da6e3ce6-4d64-42d7-9b77-1d543686fa89,1540156525548,1540156525883,335
58c92367-7bb9-46b1-9a12-825f1db97f45,1540156502322,1540156502699,377
d1bc58f8-4f04-4be3-b99c-6af57212ea4e,1540156514942,1540156515296,354
417d183b-0ec7-488f-9f18-3fb7d22bcaab,1540156548607,1540156549006,399
0759f57b-e77b-4a44-b54a-bfde12ebae1f,1540156596115,1540156596500,385
db8e5b17-e8b3-44a3-a755-cc5b80af18ec,1540156563220,1540156563703,483
26f50a96-d482-460c-a88c-6e65976eff3b,1540156544602,1540156545005,403
a2939c99-388d-4010-bd4f-59c672540d12,1540156549053,1540156549352,299
77610757-d606-4955-b3fe-c8e9da92278a,1540156579598,1540156579900,302
29fa84af-c289-4422-9661-96715e2cf91b,1540156515649,1540156515956,307
9d159134-c05b-4112-9260-f4eda467d9ff,1540156551392,1540156551685,293
9237e440-488a-4f67-b7b1-506c922a8a25,1540156574387,1540156574679,292
2948f83f-86e8-45f8-98de-cae55c41fdec,1540156545310,1540156545616,306
03abf1df-d5a6-46be-8815-50310f9e4ec9,1540156533116,1540156533481,365
45df77b9-2d06-4484-9cab-eefd87d54d9d,1540156579081,1540156579375,294
c35cdd4c-f18b-44be-8f73-8f84f84b6a14,1540156575967,1540156576364,397
96e86a54-510c-41bd-b440-6ec3ba02311f,1540156519881,1540156520216,335
dd86692f-6192-467d-a97f-c129867713e4,1540156512941,1540156513332,391
875bc536-773d-43f2-b6b4-dc0e78922f0f,1540156504199,1540156504533,334
41674d85-ccf1-489f-8480-2f9a0693263e,1540156549921,1540156550313,392
b99483b2-bee0-43dc-84c8-50b1505de84e,1540156554921,1540156555254,333
434e5bf0-753c-47b9-b1ad-1387df77eb0f,1540156508950,1540156509245,295
3ab9e358-6848-4b31-80ad-ce7a0e14e170,1540156508427,1540156508763,336
ffd9e291-78de-4485-8c72-0aedbc820a60,1540156566167,1540156566484,317
91effed6-994d-4985-9b27-aa528bf0fb49,1540156544876,1540156545232,356
29f515c1-6412-4213-bb9d-f7427f40a049,1540156570030,1540156570418,388
0915283c-1ded-4ed7-921d-ec79aaa3ed51,1540156522198,1540156522644,446
1721dd97-43c2-4e09-91c3-1d18553a5d2f,1540156525132,1540156525441,309
c9881c03-cfc8-4e7e-951b-4274c72facaf,1540156502947,1540156503321,374
d47c4eb1-8a49-41c3-a820-2366645515d5,1540156537934,1540156538249,315
16113f6b-6599-4087-8bf7-2f82cbfa4f90,1540156554241,1540156554569,328
bccc45cc-e7d6-4a02-93b9-bf86511cfb23,1540156592396,1540156592776,380
4cbf97b7-97b3-4a7b-b077-ff345b40522c,1540156547648,1540156547963,315
a3bc239c-7e21-49f2-b4bf-6ca4de929777,1540156565243,1540156565549,306
70cb76ff-a709-437e-baa7-446487d152c9,1540156535792,1540156536201,409
a89d7d27-fc48-4aab-945b-ca4475316947,1540156553166,1540156553493,327
44d1faef-14e3-478b-abef-06cf7970e073,1540156563476,1540156563838,362
1bc47d6d-54e4-403f-9660-bc739607edc4,1540156574645,1540156574978,333
83a49fcc-40a6-4590-93cc-6c9d53ff7cf1,1540156531733,1540156532102,369
cfd26f53-43d2-4ca6-a4db-c80d145bcf8d,1540156503028,1540156503361,333
e8acb783-0bcd-4fc1-aea8-02c64b587d9f,1540156548961,1540156549291,330
49334d53-61d2-43ae-a6b8-5b4ba31e5754,1540156541948,1540156542265,317
abb8a386-0ac1-492e-a5ab-cb72bb997edb,1540156529384,1540156529761,377
41238f58-0c82-4ea8-806a-2624174604a6,1540156538428,1540156538769,341
1935960e-cd9b-48ee-95fc-3b875d274038,1540156523941,1540156524393,452
e0a00b16-ace9-4faf-859a-f78faab2f472,1540156501882,1540156502218,336
70f53ee4-a468-4f49-860b-0869e94a7658,1540156556063,1540156556371,308
d65593e4-bb63-45e2-b1e8-87b8790ff2e2,1540156537766,1540156538069,303
965ad544-b44c-4145-be9e-458838e50075,1540156562353,1540156562774,421
fec3ee34-563c-4b8b-bf8d-5c1fe44a7897,1540156506846,1540156507155,309
19923fb0-9653-4355-b197-9e75e281f299,1540156519012,1540156519287,275
051fc7bf-a082-4e0d-b96b-81324cf51606,1540156562691,1540156563108,417
ca51f986-1b32-418a-bbc6-bfc0fa6229cc,1540156586766,1540156587092,326
b4546213-c29f-4721-8a74-96e8f6cdbf5f,1540156532867,1540156533158,291
746429a4-d2a3-45da-bb3e-73e44e68dfbf,1540156565326,1540156565692,366
fa62186c-6a9d-4d40-941a-ab4d13ba72b8,1540156543231,1540156543654,423
7b9c3d58-69ef-4996-955e-4d3da71c34d1,1540156502778,1540156503214,436
2f7881f6-9ea9-466f-b87e-c136c19370ba,1540156505942,1540156506283,341
abe27a56-75d3-45fe-ba40-0f67b83e0fb5,1540156551799,1540156552157,358
05745165-ad11-4155-a169-46cb7a68c50e,1540156544187,1540156544515,328
3d40cfac-9708-4eed-b4bc-df67df906fbf,1540156561403,1540156561798,395
6462e8af-ed10-430a-a76c-c9114067810f,1540156571563,1540156571933,370
761e6ed7-9acd-4aad-81b0-504b033ec519,1540156569487,1540156569839,352
381a012e-44ad-4398-a41d-231aa0281c68,1540156519177,1540156519558,381
b36a4cfb-d7df-4616-995f-e2f777be331f,1540156543065,1540156543569,504
f1c07b3e-b797-41e0-ae74-ef3d165538b1,1540156549816,1540156550198,382
adf7001f-af48-4f0b-a4e5-c7e09c1364d1,1540156572308,1540156572845,537
1163c387-fe56-42e7-8801-71ca78f30684,1540156532781,1540156533086,305
e6610ae3-390c-4410-9727-8590827a7597,1540156586354,1540156586866,512
361726db-d5cf-4c30-bfc7-a43169f14195,1540156522539,1540156522906,367
46ca477e-24ff-426e-989f-80bc1e3a6c98,1540156524346,1540156524727,381
c8255556-470b-48ae-855b-83489d0fc10b,1540156583479,1540156583780,301
afb79951-e126-4f7e-808e-393c2fc49c55,1540156573626,1540156573962,336
872d82d2-a836-4c59-80cf-f1bfcf4a6838,1540156510263,1540156510628,365
4d4dae04-f00f-452b-b6ca-3a68215ffa48,1540156557445,1540156557802,357
9e980c3b-f23c-4653-be10-8814c42e1bba,1540156569401,1540156569719,318
7736c8e3-2e2b-4c1b-bfb1-b5db11b00caf,1540156554412,1540156554729,317
a897bd22-b32a-4638-bc59-147b841afb2a,1540156556921,1540156557294,373
fa584482-0ea7-4e77-a64b-b13923919cb3,1540156594994,1540156595334,340
13afa19a-b2c0-4440-b606-acf283219860,1540156595161,1540156595508,347
f8b99fef-1cd4-4ab1-a97a-fa110db02723,1540156564121,1540156564415,294
f2c65a7c-b4df-4278-b1ee-c1326e530fc0,1540156570400,1540156570741,341
4daef850-efaf-4f74-8943-897f96b5c8fe,1540156547145,1540156547477,332
71af415e-054b-484d-a9a6-1a987d792466,1540156538344,1540156538702,358
fd5357cb-7f72-44c8-9427-1bafb06fa053,1540156531223,1540156531610,387
9c7b45ad-9bf1-4283-93c1-918dcb81f0e3,1540156580912,1540156581314,402
472688bd-243f-405d-a8ae-e64eb02d8341,1540156546156,1540156546537,381
970d0f6b-a90d-4800-9cc9-32b5f2e0c756,1540156504976,1540156505367,391
1f8eb1cf-9a21-4acc-a011-3e7c7e5e6471,1540156500011,1540156500409,398
bfa26b17-4a38-44f7-b2be-f259d8cf67bc,1540156542696,1540156543065,369
fdcba76d-0846-461d-b094-11a52af3f0da,1540156551882,1540156552265,383
1348e730-61dd-40d5-97d9-f8f37b5726f1,1540156592296,1540156592695,399
3b634b4c-2971-4a17-a6e1-b446c9428fdb,1540156536196,1540156536522,326
75272c75-6569-4307-9c4e-65cc4b027c06,1540156564033,1540156564359,326
7d87c9df-4364-47c8-af50-843036c355ef,1540156585280,1540156585650,370
086b3688-f591-4d07-a14c-2d4a39df770a,1540156507101,1540156507439,338
b2d0ffa3-3348-4f4e-a90d-3d76a43643a4,1540156555983,1540156556277,294
fd83c015-9419-49d0-a3b1-acc97f98cd18,1540156527171,1540156527561,390
ec7403fc-1e94-4911-9cba-d0fdfc2aeaa0,1540156546076,1540156546381,305
8d3e546a-4f1d-4b33-b514-75727b3b92c9,1540156511868,1540156512209,341
ee4168ea-130f-45e8-9fdb-693467b2917e,1540156576047,1540156576442,395
b560f01d-35f1-496c-85a0-4e74c2423ade,1540156523517,1540156523823,306
0c1532dc-42e4-408d-b729-f17d4db1f0c9,1540156530083,1540156530506,423
b72484cf-5794-40c8-886a-46506214de4f,1540156572859,1540156573651,792
50139d7f-2e66-4703-8c14-0d4931efba06,1540156584701,1540156585126,425
84fe6a6c-6501-4f16-bc8f-f1359f3035b8,1540156554156,1540156554529,373
4e69d536-9c2f-4af4-bc0d-716a310c3088,1540156526237,1540156526617,380
a3f2c833-2ac5-4b18-88b7-f5bbcf35b8f0,1540156532075,1540156532493,418
6a570c78-7eda-41c4-a89b-13bb1bea17e9,1540156581494,1540156581836,342
ab3c35c1-9a41-4ba4-ad8e-b7671d6fcfa7,1540156505413,1540156505733,320
c53b1c73-2a0b-4fc3-8ffa-026d2c796db2,1540156539309,1540156539649,340
9482874a-5a93-4fd2-bba4-5ce5eb234ae6,1540156502522,1540156502902,380
bf79fa05-8530-4665-af3c-95671ec2c21b,1540156541868,1540156542233,365
3a5a33fd-e420-4ea4-93dc-cbe38ea5db45,1540156559973,1540156560350,377
b715d98c-7e5f-44e6-b036-1ac13cbbb080,1540156579928,1540156580307,379
bc6c1bec-c087-4f6d-b62e-55b571068977,1540156534356,1540156534686,330
68c461a7-347b-4935-9e88-10a5db501f56,1540156529995,1540156530397,402
aefc4921-e3fb-482f-9ad8-7b920170b8f3,1540156521752,1540156522153,401
dbe71cde-4e03-4264-a252-aac264ccad3b,1540156576382,1540156576739,357
396cb8f3-3fa4-4f71-a310-e8ec8e0f761a,1540156575140,1540156575497,357
ee31c1d7-195f-49e8-a04c-e759c66c7cfd,1540156545482,1540156545807,325
f08ac38f-6891-4f8a-8251-ea4fd5459038,1540156503199,1540156503498,299
f77290d5-e99b-481b-8732-0f2068264866,1540156553897,1540156554229,332
858d0073-4f62-4e85-9099-b6cf06561955,1540156519633,1540156519954,321
415592d6-7937-4765-8997-26d4bd075e70,1540156512660,1540156513099,439
0ed69df0-e60c-45dc-8865-fb447e62902c,1540156513475,1540156513842,367
27b9d06b-8a8b-4668-80dd-c846fd363717,1540156532515,1540156532869,354
8e5604da-fd52-43a0-b838-df66ce3f1e57,1540156530436,1540156530810,374
124cef03-d915-4b04-80b1-ce1971f31b7e,1540156532424,1540156532770,346
fcf2a0e4-7601-41a8-85ab-a86249dde091,1540156510608,1540156511025,417
68b89cd7-fa1d-49e3-935e-f389da5b2055,1540156558549,1540156558921,372
4bac3a67-f3b8-40ac-b59a-140778bf2ab7,1540156520322,1540156520708,386
9511206b-5931-4f4e-b694-3dcb4f8b3d77,1540156557107,1540156557456,349
b28f341c-5e1e-4c31-ab66-c8012ba3e600,1540156566331,1540156566745,414
b0234dbf-d797-4799-bfdb-ac622ef6354c,1540156501548,1540156501936,388
f92c1a30-cf1d-46af-9c1c-464abc74309b,1540156519799,1540156520155,356
b616d9b2-a485-45ed-8d14-9fe1bf6f1cd1,1540156574895,1540156575198,303
65773df2-b7c8-41a6-bcf0-9d46c893f282,1540156582444,1540156582871,427
eb666bae-25e5-4aaa-afd4-10ac9f8d137e,1540156510005,1540156510336,331
37db46f4-9ef8-48e1-86b5-e50b691b9e43,1540156585033,1540156585374,341
3b9ab29d-967f-4a52-a27a-a04bbda99f17,1540156509373,1540156509786,413
73330cf2-a299-4edb-b381-49ad0e18f68e,1540156517857,1540156518258,401
31825aac-46e5-49db-a93e-684ecb51ae1f,1540156508092,1540156508415,323
6bc4677b-376b-477b-b0a3-9f22ad23f8c5,1540156522371,1540156522845,474
cd8a0358-8a61-4281-9efd-adddf23841e9,1540156547972,1540156548292,320
48febe0d-6aa3-411e-8852-7f41767f34f3,1540156570815,1540156571190,375
613175d2-882d-49e2-bba1-6eba83d27f8c,1540156547306,1540156547605,299
82eed5ae-a419-4a65-93f9-7f2e5b8f41fa,1540156544698,1540156545047,349
c03ae273-e882-4c9b-b562-8a33a5c4dddf,1540156563786,1540156564116,330
b1b8d8d0-31f6-40a2-af9f-ee699ecc2db6,1540156563697,1540156563967,270
df9ec558-e2fd-4c1f-90fa-a0827ebf6f6f,1540156578743,1540156579067,324
97166c8a-588b-47ed-adc8-e69e37d2931a,1540156515731,1540156516046,315
ea3822b1-3241-4951-856a-44010a3870aa,1540156527686,1540156528109,423
551c2931-dc6a-42f2-961f-6cd23abb3d24,1540156573128,1540156573798,670
fc2007a8-eeed-4c4c-bd9d-5dc44f3db6f2,1540156566423,1540156569289,2866
795bede2-0246-401c-bc5c-9d595e2cf6a5,1540156533293,1540156533706,413
4edce60b-b318-41e1-8db6-f4987ec0ee24,1540156511418,1540156511721,303
8aa7a01c-6952-424b-8d38-ad4914cb4292,1540156595495,1540156595911,416
3ea92e21-61e5-4d5c-9700-e6c5d141d830,1540156549561,1540156549950,389
8cf0d059-a4b7-440c-878b-6957f572c0cc,1540156535709,1540156536184,475
ab215792-f8f8-43c4-a0bf-ba907897fb2c,1540156564452,1540156564832,380
1e402e6f-59a6-4ca0-8b1e-dd8b94f04e5c,1540156555338,1540156555632,294
174221d1-142b-4350-9885-1b95a0425cd9,1540156562014,1540156562418,404
90fcb45b-2be9-4a8c-b099-0e5104b3912e,1540156534600,1540156534966,366
feab71ef-5baa-4707-a28c-00edf4337890,1540156507616,1540156508000,384
3efca905-f9ae-43d2-a0e9-694e9ef57f17,1540156586157,1540156586761,604
eb962ed9-7a75-4b6f-bc13-dbf21f31a584,1540156516152,1540156516524,372
1c2d3c12-b6a4-4d56-a8d8-cadd2a529870,1540156509276,1540156509753,477
90e7fcf2-c4c8-4ca9-87e1-1b9aae4cdc66,1540156519717,1540156520081,364
c624d2e7-88ed-4a80-b17c-704e958ff64f,1540156595939,1540156596261,322
9d36466e-7c0a-4502-8465-32e8a96389c6,1540156582795,1540156583133,338
d9363c9d-dbf4-48e9-bba4-431bd468fc89,1540156507711,1540156508107,396
67a5bab2-f654-43b8-80bf-658803a4f914,1540156557284,1540156557610,326
0ebb5b19-a061-4e30-94e0-d5d64819065d,1540156536112,1540156536485,373
14868e80-d572-4156-86fe-331762dda37d,1540156539392,1540156539778,386
011f0db2-6f8d-412b-aa5b-295c683ec2af,1540156574811,1540156575112,301
9e6457a3-e020-4c33-9668-a3b5391e258f,1540156560158,1540156560455,297
502dea47-6af2-4551-853f-75988db3c51a,1540156581754,1540156582078,324
0e546c02-b086-437a-b46d-e14047ca706a,1540156539648,1540156540065,417
211a4bf0-158b-45d9-b01d-ff8b86884374,1540156504812,1540156505205,393
3d1afaad-fdb0-4b4f-a61f-2b8af6774ab2,1540156558022,1540156558416,394
80415a15-ab9b-4e3e-a0a4-57fcd514a952,1540156526913,1540156527281,368
d2c383d8-3631-4b98-9d98-67d8607844e5,1540156540370,1540156540740,370
9b4cfbe3-cdd9-4bf5-8ad6-e30708ca0101,1540156529640,1540156530025,385
71e6a496-8ad9-4b2f-8eed-197692580c4a,1540156528781,1540156529134,353
f5b2bd31-298a-42ac-8251-7e072c986a89,1540156540701,1540156541094,393
298057d4-49d6-4314-85a3-6a495b871cad,1540156581074,1540156581443,369
a023e172-95ed-4712-8564-619e504f46bc,1540156593398,1540156593727,329
d9c1dc89-b545-4bc5-9212-08359ef869cc,1540156536022,1540156536364,342
8dffca52-e82b-4df1-a490-9749b6f046e6,1540156520788,1540156521140,352
9d0d3b61-f343-411b-89e6-bc42885e2270,1540156551637,1540156551921,284
e200c11f-1f47-4df6-9a31-d1d921d1d2d4,1540156538179,1540156538475,296
112d516d-e0d9-4ec5-9071-bcca67cf8b4f,1540156510423,1540156510818,395
a5f97dad-faa7-4952-9f9c-fac1a94d264a,1540156518195,1540156518612,417
19739c93-4a30-4fcb-9cee-1be845389132,1540156521667,1540156522042,375
f539c7c5-152a-47b4-a99f-ce45d8f8ef81,1540156542789,1540156543189,400
2348b26a-6dcf-4d37-ad06-ffdcd6e30ade,1540156563304,1540156563739,435
3b5f92a4-1684-4a39-90ff-5a36639f6c21,1540156523437,1540156523801,364
0597d608-6e9d-48b5-8d72-ac9ce028ee07,1540156555660,1540156555947,287
2d8d9b2b-0180-4e3c-99fa-5d35a6df799f,1540156545570,1540156545872,302
a960ff1e-b410-4f7b-ab00-305657fdaca0,1540156506679,1540156506967,288
1a7df12f-8f44-4030-800a-eca7aedec445,1540156506762,1540156507051,289
de214650-c769-463b-ab18-170e0c3695c1,1540156503612,1540156503944,332
8a2047ca-3c60-4257-b46b-7540f99b67b9,1540156565407,1540156565755,348
a2848aff-2736-483a-ac5e-a46c4759e56e,1540156524712,1540156525001,289
39d33bac-6774-4761-be03-935a0007e159,1540156585448,1540156585831,383
c0f78ceb-10da-41ed-b896-98d906b2955a,1540156502140,1540156502532,392
4559d00d-9a84-4df3-8e9e-94bf2af4dca6,1540156548689,1540156549077,388
a11999ed-b102-431d-b72f-ba1cbf3564e9,1540156500174,1540156500506,332
a512efb1-a67d-4602-99f0-1ebdc90c48fd,1540156558817,1540156559171,354
bcb25534-7de1-4441-8bcb-4bd271296bd8,1540156544024,1540156544397,373
9918168e-088d-4d2e-9fb9-54dd1003dd4c,1540156582976,1540156583298,322
d85adb2e-dfae-411a-b9d7-1316a4406811,1540156562610,1540156563053,443
3742868d-5835-4773-8dea-ac99e1757762,1540156523084,1540156523425,341
641bd529-95ea-4d73-af90-cbebcdd0d538,1540156550860,1540156551200,340
5f89e73c-4df0-4c26-b85d-69af218c3c98,1540156541022,1540156541370,348
f05f084b-2b53-42bd-aa71-0616c866d1d0,1540156538510,1540156538902,392
f5b83956-f357-465d-9af4-90ddc2727555,1540156583393,1540156583725,332
4847d543-aee5-43a7-840d-892449c89189,1540156507015,1540156507336,321
5f83ecf6-ab3c-406f-8fad-60f0852b35bc,1540156504374,1540156504704,330
833cf24c-7862-4299-9b7f-b3c341b05b50,1540156571374,1540156571781,407
514d24da-10b5-4d83-9807-c792a8ac3c23,1540156507440,1540156507866,426
6dde1eb6-aa3b-4b50-848e-cdcf2de20cb3,1540156556576,1540156556922,346
34af5369-0217-47d2-ae44-49a34cf85981,1540156551228,1540156551591,363
797be2ac-894c-4116-9bb6-6c0dd90bb81a,1540156527794,1540156528180,386
2a3ba84a-cdbd-4988-bb35-f60470b36e9c,1540156520223,1540156520598,375
5be944c1-3e2d-47df-863d-8e4c5b20fbf8,1540156536407,1540156536714,307
464f984f-d8e2-4d47-969b-ae9e92ce41c5,1540156560837,1540156561131,294
950f9a86-6fbe-472b-b762-56e869fd04e1,1540156555741,1540156556046,305
1207e237-4bfb-4e70-89d7-558e1bf06e76,1540156541264,1540156541625,361
d12ccbeb-ce54-4203-ba51-cdb0f0950d0c,1540156576299,1540156576644,345
c16d28f0-fd5b-4051-b91f-01186d1bb762,1540156537509,1540156537900,391
650378fd-2d2e-46a2-962b-3de7aa4c9f71,1540156522459,1540156522856,397
0ddb23b7-9b10-463c-8e7c-0722e944a59b,1540156553085,1540156553422,337
d79e78eb-5ea5-496f-b0a4-9f759c2e7546,1540156521135,1540156521488,353
95c0184e-91c9-4c63-8c33-8855f59fed29,1540156531480,1540156531779,299
b1396e4f-b3a2-4104-85f2-61e83b6bd46e,1540156586535,1540156586986,451
f2c32549-9adc-4c0f-b13b-c84f4d4a43cf,1540156584000,1540156584285,285
7df0cafb-7eac-4ae8-8f32-f8a164642acd,1540156536317,1540156536617,300
44f20f60-2af3-4d24-887d-4ba277d4169e,1540156578412,1540156578682,270
31c7c40a-a8a4-4bff-9eeb-000022a83b59,1540156550011,1540156550400,389
08ee357d-a1e0-41ce-bb25-5edde2703018,1540156523257,1540156523621,364
503329d4-38ff-4cf6-b775-9053fd63601e,1540156516722,1540156517067,345
54ac6b28-a44a-42bc-8fec-67a6effc1223,1540156592922,1540156593300,378
b9ab2a4c-c161-4fa9-8210-38498c129522,1540156514088,1540156514412,324
af9c1c36-7bc3-4ab4-9dce-a5131570b1f9,1540156529473,1540156529813,340
115c0790-c7e3-47fb-9535-1812c9a342ce,1540156499913,1540156500315,402
5cbb9c1f-8ea3-4368-b3da-cd737634d619,1540156524957,1540156525295,338
6a83ed90-5981-4a5c-a3a3-45be30d8054b,1540156579840,1540156580176,336
25719aea-8372-48f3-a4bb-577a67fd82e6,1540156563139,1540156563524,385
fca77669-26b1-471d-b45b-fe54d51dcaa5,1540156504455,1540156504804,349
d52ecb72-3a03-41db-ab5b-30f0790845cf,1540156539480,1540156539840,360
ee356be3-e0b4-4dd6-887e-7925d246000a,1540156531400,1540156531729,329
188b0930-1982-4887-a7fb-ee9bc963f2ca,1540156560918,1540156561202,284
dcac0bc4-7ffe-4019-bfa9-54dce3d6633d,1540156569313,1540156569620,307
fd62cd74-804d-4bee-a0dc-c52291f73219,1540156538675,1540156539127,452
23525e77-1e90-4645-971c-124c7ac63039,1540156501377,1540156501726,349
17eb21d1-442f-456c-bf93-6769a70991bb,1540156545396,1540156545717,321
68995fa1-4400-4512-9748-15347c82b397,1540156573430,1540156573888,458
9d02c2af-494e-4d44-b16e-44de8494024c,1540156535356,1540156536001,645
099e0225-4ac5-42de-9256-6bd65784b40f,1540156563589,1540156563935,346
c86fd74c-414c-4c53-8d88-5378f6689105,1540156553329,1540156553649,320
c8bba800-272d-4ee6-820c-859d102fa0b4,1540156505848,1540156506244,396
da5c9797-e370-4f03-981c-fa5dadf072af,1540156516267,1540156516637,370
219e8d95-8c23-4600-a160-db52f6fecac4,1540156514692,1540156514986,294
dbdec186-a623-4130-82da-62519a09d640,1540156517559,1540156517951,392
f483dd90-ecb1-4806-84cd-98d9041b6929,1540156532949,1540156533269,320
d4ecf873-539e-41ae-a81b-c6429300fa93,1540156515465,1540156515853,388
03de0759-3963-4a16-ad7f-d8c6bb8584fb,1540156514859,1540156515262,403
aaa10121-7ddd-4abf-8c75-742a17fc3e45,1540156560998,1540156561287,289
f5412d18-8995-4162-9bf9-9dba0a13fcd2,1540156572676,1540156573338,662
e508387a-f79a-494c-b8fa-696a828d190b,1540156575788,1540156576188,400
c082ba75-426c-4244-8c7c-2ca0e15b58e6,1540156548774,1540156549138,364
f34eac62-5afa-4d51-ba34-f530a6832371,1540156521052,1540156521420,368
5fa96334-1702-464e-a2e9-8fbb0e6cb291,1540156540783,1540156541208,425
a721015e-cb6d-4985-90b2-5ec79ad4efbb,1540156526659,1540156527025,366
52e2dd27-2270-4d36-8134-031ee24a2e77,1540156553003,1540156553294,291
c840aa64-14bc-4bd4-a61f-272dab8cdd60,1540156503532,1540156503846,314
39715b03-5833-45e1-bb4c-049119febf1b,1540156518281,1540156518653,372
05326344-d42f-4cf7-aab1-ccad612b8892,1540156594205,1540156594602,397
b03c9983-f595-4da3-b82f-106c71b9d7a2,1540156542281,1540156542584,303
30314678-dfb2-4595-a0d9-a0e25425d04b,1540156500923,1540156501277,354
3a7c7876-adb3-4747-93d1-17a7d73c02ff,1540156555821,1540156556112,291
a9b60de6-28b8-4519-87a3-192cbd2725b0,1540156507350,1540156507744,394
1e91a74f-469e-4516-a8b7-48954fc3e77f,1540156514774,1540156515112,338
615d3929-25bb-45c6-8ffb-883c43d82cc0,1540156518721,1540156519024,303
87b36d4a-a116-47ab-a146-5c6bd7973bbf,1540156592043,1540156592431,388
d5e28009-11e6-4325-8f74-370a4a76ceb1,1540156560240,1540156560566,326
310d0c91-908e-475b-b949-b2d0b2c74fac,1540156530970,1540156531289,319
71475dd5-0114-4116-bcb3-f7be1b88e0b1,1540156507793,1540156508153,360
d3b97494-559d-4e7f-8d3c-0d8e7d3838ef,1540156509112,1540156509516,404
b35c210b-b78a-424d-aa10-16886314cf24,1540156595241,1540156595610,369
26b8190e-bb47-4375-835e-b1e3b029885f,1540156560747,1540156561047,300
7bb66567-e25a-4c67-9356-54a865cdd47d,1540156508176,1540156508491,315
4667b106-f932-4f8d-9b3d-f96e80c789e1,1540156595762,1540156596091,329
4c2e0567-25e4-4ef0-9f14-b4bf14c774c4,1540156513204,1540156513602,398
c2efa8b5-2a6d-4926-b713-7b2ffaa558b3,1540156534274,1540156534598,324
7e32b4d7-dccd-4428-b689-45e41f6f5312,1540156549641,1540156550034,393
ff0aa722-d0a4-4fd7-8f2b-5ad3cf91c6cc,1540156523351,1540156523738,387
555d97d7-6400-41d7-8804-91a480bc31b0,1540156566000,1540156566273,273
f221659f-4d21-48e3-bfb7-082602985773,1540156559477,1540156559763,286
a8d6af57-ba7a-496f-80ec-0f93dfb76e33,1540156545651,1540156546009,358
8681dde5-119d-4a01-ba66-631be044982a,1540156509476,1540156509882,406
89529632-d0ea-442f-947d-cdcc2635c706,1540156552242,1540156552561,319
9a55b20c-8ed3-4970-9d4a-0ca2b9ac982f,1540156544521,1540156544892,371
1974428c-a6e8-4662-85fb-41683c65a5f9,1540156500504,1540156500881,377
c38f5860-af7e-4015-a5ad-4ae627ce11c4,1540156511133,1540156511505,372
e97ec649-e7f0-4197-a747-4e297ddfaa53,1540156574976,1540156575277,301
783cb020-ae2b-424a-8b1b-54f6509e2753,1540156558205,1540156558515,310
482de588-7a24-4d58-a4dc-f0a7ab38c224,1540156569060,1540156569374,314
01c58ad2-d20f-4251-9be9-09b8816a5003,1540156543772,1540156544178,406
cf884464-db7b-4c98-b7bc-b3eb8f5f3007,1540156515905,1540156516282,377
4b2d0503-0d27-4350-8afb-90cb993c33a7,1540156552668,1540156553004,336
a58f4309-ce5e-44fd-8a46-df42b7dcab10,1540156524544,1540156524850,306
e7daeb73-b732-4f77-adba-4d3d08dbf05b,1540156538963,1540156539349,386
3d9d1323-eac6-4414-98ff-571c66de8bce,1540156544106,1540156544439,333
152dc89f-12e5-45a3-92c7-d0c22717156d,1540156560489,1540156560806,317
443f4f47-8ac2-403a-97d1-f4699f9f7afe,1540156544440,1540156544797,357
d79eca09-ea62-42a0-b3bd-e90abf0649ff,1540156557611,1540156557974,363
69cecb06-484c-41ad-9a0d-650cd2a301cb,1540156582714,1540156583055,341
ff4240ff-e944-4fec-8184-824be1bc7f3f,1540156512038,1540156512530,492
106a5558-7f78-4e70-a312-c6f4e8a1ecba,1540156517652,1540156518004,352
1f2d1950-c9fc-42df-a7e2-7f7d01316971,1540156523003,1540156523317,314
30323258-983b-4f31-aca0-fc0cc577d342,1540156569744,1540156570183,439
df9a4651-7f83-494f-9ba1-322fec4f74ec,1540156578992,1540156579288,296
a7d66662-e01e-48c2-b727-1a65ddc0dd73,1540156544787,1540156545167,380
58af101e-bc29-4b23-bad2-e4ddca0c939e,1540156528436,1540156528734,298
a40c049d-aa89-4568-9e1f-caee1792eebe,1540156525378,1540156525741,363
835ee7d0-543a-43d3-820f-82ee5ac40942,1540156551970,1540156552346,376
82223dc9-7766-43b3-b959-657f90aadca6,1540156534869,1540156535337,468
26c428f7-36b3-423a-8b2d-c86ff014fcb0,1540156516997,1540156517376,379
6900ea73-8289-4236-9275-1895ed7bbdef,1540156509923,1540156510224,301
8100b5a8-9a25-4493-a5b1-7e7cec15a13d,1540156574038,1540156574409,371
4d101891-8248-4135-8445-f7dd5e3d8537,1540156594724,1540156595072,348
e6400693-5b9a-454f-bd8e-dd095713f4b2,1540156517079,1540156517433,354
660e6566-7dcc-410a-bd19-753cf55d80dd,1540156560666,1540156560985,319
f7f4476d-b25e-4d43-aa4a-9849276810b0,1540156566082,1540156566391,309
e89ef0bd-f681-46cc-8a3c-0f9c1e030f3b,1540156538594,1540156539034,440
38b0d54a-e82f-4d78-9c80-3c9772509972,1540156528235,1540156528551,316
60f07641-3b58-4f21-9ce7-e9a25e0cc17c,1540156563953,1540156564265,312
f604ab68-6667-4085-915a-f171fd20a6c3,1540156562190,1540156562654,464
d368974c-24c4-4764-850f-9b1f2d0e2c8a,1540156511047,1540156511415,368
99e01973-e7d5-4395-868e-358fcccc1415,1540156515034,1540156515369,335
eeea283b-c8f4-4e33-be5c-a965d468be87,1540156525725,1540156526024,299
7d96e59a-217a-4741-a442-6533b2427546,1540156579164,1540156579484,320
5f304230-4541-4d32-b39d-4435d58413dd,1540156513114,1540156513488,374
4beb7928-9d96-4ef4-9cd2-c6bd2fab1d3a,1540156533472,1540156533879,407
32523b30-7f9b-4200-ba83-7b75cdb03411,1540156579423,1540156579754,331
cc122c3f-e573-420a-81ac-55a9232a09e6,1540156534438,1540156534758,320
b5a7be84-07e0-4334-9654-4a15fc236135,1540156545823,1540156546141,318
8df09cd6-1567-4d15-9f92-bc6be83080b1,1540156530800,1540156531102,302
fd3bd1b1-a0d6-4ce1-976a-9658f5018998,1540156541779,1540156542134,355
0abe9400-6b0a-4213-be16-f077263ce3a6,1540156586066,1540156586742,676
28e65961-2ea1-4dff-b807-f419f2f1c485,1540156505078,1540156505457,379
581222f2-3c2b-4478-b022-b7a92e794cf2,1540156519265,1540156519690,425
4f49e5fa-5d78-457e-92a2-8458a19b8f1d,1540156555901,1540156556254,353
86b80f02-b8e1-4342-8f9e-ca96d7bf3685,1540156513731,1540156514048,317
6cb54c40-27b8-492b-9f56-19e4e9539be5,1540156549299,1540156549645,346
7a3f1623-7268-45d9-a6cc-b676845382ef,1540156502056,1540156502345,289
ce01c4c5-d248-4d25-a15d-fb4054e5fa18,1540156527341,1540156527701,360
e698d66b-177b-4992-b608-da1355f3d9ff,1540156556403,1540156556702,299
48c5b6ff-9740-4bb2-9caf-a6532b476dfc,1540156534005,1540156534360,355
9d6919ca-7cac-45f1-958a-3bb206c7f890,1540156540864,1540156541288,424
843a0cdf-3bb0-4cae-849e-a9eb996a7201,1540156575623,1540156576039,416
1243898a-efc6-482b-8fe9-87f51be776fa,1540156507881,1540156508246,365
2c23f30b-8fca-4d42-87f9-7fe6d11fea5c,1540156574468,1540156574815,347
2b5094e6-cd01-439b-9ffe-3b9f77673176,1540156582181,1540156582586,405
57e04ea1-57e1-4f96-bb2b-ee389c564e7e,1540156594033,1540156594348,315
2249586f-c592-4127-9d96-57b7ed3d6b5e,1540156535533,1540156536052,519
0cb4f7a1-4241-4797-9b42-a96deff52812,1540156564626,1540156565024,398
bd5708ba-10b0-46d2-ba8b-4e85a18ec187,1540156594122,1540156594422,300
3c2be7e1-7fd7-4811-9ed8-9e9724125fb0,1540156515116,1540156515536,420
2d07996d-0e1a-4055-8e86-f415d42d9296,1540156502610,1540156502983,373
3bbf77fa-e0fb-4aa7-83dc-be6073add6f7,1540156523859,1540156524297,438
3094f7b8-acf0-4049-838c-63e76248aa60,1540156512580,1540156513065,485
0ba7d9a0-8b50-4bf6-ac43-f2a4266dcfb0,1540156531903,1540156532381,478
03dfe59b-2749-46ce-81ec-99ea9e80bc27,1540156569145,1540156569457,312
ca30d317-7fc5-487f-bb8f-01e2c9c181b1,1540156506597,1540156506885,288
c765d033-3a7e-4c3a-afd9-658064156901,1540156525813,1540156526166,353
bb555b02-858d-4b0d-b034-d8bd5fae3447,1540156594891,1540156595234,343
9add24f4-bdad-43e5-8f72-a3255602f203,1540156548177,1540156548550,373

Average Response Time:,371.0
Minimum Response Time:,235
Maximum Response Time:,4823
TPS (Transfers/second):,10
Standard Deviation:,181.71480126836119

Total Time elapsed:,96883
Number of successful transfers:,1000
Number of transfers with response time >1second:,3
