633e8f82-96e4-4d82-b029-6c4e95a1c4fb,1537475505015
6817ad7d-a2f0-441d-97a1-150bada2ec95,1537475505015
359eb0a8-dcdc-43ea-afec-95e8b12b2635,1537475505015
7a16fb64-5570-4dbb-a552-0fba2f5825d6,1537475505015
0259f3c8-1dd1-47c1-b90d-965601fdb3ab,1537475505015
07057308-03c5-4cf7-8615-72033414ccb6,1537475505015
683318eb-d525-439b-83f0-061bc9e7990c,1537475505015
f6cf31fb-02a4-4252-b7db-0f5502099442,1537475505015
b376b1cb-a92d-4430-a20a-b70961da5be1,1537475505015
1bde6d99-8bc1-4ccc-b202-d1163ceea6d7,1537475505015
ea87a33f-cc61-4d1d-a3f0-bfc7b23545a1,1537475505015
114e8a94-6214-4acf-8c68-0165bc35adfb,1537475505015
7995abf1-8e84-4033-9c6c-2c3fdbd72fe0,1537475505015
07ac4bec-76d6-4f71-8188-8ada0f5bf2ba,1537475505015
8739e0e0-eb6b-4be0-8d31-0cf6e04b3ae9,1537475505015
3a09f0e6-5f63-4440-b9c2-c0e14ff6a655,1537475505015
1dbe2d08-a722-4b75-b942-bb8266841f78,1537475505015
ddf2766d-06eb-4647-88e2-4f6d70b0d100,1537475505015
26e82bde-7b32-407d-9bc0-6d04a1bede52,1537475505015
6e8662c7-f411-4fe1-a81a-211e85bbcabd,1537475505015
1ef8b809-c3ec-448c-b046-fd935a0cef49,1537475505015
c81eaeff-9a66-489c-88ba-d77897b15c7e,1537475505015
17ff4956-935d-4231-a959-13e23acc3dcc,1537475505015
db7b37b7-535c-4048-b822-2767274de6d3,1537475505015
d537546e-1ffe-4931-9bb5-84a40c5461bc,1537475505015
ee5c5753-0792-4436-9b88-027659f48f5f,1537475505015
ec91cc7f-a246-4d27-b7ce-d2dc6fd9b6ce,1537475505015
7d591681-03b4-4ea4-8006-5b9c2d81da30,1537475505015
ec05aa60-ba93-4603-931c-6bcc1556f5c0,1537475505015
81b1aaca-d8a2-4b27-ad99-7f31fe50bfb9,1537475505015
f98bc084-abd7-4293-af3a-155ff2e90702,1537475505015
d09f6a9b-7103-4d51-b793-dcf333a8d23f,1537475505015
6412cfbe-026f-4d16-8964-707ec4a8a171,1537475505015
9ff2b311-771d-4c71-ba72-64b1849855b4,1537475505015
b6ad5735-e2c4-49c5-8fd6-30ee11229be5,1537475505015
5effb7a0-282c-46fb-ab16-8dea9981ae04,1537475505015
3d2d2a68-3f4a-4492-b1b6-206f195d8267,1537475505015
11704749-ce81-44e8-b076-eea6c14af27e,1537475505015
d21c189b-e718-4afd-86c9-b14ea59d8567,1537475505015
dcfa4f28-49de-497a-b432-42f1c6ef78b0,1537475505015
63b68429-e78f-4b78-9a72-e31777c2b91f,1537475505015
880dcac8-b61e-4136-bf22-d4ef91a76f19,1537475505015
0e322e03-f296-4a9d-af20-28f5e0aadf9d,1537475505015
405abbc1-ad2b-4ac0-9943-61dbe19deaf2,1537475505015
6c33d2aa-c9c6-48e6-8904-dd5f24454ccd,1537475505015
c83f671e-7642-4833-81c4-66c6fb55736b,1537475505015
91ad7406-126f-478d-b42d-55b5e8eb2466,1537475505015
07c937e0-b198-4318-98e5-3b1e12454453,1537475505015
1ae7e3ac-afe4-429d-af82-ab9802d1d9b0,1537475505015
064a80dd-9afc-4501-ad17-6293595102bb,1537475505015
24386ad7-692e-4f99-8b63-bcf5183c32fe,1537475505015
6450baed-5247-4c57-beab-12a8c7b1c09a,1537475505015
045f0937-194c-41e9-bfa0-fcbe77b722f9,1537475505015
2ca029b0-e927-4bf5-a1a3-4e8f6a5dcea9,1537475505015
0f176db2-1ecb-4df9-84e5-255e838803a0,1537475505015
766349e6-0d54-457f-8b13-b4509f724169,1537475505015
57efb9c6-3efd-42ab-a3e3-25e6032bc6c5,1537475505015
bbf809fc-b1b6-4e6f-a295-f95ee5012e4a,1537475505015
7cd7d97e-7d5f-482a-bc45-4dfe95f82553,1537475505015
dbdbcce5-34d2-4c56-80be-edfe3fae16f3,1537475505015
78947bc8-2629-4e5e-be70-abcb90685c45,1537475505015
014cea4e-f6e6-454c-bd18-b9beddb299a6,1537475505015
923aedcd-c77f-4e67-ab43-ec0808740278,1537475505015
bf13f0d6-2a6b-448f-a457-6a34f511da7d,1537475505015
982f2ecf-0c26-41d6-9bfa-871ad31dad16,1537475505015
dcc3f29e-9dbe-4ab9-99bb-c8083c22cf26,1537475505015
e81ddf91-121c-46cf-b58e-0bdbe50b379e,1537475505015
3f9c197e-9daf-4620-9ab0-2338522a2049,1537475505015
ee1a03e9-e7a3-4f2d-92a2-3878d2fefbdd,1537475505015
8154eed7-7234-40e5-90e2-101c2bc2f054,1537475505015
08f58fa8-4924-4cc9-ba01-e719e472cd5d,1537475505015
ae4c59cc-c523-4f6d-ac3c-d109b805e595,1537475505015
ca61a5dd-f8d1-415e-b4f2-661611c27e51,1537475505015
d7854806-e61d-46fe-82c6-6c820545cb23,1537475505015
18e72cf5-a55a-4566-b6d2-9364ba300db9,1537475505015
4f15dcbb-4a30-40fc-b780-90f78f9f4cb6,1537475505015
0a157851-f5f9-4b41-b930-f71480305410,1537475505015
bd10f244-88e6-4f42-8c3b-08435a3422d6,1537475505015
5cfc59c2-f395-43a8-9f81-b96bce9e9a41,1537475505015
72f763eb-5451-45c2-b7e1-9d3c5b3b7039,1537475505015
6baaf994-576d-4052-adfc-bc745d8fa270,1537475505015
2cc9ea22-ee2a-4e53-aff3-0ba20a46d4b8,1537475505015
e801d03d-df04-4ce8-be71-37984698d34b,1537475505015
c6f194ca-caa1-4367-8185-977bdc8bf8a8,1537475505015
2f08594a-89af-4cb6-98e4-77fb91cb2166,1537475505015
5e81da91-366a-4ba7-8a44-537721d9877d,1537475505015
40f00fa9-3b74-49f8-ba7a-785fcd9777e0,1537475505015
8661f801-298f-4d02-b195-2bfd66b531ff,1537475505015
646a92dc-a760-4e3a-851a-b7b51671917d,1537475505015
d3471f9f-7fe1-4336-ac37-eafcbd53a9d6,1537475505015
a75a605d-c65c-46ec-8453-db930eb3e42c,1537475505015
1d5fe948-0ac4-40d2-8b55-9de92e136e1a,1537475505015
34d45392-4c27-4940-a2b2-12e52b46f9fb,1537475505015
8d90a1e3-8bbf-4356-b508-a7df6798513b,1537475505015
c4fd4910-83b3-43c8-8eca-7ac403c53c00,1537475505015
bf990a7e-db2d-4b2c-a048-ec6045f32434,1537475505015
170fde0e-c1f2-4468-ba8a-f2d758f3d96a,1537475505015
5858301f-f7a5-4a1a-bbd2-3b19307853b4,1537475505015
70bd914a-d8f5-42c6-832f-4e5fe1833c2b,1537475505015
b1c4e144-6c9f-48f9-a29f-2d29d830b8a1,1537475505015
